Date,600519.SS,000858.SZ,601318.SS,600036.SS,600900.SS,600276.SS,601012.SS,300750.SZ,600887.SS,002415.SZ,CSI300,MKT,SMB,HML,RF
2022-01-04,2051.23,223.56,51.0,48.35,22.84,50.39,84.86,568.88,40.7,52.41,4917.77,-0.0027,-0.0081,0.0364,0.0
2022-01-05,2024.0,223.75,52.07,49.05,22.79,50.92,81.47,547.5,41.7,51.33,4868.12,-0.0226,-0.0146,0.0258,0.0
2022-01-06,1982.22,219.48,51.3,48.15,22.01,50.11,80.55,541.47,39.98,49.97,4818.23,0.0,0.0021,0.0176,0.0
2022-01-07,1942.0,217.66,52.94,49.05,22.16,50.88,80.27,539.9,40.13,49.87,4822.37,-0.0049,-0.0132,0.0202,0.0
2022-01-10,1966.0,214.96,53.08,49.23,22.4,51.12,79.7,538.4,41.03,50.28,4844.05,-0.0014,-0.0024,-0.0026,0.0
2022-01-11,1940.55,213.36,52.86,49.85,22.5,50.18,77.98,536.7,39.82,49.7,4797.77,0.0108,-0.0009,-0.0027,0.0
2022-01-12,1967.0,217.92,52.5,49.76,22.27,49.59,80.2,565.04,39.92,49.25,4845.58,0.0013,-0.0089,0.0052,0.0
2022-01-13,1877.39,208.9,52.3,49.34,22.36,47.48,79.25,565.0,39.0,48.12,4765.92,-0.0155,0.0032,0.0239,0.0
2022-01-14,1867.0,207.2,51.1,48.02,22.45,46.65,79.25,577.4,38.86,48.3,4726.73,0.0008,0.0018,0.0055,0.0
2022-01-17,1861.61,208.84,50.94,48.58,22.62,46.41,81.01,606.85,39.16,49.0,4767.28,0.0008,0.0018,0.0055,0.0
2022-01-18,1892.27,211.49,51.23,49.01,22.86,46.21,79.51,586.8,39.42,50.73,4813.35,-0.0206,-0.0104,0.0138,0.0
2022-01-19,1912.0,210.8,51.45,49.7,22.95,45.73,78.51,569.99,39.31,50.16,4780.38,-0.0102,-0.0032,-0.0067,0.0
2022-01-20,1969.52,213.22,53.4,51.37,23.08,45.69,78.2,569.13,40.06,49.75,4823.51,-0.0115,-0.0086,-0.0023,0.0
2022-01-21,1984.99,217.26,53.55,51.82,22.98,44.94,76.0,569.49,40.06,49.49,4779.31,-0.0209,0.0028,0.0046999999999999,0.0
2022-01-24,1950.2,215.07,53.13,51.85,22.85,43.29,76.54,580.99,39.4,48.99,4786.74,0.0053,0.0181,-0.0025,0.0
2022-01-25,1943.0,208.36,51.2,50.9,22.44,42.82,74.45,565.6,38.66,48.25,4678.45,-0.0141999999999999,-0.0060999999999999,0.0279999999999999,0.0
2022-01-26,1955.0,206.05,51.83,51.0,22.57,42.09,77.31,587.5,38.88,49.23,4712.31,-0.0029,-0.0107,0.001,0.0
2022-01-27,1965.0,203.4,50.79,50.77,22.38,41.09,74.43,574.99,38.12,48.23,4619.88,-0.0076,-0.0165,0.0083,0.0
2022-01-28,1887.0,198.38,49.97,49.21,21.92,40.95,70.11,592.6,38.07,47.46,4563.77,0.0246,-0.0015,-0.0208,0.0
2022-02-07,1867.96,195.62,51.98,51.35,22.39,41.14,73.22,579.44,38.76,45.91,4634.09,-0.0024,0.0055,0.002,0.0
2022-02-08,1839.0,190.0,53.0,51.71,23.22,41.72,71.86,540.86,38.65,46.24,4608.77,0.0102,0.0067,-0.0029,0.0
2022-02-09,1895.98,195.98,53.04,51.62,23.33,42.01,71.18,547.2,39.93,46.98,4652.06,0.016,0.0024,-0.0196,0.0
2022-02-10,1873.0,193.04,54.18,51.71,23.78,41.57,68.5,518.1,40.01,46.99,4639.86,-0.0169,-0.0014,0.0123,0.0
2022-02-11,1849.97,194.27,55.59,52.76,23.74,41.26,65.15,489.99,39.83,46.0,4601.4,-0.0191,0.0060999999999999,0.0213,0.0
2022-02-14,1868.67,198.01,53.9,51.2,23.39,39.75,65.33,508.0,40.0,45.8,4551.69,-0.0034999999999999,0.0022,-0.0062,0.0
2022-02-15,1890.62,199.8,53.28,50.22,23.1,41.2,68.57,527.0,39.88,46.21,4600.1,0.0185,0.0131,-0.0139999999999999,0.0
2022-02-16,1892.55,199.41,53.84,51.07,23.09,40.57,68.07,530.8,40.29,45.99,4617.99,-0.0002,-0.001,0.0032,0.0
2022-02-17,1886.99,197.44,53.65,51.46,23.24,40.61,69.5,535.0,40.43,46.09,4629.16,-0.0229,-0.003,0.0115,0.0
2022-02-18,1907.0,199.0,54.5,52.06,23.23,40.96,68.55,527.5,40.56,46.5,4651.24,-0.0085,-0.0009,0.0095,0.0
2022-02-21,1876.99,199.2,54.16,51.76,23.05,40.93,68.3,510.0,41.01,47.67,4634.31,-0.0085,-0.0009,0.0095,0.0
2022-02-22,1807.87,193.4,53.07,51.22,22.84,40.11,69.09,504.0,40.49,46.83,4574.15,-0.0116999999999999,-0.0048,0.0009,0.0
2022-02-23,1827.01,196.2,52.89,50.83,22.8,40.9,72.0,519.0,40.24,48.9,4623.05,-0.0195,-0.002,0.0125,0.0
2022-02-24,1764.11,188.69,51.46,50.02,22.66,39.68,73.05,507.7,39.52,47.99,4529.32,0.0187,0.015,-0.0388,0.0
2022-02-25,1799.06,190.48,51.4,49.81,22.75,40.11,74.56,528.8,39.5,48.25,4573.42,0.0224,-0.0042,0.0118999999999999,0.0
2022-02-28,1790.4,190.0,50.76,49.8,23.18,40.08,77.67,533.36,39.52,48.2,4581.65,0.0003,0.0063,-0.0046,0.0
2022-03-01,1858.48,193.19,51.39,50.24,23.27,41.06,80.05,536.18,39.5,47.52,4619.69,-0.0155,-0.0011,-0.0085,0.0
2022-03-02,1844.88,189.2,50.76,49.47,23.57,40.61,80.05,513.84,39.24,47.2,4578.6,0.0182,0.0046,0.013,0.0
2022-03-03,1800.0,182.07,50.92,49.73,23.95,40.15,78.49,512.99,39.33,46.81,4551.63,-0.0086,-0.0056999999999999,0.0151,0.0
2022-03-04,1780.5,176.37,50.1,48.7,23.95,39.78,77.8,491.79,39.35,45.77,4496.43,-0.0109,-0.0067,0.0072,0.0
2022-03-07,1707.0,166.0,48.88,46.76,23.82,37.55,76.8,454.89,37.55,43.9,4352.78,-0.0314,0.0058,0.0089,0.0
2022-03-08,1753.2,166.25,47.47,45.48,23.2,36.68,77.74,455.45,36.68,43.6,4265.39,-0.0053,0.0103,0.003,0.0
2022-03-09,1779.18,162.88,46.92,44.39,22.98,36.04,78.15,473.47,36.63,43.01,4226.35,0.0279,0.0036,-0.0217,0.0
2022-03-10,1794.43,172.15,46.91,44.7,22.71,36.17,81.74,490.81,36.75,44.0,4292.84,-0.0046999999999999,0.0011,0.0118,0.0
2022-03-11,1769.01,171.77,47.14,44.45,22.6,37.62,80.51,493.55,38.3,45.28,4306.52,-0.0148,-0.0044,0.0176,0.0
2022-03-14,1700.0,166.27,45.81,42.15,22.5,37.4,79.68,463.0,37.26,42.98,4174.76,-0.0104,-0.0134,0.0179,0.0
2022-03-15,1603.0,157.15,42.65,39.45,21.15,36.13,77.4,463.2,35.4,41.24,3983.81,0.0215,-0.0015,-0.0237,0.0
2022-03-16,1674.95,164.8,44.29,42.58,22.38,36.74,81.0,503.1,37.12,41.95,4156.08,0.026,0.008,-0.0185,0.0
2022-03-17,1720.15,168.24,45.5,44.51,21.9,37.42,80.72,524.5,37.2,43.88,4237.7,0.0141999999999999,0.0029,-0.0106,0.0
2022-03-18,1707.79,167.9,47.93,46.17,21.78,37.5,80.68,510.5,37.8,43.37,4265.9,0.0132,0.0028,-0.0187,0.0
2022-03-21,1704.3,165.71,47.04,44.81,21.65,37.3,82.59,520.0,37.0,42.4,4258.75,-0.0017,-0.0112,0.0163999999999999,0.0
2022-03-22,1695.0,164.3,47.8,45.53,22.04,36.94,80.49,513.0,37.12,42.42,4255.3,0.013,0.0005,-0.0118999999999999,0.0
2022-03-23,1752.19,165.94,47.9,45.76,21.89,37.36,80.5,515.29,36.82,43.15,4276.52,-0.0125,-0.0064,0.004,0.0
2022-03-24,1720.93,161.36,48.25,45.77,21.57,37.64,78.81,514.0,36.5,41.97,4251.31,0.0141999999999999,-0.0008,-0.0081999999999999,0.0
2022-03-25,1690.0,157.19,47.63,45.18,21.31,36.37,75.9,502.07,35.75,41.06,4174.57,0.0028,-0.0059,0.0219,0.0
2022-03-28,1660.8,151.2,47.85,45.05,21.75,35.9,75.85,487.0,36.03,40.0,4148.47,0.0073,-0.0056,-0.0172,0.0
2022-03-29,1667.0,149.18,47.21,45.01,21.81,35.92,74.34,486.9,35.7,40.0,4134.14,0.0143,0.0153,-0.0192,0.0
2022-03-30,1730.1,156.95,48.7,46.23,21.9,37.42,75.39,519.0,36.94,41.2,4254.1,-0.0081999999999999,-0.0129,0.004,0.0
2022-03-31,1719.0,155.06,48.45,46.8,22.0,36.82,72.19,512.3,36.89,41.0,4222.6,-0.0154,0.0072,-0.0045,0.0
2022-04-01,1780.01,159.9,48.96,47.1,22.22,36.78,72.6,518.9,37.34,41.21,4276.16,0.0039,0.0069999999999999,-0.0060999999999999,0.0
2022-04-06,1765.0,160.01,49.54,47.39,22.36,36.25,68.6,508.17,37.2,40.94,4263.84,-0.0123,-0.0066,0.0108,0.0
2022-04-07,1765.0,160.45,48.48,46.86,22.67,35.32,68.83,495.22,36.81,40.2,4209.1,0.0034,-0.0060999999999999,-0.0012,0.0
2022-04-08,1784.0,160.59,49.24,47.18,23.2,33.93,67.9,495.0,36.96,39.4,4230.77,-0.0038,-0.0098999999999999,0.0227,0.0
2022-04-11,1720.0,153.66,47.62,45.9,22.94,32.8,65.82,459.0,36.52,37.36,4100.07,-0.0154,0.0029,0.0105,0.0
2022-04-12,1782.0,163.88,48.47,45.7,23.04,33.67,66.86,472.0,37.45,38.3,4179.97,-0.0029,0.0054,0.0046999999999999,0.0
2022-04-13,1769.0,162.32,47.82,45.75,23.09,33.64,66.69,466.0,37.68,38.67,4139.74,0.0139,0.0092,-0.0070999999999999,0.0
2022-04-14,1809.0,171.57,48.19,45.76,23.24,33.82,67.03,459.8,38.7,39.58,4191.57,-0.0128,0.0002,0.0143,0.0
2022-04-15,1805.99,169.9,48.3,46.83,23.4,34.09,66.4,450.86,38.61,39.93,4188.75,-0.0128,0.0002,0.0143,0.0
2022-04-18,1790.82,167.18,47.0,43.39,22.95,33.96,69.2,451.0,38.33,41.74,4166.38,-0.0019,-0.0081,0.018,0.0
2022-04-19,1790.3,165.0,46.44,42.1,23.19,33.11,69.1,440.26,38.15,41.52,4134.9,0.0176,0.0059,-0.0097,0.0
2022-04-20,1797.0,165.9,45.91,41.1,23.35,34.32,66.8,407.0,38.83,41.55,4070.79,-0.0027,0.002,0.0126,0.0
2022-04-21,1779.98,162.58,46.22,41.28,23.54,33.17,62.58,409.11,38.43,40.81,3995.83,-0.0173,-0.0073,0.0040999999999999,0.0
2022-04-22,1773.0,165.43,46.46,42.5,23.69,33.0,62.0,415.34,38.35,40.8,4013.25,-0.0274,0.0033,-0.0018,0.0
2022-04-25,1708.0,155.0,44.85,38.83,22.92,29.7,56.61,390.1,37.33,39.5,3814.91,0.0069999999999999,0.0044,-0.0186,0.0
2022-04-26,1732.48,158.5,43.59,38.41,23.19,27.74,57.17,377.0,37.87,39.51,3784.12,-0.0299,-0.0068,0.018,0.0
2022-04-27,1794.92,161.39,43.91,38.04,22.88,28.06,61.3,407.05,39.0,41.5,3895.54,0.0013,-0.0060999999999999,0.0034,0.0
2022-04-28,1835.0,165.85,43.66,39.62,23.01,28.45,64.58,387.5,38.06,40.87,3921.11,0.0245,-0.0019,-0.0042,0.0
2022-04-29,1828.38,162.13,44.56,39.93,22.72,29.48,67.96,409.35,38.47,42.49,4016.24,-0.0354,0.0074,0.0060999999999999,0.0
2022-05-05,1837.0,161.54,45.02,39.26,23.08,29.68,69.08,376.0,38.72,38.24,4010.21,-0.038,-0.0079,0.0237,0.0
2022-05-06,1793.0,157.06,44.06,37.91,22.72,29.34,67.03,375.99,37.77,34.8,3908.82,-0.0085,-0.0134,0.0184,0.0
2022-05-09,1752.0,154.78,44.35,36.47,22.34,29.3,69.33,368.5,37.84,34.88,3877.44,-0.0352,-0.0051,0.0133,0.0
2022-05-10,1766.19,155.33,44.47,36.98,22.84,29.39,68.42,379.17,39.05,34.45,3919.87,0.0022,-0.0022,-0.0121999999999999,0.0
2022-05-11,1768.0,157.51,44.73,37.21,22.55,29.95,71.4,409.75,38.7,35.43,3976.42,-0.0192999999999999,-0.0113,0.0260999999999999,0.0
2022-05-12,1762.67,158.08,44.0,36.61,22.31,30.03,69.78,403.51,38.77,34.16,3958.74,0.0015,0.0129,-0.0123,0.0
2022-05-13,1778.24,156.94,43.96,37.15,23.23,29.98,69.76,414.8,38.45,32.08,3988.6,0.0274,0.0088,-0.0218,0.0
2022-05-16,1758.0,155.18,43.36,36.89,22.99,29.43,68.0,407.01,37.32,32.66,3956.54,-0.0059,-0.002,0.0131,0.0
2022-05-17,1768.0,156.15,43.82,38.6,23.0,29.46,70.31,422.56,37.62,32.19,4005.89,0.0213,0.0096,-0.0005,0.0
2022-05-18,1761.0,154.58,43.63,38.5,22.78,29.38,70.77,419.0,37.71,33.3,3991.91,-0.0406,0.0021,0.0154,0.0
2022-05-19,1756.0,153.52,43.29,38.03,23.28,29.25,75.17,419.0,36.93,33.08,3999.6,-0.0034,0.0049,-0.008,0.0
2022-05-20,1800.01,162.47,44.31,39.96,23.3,30.24,76.68,426.9,37.68,33.4,4077.6,-0.0005,-0.0011,-0.0019,0.0
2022-05-23,1781.0,159.43,43.89,39.49,22.9,30.1,75.9,416.7,37.18,33.52,4053.98,0.0175,-0.0106,0.0131,0.0
2022-05-24,1760.0,156.57,43.14,38.9,22.89,28.61,73.43,402.04,37.1,32.16,3959.15,-0.0121,-0.0092,0.0183,0.0
2022-05-25,1755.51,157.45,43.23,38.78,23.21,28.93,73.98,398.98,37.14,32.41,3983.18,0.0121,0.0079,0.002,0.0
2022-05-26,1742.8,157.22,43.15,38.43,23.8,29.04,75.1,390.01,37.37,31.99,3993.04,0.0218,0.0019,-0.0060999999999999,0.0
2022-05-27,1755.16,157.95,43.53,39.12,23.72,29.78,75.12,394.4,37.59,32.53,4001.3,0.0258,0.0036,-0.0128,0.0
2022-05-30,1778.41,166.18,44.15,39.07,23.74,29.71,76.31,401.8,37.67,32.99,4029.02,0.0258,0.0036,-0.0128,0.0
2022-05-31,1804.03,171.4,44.2,39.69,24.02,30.32,79.2,408.0,38.0,33.4,4091.52,-0.0070999999999999,-0.005,0.0046,0.0
2022-06-01,1788.25,170.41,44.17,39.69,24.23,29.98,78.7,425.03,36.6,33.45,4083.18,-0.0074,0.002,0.008,0.0
2022-06-02,1786.0,169.75,44.0,38.92,23.92,29.84,79.98,436.8,36.16,32.99,4089.57,0.0208,0.0084,-0.0208,0.0
2022-06-06,1788.0,172.94,44.26,38.97,24.13,30.53,60.62,465.99,36.16,34.86,4166.09,0.0033,-0.0002,0.0066,0.0
2022-06-07,1817.9,174.12,44.15,39.35,23.67,31.19,60.63,459.0,36.38,34.89,4179.13,0.01,0.0033,-0.0015,0.0
2022-06-08,1865.6,178.13,44.59,39.53,23.77,32.09,60.21,460.0,37.11,35.69,4219.81,-0.0102,-0.0009,-0.0052,0.0
2022-06-09,1853.0,176.01,44.62,40.29,23.71,30.95,60.98,431.35,37.03,34.62,4175.67,-0.0243,0.0032,0.0026,0.0
2022-06-10,1900.6,177.42,44.94,40.12,24.02,31.56,61.06,454.0,37.33,34.71,4238.99,-0.03,0.0009,0.0066,0.0
2022-06-13,1856.0,172.51,44.14,38.57,23.28,31.3,60.74,443.03,37.07,34.24,4189.35,-0.0412,-0.0065,0.006,0.0
2022-06-14,1871.0,173.8,45.22,39.24,24.0,31.62,59.33,441.82,37.76,34.25,4222.31,-0.0026,0.0022,0.0011,0.0
2022-06-15,1875.1,177.28,47.65,40.48,23.67,32.6,58.5,465.66,38.07,35.59,4278.22,0.0155,0.0028,-0.0167,0.0
2022-06-16,1877.0,177.6,46.5,39.96,23.23,32.61,59.95,460.3,38.06,35.09,4250.06,-0.0352,-0.0118,0.0,0.0
2022-06-17,1951.0,181.18,47.03,39.85,23.6,33.37,60.85,486.06,38.29,34.55,4309.04,0.0045,0.0111,-0.0268,0.0
2022-06-20,1942.02,183.49,45.36,39.7,23.13,33.46,60.77,506.52,37.9,35.22,4330.43,0.0045,0.0111,-0.0268,0.0
2022-06-21,1945.74,181.66,46.13,40.33,23.15,33.01,60.95,507.85,37.74,36.28,4325.57,0.0237999999999999,-0.0076,0.0024,0.0
2022-06-22,1936.0,178.07,45.4,39.31,23.2,32.64,61.35,507.0,37.44,35.06,4270.62,-0.0019,0.002,-0.0182,0.0
2022-06-23,1957.1,180.4,46.25,40.14,23.1,32.93,61.8,536.97,37.6,35.32,4343.88,0.0112,0.008,-0.0389,0.0
2022-06-24,2009.01,185.0,46.76,40.2,23.37,33.52,64.35,563.5,38.0,35.69,4394.77,0.0313,-0.0039,-0.0001,0.0
2022-06-27,2010.55,193.0,46.8,41.25,23.31,35.56,64.58,549.0,38.7,35.88,4444.26,-0.0027,0.0056,0.0125,0.0
2022-06-28,2036.0,199.65,46.9,41.28,23.11,35.66,67.6,544.0,38.8,36.63,4490.52,-0.0209,-0.0036,0.024,0.0
2022-06-29,2030.0,192.0,46.79,41.01,23.15,35.52,64.16,532.54,38.05,36.2,4421.36,-0.0019,-0.0044,-0.0133,0.0
2022-06-30,2045.0,201.93,46.69,42.2,23.12,37.09,66.63,534.0,38.95,36.2,4485.01,-0.0096,0.0040999999999999,-0.0014,0.0
2022-07-01,2029.05,203.0,46.31,41.38,24.32,38.94,64.89,522.64,38.44,35.8,4466.72,0.0115,0.0003,0.0012,0.0
2022-07-04,2018.0,201.04,46.46,41.05,24.35,41.17,64.37,522.0,37.82,35.59,4496.03,0.0115,0.0003,0.0012,0.0
2022-07-05,2033.01,198.61,46.61,40.98,24.24,40.51,64.15,523.87,37.38,36.29,4489.54,0.0048,0.0183,-0.0334,0.0
2022-07-06,2002.0,194.74,45.85,39.8,24.06,39.42,63.5,522.0,37.02,34.95,4423.97,0.0017,-0.0075,-0.0076,0.0
2022-07-07,1990.0,191.59,45.6,39.75,24.1,38.65,64.3,550.0,36.62,33.97,4443.47,0.0176,0.0098,-0.0095,0.0
2022-07-08,1999.0,192.7,45.82,39.81,24.2,38.45,62.18,541.0,36.34,34.12,4428.78,-0.0007,0.0012,-0.0008,0.0
2022-07-11,1963.6,189.38,45.38,39.44,24.69,38.07,60.24,518.5,36.11,32.91,4354.62,-0.0138,-0.0132,0.0161,0.0
2022-07-12,1948.41,190.0,45.51,39.3,24.9,36.87,58.93,503.69,36.38,32.5,4313.62,-0.0089,0.0074,0.0052,0.0
2022-07-13,1958.89,193.1,45.08,37.9,24.97,36.98,61.57,539.0,35.96,32.81,4321.46,-0.0039,0.0044,-0.0040999999999999,0.0
2022-07-14,1953.0,190.13,43.6,36.48,24.86,38.53,61.91,556.01,36.09,32.74,4322.07,-0.0040999999999999,-0.0026,-0.0101,0.0
2022-07-15,1949.5,189.9,42.71,34.87,24.3,37.24,62.04,533.0,35.68,31.69,4248.53,0.0196,-0.0006,0.005,0.0
2022-07-18,1951.66,187.33,43.45,35.63,24.95,37.93,62.1,551.66,36.05,31.91,4292.59,-0.0070999999999999,0.0022,0.0101,0.0
2022-07-19,1943.1,188.9,43.4,35.71,25.05,37.64,60.15,524.61,36.16,31.87,4269.34,0.0281,0.0089,-0.0054,0.0
2022-07-20,1950.1,189.11,43.4,35.85,24.94,38.02,59.82,526.0,36.5,31.91,4283.8,0.0089,0.015,-0.0132,0.0
2022-07-21,1939.0,186.7,42.74,35.46,24.01,38.7,59.13,521.0,36.12,31.61,4236.06,0.0097,0.0001,-0.0161,0.0
2022-07-22,1947.0,185.91,43.05,35.59,24.13,39.0,60.14,532.0,36.28,31.43,4238.23,-0.0118,-0.0109,0.0139,0.0
2022-07-25,1944.65,188.08,42.92,35.85,24.1,38.48,58.81,521.75,36.61,32.32,4212.64,0.0012,-0.003,0.0165,0.0
2022-07-26,1950.21,190.99,43.2,36.33,24.1,36.17,59.65,522.0,36.58,32.31,4245.98,-0.0132,0.0009,0.0107,0.0
2022-07-27,1919.6,188.1,42.79,36.05,23.92,36.23,61.26,515.2,36.41,32.68,4225.04,0.0272,0.0049,-0.0127,0.0
2022-07-28,1898.0,187.12,42.72,35.78,23.9,36.1,61.18,515.6,36.77,32.73,4225.67,0.0118999999999999,0.0011,-0.0091,0.0
2022-07-29,1898.44,178.4,42.12,35.07,23.88,35.29,61.5,508.6,35.83,31.94,4170.1,0.0144999999999999,-0.0093999999999999,0.0045,0.0
2022-08-01,1890.3,178.58,41.84,34.52,23.78,35.18,61.21,534.92,35.84,31.79,4188.68,-0.002,0.0032,-0.0024,0.0001
2022-08-02,1879.98,175.66,41.17,33.91,23.62,34.2,59.59,523.87,35.3,30.51,4107.02,-0.005,0.0091,-0.0141,0.0001
2022-08-03,1885.0,174.59,40.83,33.06,23.44,34.7,56.86,504.0,35.16,30.87,4066.98,0.0167,0.0075,-0.0195,0.0001
2022-08-04,1916.01,176.78,41.08,33.66,23.85,36.71,55.76,500.9,35.58,31.23,4101.54,-0.0005,0.0084,-0.0165,0.0001
2022-08-05,1923.96,179.18,41.54,34.3,24.08,38.03,56.73,505.65,36.36,32.5,4156.91,-0.0004,0.0087,-0.0005,0.0001
2022-08-08,1911.53,177.91,41.18,33.91,24.14,38.09,56.55,501.5,36.34,32.53,4148.07,0.0,0.0093,-0.0009,0.0001
2022-08-09,1910.0,176.98,40.96,33.6,24.03,37.33,58.08,511.56,36.38,32.66,4156.29,-0.0067,-0.018,0.021,0.0001
2022-08-10,1876.0,174.0,40.4,33.15,23.89,36.85,57.74,503.98,35.95,32.79,4109.74,0.0235,0.0113999999999999,-0.0162,0.0001
2022-08-11,1906.9,177.91,41.46,34.36,24.0,37.43,58.0,510.0,36.5,33.33,4193.54,-0.0007,-0.0025,0.0167,0.0001
2022-08-12,1928.0,178.7,41.61,34.37,24.23,37.44,58.58,502.0,36.62,33.41,4191.15,0.0176,0.0065,-0.0079,0.0001
2022-08-15,1919.89,176.0,41.14,33.73,24.01,36.9,60.06,516.1,36.25,31.8,4185.68,0.0038,0.0014,-0.0060999999999999,0.0001
2022-08-16,1917.84,175.23,40.99,33.91,23.9,36.45,60.39,523.8,36.31,31.42,4177.84,0.0019,-0.0034,0.0069999999999999,0.0001
2022-08-17,1918.0,176.2,41.29,34.24,23.56,36.63,60.61,547.0,36.34,31.65,4216.96,-0.0092,-0.0116999999999999,0.0104,0.0001
2022-08-18,1895.5,173.43,40.81,33.72,23.4,36.04,60.93,544.8,36.0,31.3,4180.1,0.0027,0.0019,0.0045,0.0001
2022-08-19,1895.01,173.66,40.97,33.85,23.59,35.9,56.12,532.0,35.78,30.97,4151.07,-0.0149,-0.0116999999999999,0.0098,0.0001
2022-08-22,1893.98,171.5,41.15,33.62,23.48,35.04,53.41,551.53,35.87,30.99,4181.4,-0.0213,-0.0018,0.0034,0.0001
2022-08-23,1870.01,168.0,40.72,33.1,23.23,34.62,54.2,556.89,35.43,30.82,4161.08,-0.0011,0.0002,0.0031,0.0001
2022-08-24,1854.2,167.24,41.61,32.84,23.16,34.48,52.68,524.0,35.16,30.23,4082.42,0.0039,0.0065,-0.0062,0.0001
2022-08-25,1885.0,169.41,43.1,33.69,23.59,34.99,52.85,514.0,35.8,29.44,4116.24,0.0144999999999999,0.0017,-0.0001,0.0001
2022-08-26,1898.0,170.1,43.12,33.7,23.39,34.77,53.06,506.78,36.19,29.93,4107.55,-0.0337,-0.0055,0.0166,0.0001
2022-08-29,1878.82,165.35,43.07,33.28,23.3,34.23,53.41,502.0,35.95,29.95,4089.52,-0.0070999999999999,-0.0058,0.0044,0.0001
2022-08-30,1870.0,164.03,42.89,33.79,23.28,33.67,52.8,491.5,36.13,29.82,4075.79,-0.0111,-0.0025,-0.0022,0.0001
2022-08-31,1924.0,167.19,43.84,35.05,23.98,34.66,51.2,483.0,35.74,29.87,4078.84,-0.0075,0.0029,-0.0046,0.0001
2022-09-01,1880.89,163.56,43.65,34.5,23.91,34.34,51.65,467.54,34.55,29.7,4043.74,0.0,-0.0111,-0.0028,0.0001
2022-09-02,1875.0,161.84,43.7,34.32,23.82,33.9,50.95,466.26,33.9,29.5,4023.61,-0.0098999999999999,-0.0006,0.0103,0.0001
2022-09-05,1835.0,159.02,43.8,34.23,23.82,33.73,50.49,468.36,33.37,28.39,4015.43,-0.0098999999999999,-0.0006,0.0103,0.0001
2022-09-06,1845.0,160.53,43.9,33.62,23.75,33.88,53.16,455.2,33.63,28.87,4052.28,-0.0051,-0.0045,-0.0054,0.0001
2022-09-07,1818.01,158.94,43.6,33.38,23.57,33.43,53.46,473.92,33.22,28.55,4054.98,0.0192,0.0070999999999999,-0.0153,0.0001
2022-09-08,1815.0,159.07,43.84,33.3,23.65,33.73,53.39,449.5,33.27,28.65,4037.68,0.0078,-0.0008,-0.0018,0.0001
2022-09-09,1844.79,161.46,44.69,34.5,23.91,34.78,53.18,452.22,33.7,28.98,4093.79,0.0167,0.0052,-0.0051,0.0001
2022-09-13,1879.0,163.63,45.06,35.35,23.79,35.52,53.27,456.91,33.74,29.62,4111.11,-0.0429,-0.0017,0.0141,0.0001
2022-09-14,1869.0,162.4,44.65,34.86,23.7,35.68,52.55,434.3,33.6,29.25,4065.36,0.0044,-0.0002,-0.0032,0.0001
2022-09-15,1880.0,164.4,45.09,36.01,23.72,35.49,48.66,414.35,33.69,28.99,4027.12,-0.0104,0.0034,0.0060999999999999,0.0001
2022-09-16,1859.0,161.08,43.93,34.95,23.46,34.83,48.3,410.0,32.88,29.8,3932.68,-0.0098,-0.0084,0.0086,0.0001
2022-09-19,1871.64,163.02,43.93,35.09,23.48,34.69,48.12,413.67,32.9,29.65,3928.0,0.0072,-0.0016,0.0068,0.0001
2022-09-20,1878.0,165.79,43.24,34.54,23.42,34.13,50.04,421.01,32.66,30.23,3932.84,-0.0115,-0.0021,0.0003,0.0001
2022-09-21,1848.0,163.45,43.15,34.41,23.43,33.43,49.19,420.3,32.48,30.24,3903.73,-0.0168,0.0037,0.0006,0.0001
2022-09-22,1820.81,158.9,42.48,34.17,23.42,32.64,49.18,414.99,32.0,29.59,3869.34,-0.0113999999999999,-0.0134,0.0044,0.0001
2022-09-23,1834.43,159.13,43.02,34.36,23.33,32.93,48.54,417.34,32.45,29.05,3856.02,-0.0185,-0.0025,-0.008,0.0001
2022-09-26,1863.0,162.11,42.49,33.95,23.05,31.9,48.8,428.66,32.36,28.88,3836.68,-0.0102,0.0018,-0.0075,0.0001
2022-09-27,1888.0,170.83,42.44,33.9,22.7,33.65,48.99,429.5,33.22,29.45,3892.3,-0.0004,0.0065,-0.0097,0.0001
2022-09-28,1883.0,169.6,41.89,33.67,22.46,33.47,47.9,416.79,33.26,30.1,3828.71,0.0214,0.009,-0.0036,0.0001
2022-09-29,1880.35,168.51,41.32,33.15,22.4,34.97,50.08,419.0,33.3,30.41,3827.14,-0.0216,-0.005,0.0092,0.0001
2022-09-30,1872.5,169.23,41.58,33.65,22.74,35.1,47.91,400.89,32.98,30.42,3804.89,-0.0143,0.005,0.0027,0.0001
2022-10-10,1786.0,158.9,41.43,31.8,23.36,34.26,45.89,392.86,32.3,29.1,3720.94,-0.008,0.0005,0.0076,0.0001
2022-10-11,1779.99,158.59,41.2,31.4,23.42,34.1,46.51,416.3,32.36,29.3,3727.69,-0.0069999999999999,0.0055,0.0033,0.0001
2022-10-12,1760.0,156.6,41.92,30.95,23.21,33.25,48.38,437.83,32.56,29.37,3784.31,-0.0027,0.0007,0.0004,0.0001
2022-10-13,1699.99,153.57,41.36,29.89,23.04,34.54,47.0,432.0,32.56,29.5,3752.67,0.0241,-0.0062,0.0157,0.0001
2022-10-14,1737.61,159.12,41.94,31.08,22.96,37.99,51.22,436.91,32.81,30.28,3842.47,-0.0245,-0.0045,0.0123,0.0001
2022-10-17,1718.5,157.65,42.1,31.02,22.76,39.55,50.45,429.35,33.01,31.29,3846.41,0.0274,0.0069,-0.0141,0.0001
2022-10-18,1705.83,158.7,41.75,30.8,22.55,39.46,50.05,429.54,32.77,31.05,3838.27,0.0118999999999999,-0.001,-0.0002,0.0001
2022-10-19,1648.0,154.5,41.27,30.26,22.37,39.0,49.13,431.34,32.5,30.16,3776.53,-0.0087,-0.0133,0.0118999999999999,0.0001
2022-10-20,1643.5,154.15,40.01,30.07,22.34,39.18,47.18,415.0,30.3,30.45,3754.93,-0.008,-0.0028,-0.0045,0.0001
2022-10-21,1624.0,152.15,39.65,29.58,22.41,39.97,47.5,413.0,29.94,30.18,3742.89,0.023,-0.0019,0.0009,0.0001
2022-10-24,1501.28,143.23,37.7,28.02,21.83,38.98,45.88,404.02,28.9,29.6,3633.37,0.0103,-0.0070999999999999,0.0046999999999999,0.0001
2022-10-25,1479.75,142.12,37.72,28.19,22.01,38.12,48.7,401.7,29.15,29.02,3627.45,0.0178,0.0135,-0.0153,0.0001
2022-10-26,1464.08,143.4,37.67,27.93,22.01,39.72,49.93,401.06,29.1,29.36,3656.9,-0.0066,0.0042,0.0089,0.0001
2022-10-27,1401.0,137.1,37.66,27.94,20.99,39.72,50.35,390.3,28.76,29.87,3631.14,-0.0054,0.0033,0.0108,0.0001
2022-10-28,1360.0,137.5,36.73,27.18,20.68,38.95,49.25,365.5,25.88,28.4,3541.33,0.0233,-0.0003,-0.0034,0.0001
2022-10-31,1350.0,133.5,36.15,26.82,20.26,40.2,47.98,372.88,25.24,28.42,3508.7,-0.0068,0.0038,0.0073,0.0001
2022-11-01,1462.01,142.58,37.46,28.19,20.32,41.49,51.05,386.2,26.54,28.85,3634.17,-0.0034999999999999,0.0016,0.008,0.0001
2022-11-02,1471.96,143.62,37.4,28.42,20.46,41.98,51.56,391.5,27.34,29.3,3677.81,-0.0266999999999999,-0.012,0.016,0.0001
2022-11-03,1439.5,140.92,36.93,28.05,19.98,42.09,50.12,384.12,26.64,29.31,3647.9,-0.0103,0.0028,0.0028,0.0001
2022-11-04,1516.57,150.0,38.31,29.08,20.14,41.8,52.4,404.4,27.73,30.02,3767.17,0.0116,-0.0062,0.0128,0.0001
2022-11-07,1507.11,151.14,38.79,29.16,20.14,41.99,52.11,410.5,27.71,29.83,3775.3,0.0087,-0.005,0.006,0.0001
2022-11-08,1484.88,147.49,38.69,29.15,20.05,40.7,51.32,409.8,27.36,29.57,3749.33,0.0051,-0.0046999999999999,-0.004,0.0001
2022-11-09,1459.9,145.4,38.37,29.18,20.12,40.75,49.96,397.06,27.21,28.97,3714.27,-0.0224,-0.0063,0.0055,0.0001
2022-11-10,1475.0,145.76,38.46,29.19,20.0,40.19,48.36,385.3,27.71,28.68,3685.69,0.0567999999999999,0.0161,-0.0308999999999999,0.0001
2022-11-11,1528.15,150.02,40.33,31.24,20.45,39.22,48.34,402.48,28.42,29.81,3788.44,0.0106,0.0028,-0.0105,0.0001
2022-11-14,1533.0,150.3,41.6,33.14,20.17,40.76,47.35,387.18,28.36,30.59,3794.02,-0.0095,-0.0036,0.0034999999999999,0.0001
2022-11-15,1588.0,154.15,42.49,33.28,21.01,40.24,47.97,396.18,29.2,31.78,3865.97,0.0103,0.0069,-0.0073,0.0001
2022-11-16,1585.25,154.21,42.3,33.38,21.05,40.5,46.65,384.07,29.2,31.42,3834.39,-0.0102,-0.0123,0.0058,0.0001
2022-11-17,1567.0,152.6,42.56,32.31,21.26,40.4,46.47,375.12,29.24,31.57,3818.66,-0.0042,-0.0053,0.0056,0.0001
2022-11-18,1567.13,153.61,42.16,32.07,21.05,40.27,47.0,380.79,29.12,32.44,3801.57,0.004,-0.0016,0.0011,0.0001
2022-11-21,1519.98,148.93,41.21,31.87,21.09,40.79,47.75,382.4,28.74,32.54,3769.13,-0.0052,-0.0037,0.0098999999999999,0.0001
2022-11-22,1539.95,150.23,41.97,32.45,21.35,39.92,46.56,375.0,28.67,31.89,3769.57,0.0136,-0.0052,0.0044,0.0001
2022-11-23,1549.0,149.77,41.77,32.22,21.36,39.5,47.59,379.52,28.47,31.31,3773.53,0.0063,0.0002,-0.0093,0.0001
2022-11-24,1519.99,147.81,41.8,32.22,21.38,39.37,47.15,376.62,28.48,31.2,3756.81,0.0063,0.0002,-0.0093,0.0001
2022-11-25,1522.01,147.38,42.75,33.02,21.81,39.63,45.73,372.2,28.5,30.9,3775.78,-0.0003,0.0022,0.0043,0.0001
2022-11-28,1509.88,147.65,41.41,31.96,21.5,39.18,44.59,370.31,28.47,30.37,3733.24,-0.0155,-0.0042,-0.0019,0.0001
2022-11-29,1599.0,155.05,44.78,34.86,21.37,40.05,44.96,377.9,29.11,31.64,3848.42,-0.0018,0.001,0.0104,0.0001
2022-11-30,1599.0,156.86,44.95,34.96,21.22,39.83,45.78,385.0,28.85,31.51,3853.04,0.0312,0.0034999999999999,-0.0208,0.0001
2022-12-01,1630.8,164.59,44.83,35.0,21.21,40.47,47.01,395.25,29.91,32.05,3894.77,-0.0002,0.0024,-0.0069,0.0002
2022-12-02,1633.88,163.06,44.62,34.39,21.37,40.5,47.98,391.88,29.74,31.95,3870.95,-0.0008,0.0091,-0.0056,0.0002
2022-12-05,1664.9,168.51,47.28,36.1,21.55,39.88,46.36,392.31,30.64,33.43,3946.88,-0.0202,-0.006,-0.0054,0.0002
2022-12-06,1688.0,175.4,47.44,35.85,21.27,39.88,45.86,400.02,31.18,34.12,3968.2,-0.0151,-0.0025,0.0113999999999999,0.0002
2022-12-07,1684.0,173.68,46.7,35.32,20.92,40.58,45.93,418.31,31.58,33.8,3958.44,-0.0024,-0.0014,-0.0032,0.0002
2022-12-08,1687.02,174.76,47.15,35.45,20.9,38.87,46.5,420.47,31.23,33.7,3959.18,0.0076,0.002,-0.012,0.0002
2022-12-09,1730.0,183.27,47.6,36.75,20.92,38.82,46.3,424.6,31.99,34.54,3998.24,-0.008,-0.0054,0.0034,0.0002
2022-12-12,1739.02,178.35,46.17,35.79,20.68,38.88,45.49,414.35,31.75,34.39,3953.44,0.0141,-0.0031,-0.0016,0.0002
2022-12-13,1750.0,179.47,46.7,36.14,20.64,38.38,44.9,405.41,31.29,34.62,3945.68,0.0066,0.0017,-0.0077,0.0002
2022-12-14,1770.87,184.08,46.89,36.91,20.65,38.44,44.63,402.3,31.72,34.99,3954.89,-0.0056,0.0002,-0.0045,0.0002
2022-12-15,1786.99,181.96,46.43,36.33,20.52,37.96,45.18,423.8,31.36,34.91,3951.99,-0.0256999999999999,-0.0038,0.0139,0.0002
2022-12-16,1786.87,182.52,46.9,37.09,20.86,38.0,44.63,418.01,31.42,34.34,3954.23,-0.0102,0.0052,0.0017,0.0002
2022-12-19,1773.0,179.95,45.77,36.5,20.45,37.19,44.6,420.4,31.39,34.2,3893.22,-0.01,-0.0078,0.0125,0.0002
2022-12-20,1715.0,172.51,44.93,35.72,20.38,36.51,44.8,409.52,30.5,33.45,3829.02,0.0013,0.002,0.0025,0.0002
2022-12-21,1739.0,174.49,45.26,35.95,20.46,36.14,43.61,406.82,30.93,33.66,3830.54,0.0153,0.0013,-0.0012,0.0002
2022-12-22,1768.0,179.5,45.88,36.5,20.36,36.63,40.86,402.0,30.85,34.0,3836.03,-0.0152,0.0008,0.0038,0.0002
2022-12-23,1771.0,180.29,45.64,36.37,20.41,36.75,40.54,398.48,31.1,34.63,3828.22,0.0052,-0.0060999999999999,0.0116,0.0002
2022-12-26,1742.06,178.6,44.66,35.95,20.37,37.56,42.0,403.92,30.57,34.92,3843.49,0.0052,-0.0060999999999999,0.0116,0.0002
2022-12-27,1733.0,181.05,45.58,36.67,20.54,37.07,42.39,403.57,31.16,34.51,3887.85,-0.005,-0.0073,0.0141999999999999,0.0002
2022-12-28,1733.0,180.18,46.28,37.33,20.67,37.4,42.8,394.0,30.93,34.0,3871.26,-0.0124,-0.0024,-0.0028,0.0002
2022-12-29,1719.0,178.75,45.82,37.23,20.8,38.13,42.62,393.96,30.87,34.25,3856.7,0.0187,0.0126,-0.0106,0.0002
2022-12-30,1727.0,180.69,47.0,37.26,21.0,38.53,42.26,393.42,31.0,34.68,3871.63,-0.0022,0.0013,-0.0004,0.0002
2023-01-03,1730.01,178.2,47.15,37.58,20.91,38.44,42.03,389.64,30.7,34.29,3887.9,-0.0046999999999999,0.0008,-0.001,0.0002
2023-01-04,1725.01,178.62,48.53,38.65,20.83,38.77,40.65,384.01,30.58,33.92,3892.95,0.0081,0.0054,0.0005,0.0002
2023-01-05,1801.0,189.0,48.93,38.5,20.77,39.55,41.07,407.51,31.54,34.35,3968.58,-0.0113999999999999,-0.0018,0.012,0.0002
2023-01-06,1803.77,190.46,49.74,38.38,20.89,39.31,42.67,416.66,31.5,33.75,3980.89,0.0220999999999999,-0.0005,0.0003,0.0002
2023-01-09,1841.2,195.88,50.91,38.8,20.78,39.55,42.27,416.6,31.6,33.07,4013.12,0.0003,0.0055,-0.0123,0.0002
2023-01-10,1854.45,195.24,49.21,38.25,20.63,39.38,42.57,432.0,32.51,33.34,4017.47,0.0079,0.0091,-0.0056,0.0002
2023-01-11,1844.95,194.1,50.7,38.92,20.82,38.45,42.4,427.86,32.45,32.89,4010.03,0.0125,0.0017,-0.0083,0.0002
2023-01-12,1834.0,193.39,50.91,39.05,20.68,37.79,43.39,433.5,32.23,32.66,4017.87,0.0045,0.0143,-0.0027,0.0002
2023-01-13,1887.0,198.58,52.35,39.66,20.93,39.27,43.4,439.5,32.59,33.64,4074.38,0.0046,0.003,-0.003,0.0002
2023-01-16,1912.9,206.52,52.09,40.47,20.97,43.13,44.0,446.63,33.4,34.67,4137.96,0.0046,0.003,-0.003,0.0002
2023-01-17,1908.0,202.86,51.5,40.68,20.68,42.18,44.28,445.61,33.75,34.75,4137.24,-0.0018,0.002,-0.0055,0.0002
2023-01-18,1893.0,205.8,51.55,40.38,20.7,41.57,44.73,448.5,32.23,35.16,4130.31,-0.0155,0.0003,-0.0070999999999999,0.0002
2023-01-19,1880.21,205.3,51.81,40.65,20.42,43.64,44.73,446.77,32.42,36.79,4156.01,-0.0086,-0.0028,0.0084,0.0002
2023-01-20,1860.01,208.72,52.1,41.05,21.03,43.54,47.15,452.0,32.33,36.73,4181.53,0.0194,0.0014,-0.0068,0.0002
2023-01-30,1888.0,217.6,51.48,42.03,20.91,43.25,48.0,470.65,33.25,37.05,4201.35,-0.0138,-0.0012,0.0074,0.0002
2023-01-31,1845.76,209.0,50.98,41.21,20.79,42.21,48.15,465.2,32.58,35.85,4156.86,0.0158,0.0102,-0.0006,0.0002
2023-02-01,1844.97,210.06,51.35,40.54,20.79,42.64,48.69,476.8,32.58,36.25,4195.93,0.0118999999999999,0.01,-0.0165,0.0002
2023-02-02,1836.11,212.51,50.83,40.03,20.95,43.0,48.65,466.1,32.52,36.39,4181.15,0.0154,0.0163,-0.0207,0.0002
2023-02-03,1818.0,210.0,49.6,39.3,20.92,42.8,47.01,456.2,32.03,36.7,4141.63,-0.0108,0.0008,0.0098,0.0002
2023-02-06,1795.0,201.7,48.16,38.35,20.98,42.49,46.4,450.6,31.12,36.52,4086.88,-0.0073,-0.0081999999999999,0.0043,0.0002
2023-02-07,1797.0,203.17,48.7,38.41,21.3,42.1,46.04,448.1,31.02,37.26,4094.23,0.0125,-0.0051,-0.0004,0.0002
2023-02-08,1784.0,199.55,48.5,38.49,21.37,42.96,45.88,447.21,31.26,36.9,4076.14,-0.0118,-0.0068,0.0070999999999999,0.0002
2023-02-09,1818.0,207.39,49.32,38.49,21.29,43.65,46.24,452.99,31.5,37.73,4130.86,-0.0093999999999999,-0.0063,0.0021,0.0002
2023-02-10,1810.0,204.7,49.3,38.16,21.21,43.6,45.38,445.95,31.46,36.7,4106.31,0.0012,-0.0069,0.015,0.0002
2023-02-13,1856.35,212.4,49.25,37.72,21.11,44.97,45.62,460.0,31.59,36.6,4143.57,0.0113999999999999,0.0019,-0.0073,0.0002
2023-02-14,1843.79,209.24,49.9,38.0,21.16,45.22,45.44,451.05,31.63,36.18,4145.29,0.0012,0.0016,-0.0068,0.0002
2023-02-15,1841.0,211.0,48.88,37.17,21.05,44.81,45.24,448.6,31.18,36.18,4123.69,0.005,0.0104,-0.0091,0.0002
2023-02-16,1861.82,210.79,49.2,37.27,20.95,43.79,44.44,443.2,30.88,37.39,4093.49,-0.0137,-0.0004,0.0097,0.0002
2023-02-17,1820.78,208.15,48.8,36.71,20.76,44.17,43.37,420.19,30.69,36.51,4034.51,-0.0028,0.0068,-0.0014,0.0002
2023-02-20,1875.0,212.95,49.95,38.49,21.18,45.22,44.12,420.47,31.35,38.7,4133.49,-0.0028,0.0068,-0.0014,0.0002
2023-02-21,1867.0,210.08,50.01,38.69,21.27,44.5,45.19,415.01,31.49,38.76,4144.35,-0.0216,-0.0125,0.0088,0.0002
2023-02-22,1836.0,207.5,49.18,38.16,21.14,44.11,44.37,409.47,31.06,38.17,4106.95,-0.0004,0.0052,-0.0046,0.0002
2023-02-23,1818.0,205.1,48.98,38.27,21.09,43.52,45.79,413.23,31.0,37.74,4103.65,0.0046999999999999,0.0022,-0.0023,0.0002
2023-02-24,1788.0,201.1,48.2,37.46,21.02,43.19,44.71,405.4,30.61,37.68,4061.05,-0.0108,-0.005,0.0126,0.0002
2023-02-27,1810.41,204.81,47.8,37.16,20.95,43.13,44.2,401.1,30.5,37.22,4043.84,0.0031,0.0016,-0.003,0.0002
2023-02-28,1813.74,204.42,48.2,37.31,21.16,43.5,44.24,403.9,30.46,38.38,4069.46,-0.0026,0.0062,-0.0069,0.0002
2023-03-01,1838.53,207.38,49.99,38.25,21.25,43.77,44.14,411.78,31.12,39.81,4126.94,-0.0040999999999999,0.002,0.0062,0.0002
2023-03-02,1828.0,206.24,50.2,38.25,21.24,43.19,43.4,400.8,31.14,39.4,4117.74,0.0067,-0.0037,-0.0044,0.0002
2023-03-03,1818.04,205.76,50.28,38.25,21.33,43.4,43.36,402.32,31.06,39.37,4130.55,0.0161,0.0,-0.0054,0.0002
2023-03-06,1807.14,204.58,48.58,37.0,21.26,43.42,45.02,408.42,30.73,39.9,4109.01,-0.0013,-0.0162,-0.0008,0.0002
2023-03-07,1788.3,200.45,47.91,36.56,21.13,42.12,44.44,402.2,29.94,38.92,4048.85,-0.0144999999999999,0.0074,-0.0067,0.0002
2023-03-08,1770.42,199.3,47.23,36.0,20.96,41.96,43.86,397.73,29.87,39.0,4034.11,0.0008,0.0017,-0.0039,0.0002
2023-03-09,1770.02,198.0,46.64,35.58,20.8,41.73,43.02,397.01,29.55,38.32,4019.85,-0.0202,-0.0068,-0.0076,0.0002
2023-03-10,1750.0,195.24,46.0,35.03,20.75,41.86,42.12,405.79,29.11,37.81,3967.14,-0.0168,-0.0153,0.0072,0.0002
2023-03-13,1762.0,198.6,46.5,35.05,20.94,41.42,41.99,392.0,29.47,39.21,4008.69,-0.0034,-0.0063,-0.036,0.0002
2023-03-14,1766.0,195.28,45.46,34.58,21.07,41.48,41.88,387.23,29.54,38.9,3984.7,0.0172,0.0015,-0.0036,0.0002
2023-03-15,1750.92,192.32,45.95,34.88,21.01,41.38,42.24,388.0,29.19,39.08,3986.9,-0.0079,-0.0008,-0.0184,0.0002
2023-03-16,1751.99,191.2,45.23,34.65,21.21,41.19,40.0,385.11,29.1,38.01,3939.15,0.0176,0.0018,-0.0016,0.0002
2023-03-17,1742.0,188.5,46.2,34.36,21.2,40.82,39.33,375.98,28.87,40.35,3958.82,-0.0121,-0.0083,-0.0163,0.0002
2023-03-20,1729.6,185.9,45.58,34.12,20.95,40.4,39.21,379.95,28.54,41.26,3939.08,0.0084,-0.0060999999999999,0.0078,0.0002
2023-03-21,1775.0,192.24,46.01,34.23,20.94,41.6,39.45,393.78,28.98,41.0,3982.38,0.0149,0.0045,0.0073,0.0002
2023-03-22,1773.35,191.77,46.5,34.54,20.97,42.63,39.38,399.2,28.88,42.8,3999.44,-0.0174,-0.008,-0.0053,0.0002
2023-03-23,1774.86,194.58,46.88,35.2,20.92,42.67,39.51,398.38,29.01,44.8,4039.09,0.0021,-0.0019,-0.0154,0.0002
2023-03-24,1778.62,193.02,46.2,34.43,20.78,41.7,40.05,393.58,29.13,44.6,4027.05,0.0046,0.0013,0.0070999999999999,0.0002
2023-03-27,1767.79,190.41,45.99,34.21,20.32,43.28,40.29,396.5,29.12,43.61,4012.48,0.0028,0.0022,0.0103,0.0002
2023-03-28,1781.8,192.5,45.88,34.4,20.18,43.0,39.85,392.6,29.0,42.45,3999.51,-0.0017,-0.0018,0.0075,0.0002
2023-03-29,1790.0,195.28,45.42,34.12,20.72,43.16,40.03,400.18,28.7,42.8,4006.14,0.0139,-0.003,-0.0054,0.0002
2023-03-30,1800.0,198.39,45.48,34.35,21.22,43.01,40.51,400.11,29.2,41.6,4038.53,0.0051,-0.0055,-0.006,0.0002
2023-03-31,1820.0,197.0,45.6,34.27,21.25,42.82,40.41,406.05,29.12,42.66,4050.93,0.0153,0.0067,-0.0076,0.0002
2023-04-03,1802.07,195.19,45.68,34.37,21.1,42.56,40.63,398.71,28.99,42.43,4090.57,0.0028,-0.0046999999999999,0.0079,0.0002
2023-04-04,1814.59,196.15,45.57,34.28,21.27,43.15,40.19,388.0,29.11,44.91,4103.11,-0.0072,-0.0096,-0.0072,0.0002
2023-04-06,1796.96,190.54,45.08,33.8,21.2,42.78,40.29,388.02,28.92,43.86,4096.64,0.0034,0.0006,-0.0051,0.0002
2023-04-07,1790.99,189.06,45.63,34.14,21.08,45.15,40.47,390.51,29.14,45.58,4123.28,0.0034,0.0006,-0.0051,0.0002
2023-04-10,1771.7,184.65,46.06,34.24,21.24,46.27,41.23,402.01,28.86,45.05,4104.81,0.002,0.0079,0.0026,0.0002
2023-04-11,1745.5,180.53,45.66,33.73,21.28,46.01,40.46,399.95,28.52,44.38,4100.15,0.0006,0.0046,0.0055,0.0002
2023-04-12,1694.1,175.82,45.6,33.74,21.4,45.63,39.61,392.01,28.16,46.37,4097.29,-0.0051,-0.0055,0.0037,0.0002
2023-04-13,1723.0,177.88,45.12,34.01,21.15,47.35,39.38,388.26,28.1,45.2,4068.98,0.0139,0.0034999999999999,-0.0118999999999999,0.0002
2023-04-14,1713.42,175.59,45.49,34.39,21.21,47.72,39.26,397.29,27.92,44.56,4092.0,-0.0023,-0.0095,0.002,0.0002
2023-04-17,1753.0,178.18,47.48,35.2,21.3,49.29,39.62,407.88,28.18,43.95,4149.38,0.0033,0.008,-0.002,0.0002
2023-04-18,1758.0,178.32,48.62,35.68,21.26,48.93,40.01,409.0,28.49,43.54,4162.03,0.0004,-0.0044,-0.0031,0.0002
2023-04-19,1759.0,176.29,48.4,35.5,21.08,48.66,38.93,410.37,28.22,43.16,4124.56,-0.0004,0.0029,0.0042,0.0002
2023-04-20,1741.88,173.5,48.79,34.99,21.13,47.8,37.61,396.0,28.08,41.62,4113.02,-0.0060999999999999,0.0009,-0.0028,0.0002
2023-04-21,1725.47,172.0,46.74,34.5,21.06,47.32,37.44,404.99,28.0,39.72,4032.57,0.0008,0.0026,-0.0093999999999999,0.0002
2023-04-24,1705.0,168.0,46.4,33.6,21.03,48.35,36.23,396.88,27.36,39.25,3982.64,0.0,-0.0039,0.0046,0.0002
2023-04-25,1730.38,169.8,46.09,34.03,21.17,47.98,35.01,385.9,27.51,37.45,3962.67,-0.0176,-0.0098,0.0009,0.0002
2023-04-26,1743.91,168.61,45.79,33.82,21.18,48.2,36.26,224.5,27.46,37.1,3959.23,-0.0040999999999999,0.0014,-0.0074,0.0002
2023-04-27,1757.92,169.17,50.37,32.63,21.89,48.2,35.97,231.0,27.8,37.9,3988.42,0.0185,-0.0056,0.0,0.0002
2023-04-28,1760.52,169.0,51.8,33.6,21.88,48.65,34.87,230.85,29.56,37.75,4029.09,0.0078,0.0013,0.0019,0.0002
2023-05-04,1749.9,168.95,53.7,34.13,22.56,49.27,34.09,225.52,29.85,37.2,4030.25,-0.0078,-0.0034,-0.0104,0.0002
2023-05-05,1750.0,173.71,53.83,34.69,22.1,47.47,33.16,227.0,29.71,36.06,4016.88,0.0191,0.0042,0.0069,0.0002
2023-05-08,1720.52,171.4,54.92,35.6,22.34,46.51,33.53,230.81,30.13,35.92,4062.66,0.0007,-0.0031,-0.003,0.0002
2023-05-09,1722.0,174.77,53.48,34.99,22.75,45.93,33.03,225.83,29.9,35.95,4027.88,-0.0043,0.0012,-0.0002,0.0002
2023-05-10,1725.0,173.32,52.31,34.4,22.39,46.35,33.41,232.52,29.83,36.4,3996.87,0.0043,0.0046,-0.0132,0.0002
2023-05-11,1717.07,172.57,52.35,34.45,22.8,46.43,33.75,240.4,29.58,36.27,3990.66,-0.002,-0.0049,-0.0009,0.0002
2023-05-12,1706.4,169.37,51.27,34.04,22.91,45.51,32.8,237.98,29.77,35.45,3937.76,-0.0022,-0.0019,0.0034,0.0002
2023-05-15,1716.3,172.44,53.71,34.7,23.0,47.44,33.83,238.29,30.26,35.36,3998.89,0.0046,0.0084,0.0001,0.0002
2023-05-16,1703.29,170.49,53.2,34.82,22.96,49.13,33.64,239.0,30.05,35.45,3978.21,-0.0072,-0.0033,-0.0048,0.0002
2023-05-17,1701.0,169.34,51.91,34.5,22.88,48.5,33.65,240.0,29.82,35.0,3960.17,0.0131,0.0089,0.0121999999999999,0.0002
2023-05-18,1691.0,168.66,51.82,34.45,23.08,48.02,33.08,232.4,29.67,35.53,3956.07,0.0098999999999999,-0.0007,-0.0038,0.0002
2023-05-19,1699.5,170.8,51.04,33.95,22.82,49.13,32.96,230.0,29.85,35.62,3944.54,-0.0026,-0.0045,-0.0032,0.0002
2023-05-22,1746.0,177.61,51.42,34.2,23.23,48.7,33.35,230.3,30.45,35.88,3969.33,0.0017,0.0127,-0.002,0.0002
2023-05-23,1724.55,174.0,49.9,33.6,23.04,49.1,32.9,225.42,30.67,36.68,3913.19,-0.011,0.0039,0.0109,0.0002
2023-05-24,1710.9,170.35,48.47,32.93,22.63,47.96,33.11,225.25,30.0,36.0,3859.09,-0.0072,-0.0031,-0.002,0.0002
2023-05-25,1701.0,168.2,48.4,32.42,22.7,48.06,32.44,224.09,29.73,34.95,3850.5,0.0065,-0.0070999999999999,-0.0108,0.0002
2023-05-26,1690.56,170.1,48.44,32.74,22.56,48.4,31.49,220.0,29.47,35.44,3850.95,0.0132,0.0003,-0.0085,0.0002
2023-05-29,1689.0,168.26,48.04,32.69,22.89,48.3,30.25,217.06,29.18,34.0,3833.94,0.0132,0.0003,-0.0085,0.0002
2023-05-30,1668.29,165.17,47.99,32.64,22.75,48.29,29.5,224.99,29.19,35.16,3837.75,-0.0001,-0.0015,-0.0042,0.0002
2023-05-31,1628.9,161.18,47.0,32.3,22.51,45.55,28.82,221.17,28.81,34.86,3798.54,-0.006,-0.0011,-0.0116,0.0002
2023-06-01,1635.92,163.32,47.45,32.06,22.38,45.93,28.63,222.9,29.09,35.9,3806.87,0.0102,0.0015,-0.0006,0.0002
2023-06-02,1670.6,167.9,49.1,33.07,22.33,46.03,29.24,228.44,29.76,35.91,3861.83,0.0162,0.0156,0.0166,0.0002
2023-06-05,1665.0,165.2,48.51,33.04,22.45,46.5,28.41,219.8,29.51,36.0,3844.25,-0.0026,-0.0101,-0.0075,0.0002
2023-06-06,1666.99,165.62,48.76,33.07,22.32,46.31,27.66,219.28,29.5,34.9,3808.16,0.0046,0.0213,0.0135,0.0002
2023-06-07,1650.9,164.0,49.01,33.3,22.34,45.5,27.5,207.3,29.5,34.72,3789.34,-0.0036,0.0136,0.0227999999999999,0.0002
2023-06-08,1668.0,164.82,49.67,34.08,22.66,45.59,27.34,208.01,29.61,34.55,3820.19,0.0059,-0.0049,-0.0116,0.0002
2023-06-09,1666.0,164.59,49.48,33.74,22.86,45.79,27.6,212.04,29.84,32.36,3836.7,0.0003,-0.0070999999999999,-0.0040999999999999,0.0002
2023-06-12,1696.0,170.41,49.57,33.73,22.38,44.7,27.82,211.95,29.89,31.75,3844.43,0.0093999999999999,0.0004,-0.0141,0.0002
2023-06-13,1699.0,173.08,49.63,33.73,22.3,45.0,27.75,213.1,28.93,33.58,3864.91,0.0074,0.0059,0.0006,0.0002
2023-06-14,1726.88,177.68,48.05,33.39,22.25,46.0,27.32,213.4,29.07,33.37,3864.02,-0.0003,-0.009,-0.0092,0.0002
2023-06-15,1755.0,182.0,48.42,33.72,22.28,46.93,29.18,230.88,29.3,33.44,3925.5,0.0121999999999999,-0.0037,0.0009,0.0002
2023-06-16,1797.69,184.08,48.6,33.93,22.2,47.5,29.63,231.1,29.37,35.14,3963.35,-0.0045,-0.0055,0.0022,0.0002
2023-06-19,1744.0,177.54,47.5,33.58,22.18,46.88,28.98,227.88,29.05,36.15,3930.91,-0.0045,-0.0055,0.0022,0.0002
2023-06-20,1743.46,174.01,46.89,33.19,22.09,46.78,28.73,228.0,28.82,36.34,3924.24,-0.0048,0.0043,-0.0069,0.0002
2023-06-21,1735.83,171.4,46.64,33.17,22.1,46.4,27.99,224.91,28.8,35.16,3864.03,-0.0056,0.0002,0.0053,0.0002
2023-06-26,1709.0,166.66,45.93,32.61,22.24,46.36,28.01,225.17,28.73,33.84,3809.7,-0.0048,-0.0034,0.0129,0.0002
2023-06-27,1711.05,166.12,46.3,32.82,22.12,45.95,28.18,223.47,28.6,34.1,3845.43,0.0121,0.0048,-0.0051,0.0002
2023-06-28,1728.38,166.67,46.54,33.05,22.48,46.2,29.32,224.5,28.53,33.74,3840.8,0.0003,0.0055,-0.0043,0.0002
2023-06-29,1713.71,163.81,46.3,32.68,22.13,47.05,28.85,222.5,28.23,33.37,3821.84,0.0044,0.0053,0.0078,0.0002
2023-06-30,1691.0,163.57,46.4,32.76,22.06,47.9,28.67,228.79,28.32,33.11,3842.45,0.0113999999999999,-0.0064,-0.0078,0.0002
2023-07-03,1724.1,167.36,48.18,33.72,22.12,47.36,28.88,229.88,29.13,33.4,3892.88,0.0015,0.0003,0.0102,0.0002
2023-07-04,1730.6,168.22,47.95,33.51,22.05,48.85,28.82,229.25,29.14,34.59,3899.01,0.0015,0.0003,0.0102,0.0002
2023-07-05,1715.38,165.38,47.35,33.03,22.07,49.19,28.15,227.51,28.77,34.27,3868.81,-0.0029,-0.0096,-0.0025,0.0002
2023-07-06,1702.98,164.3,47.3,32.58,22.0,48.11,27.89,224.85,28.62,33.88,3842.75,-0.0093999999999999,-0.0051,-0.0069,0.0002
2023-07-07,1690.03,163.66,47.21,32.31,22.0,48.39,27.36,222.25,28.68,33.3,3825.7,-0.0013,0.0105,0.0125,0.0002
2023-07-10,1700.9,164.6,46.61,32.45,22.0,47.61,29.69,228.8,28.38,34.05,3844.33,0.0036,0.0127,0.0001,0.0002
2023-07-11,1710.0,165.14,47.2,32.71,22.0,48.24,29.24,229.09,28.5,34.2,3869.49,0.0076,0.0005,0.0046,0.0002
2023-07-12,1713.8,165.46,47.29,33.2,22.14,47.77,30.55,226.99,28.36,34.29,3843.44,0.0074,0.0031,0.0046,0.0002
2023-07-13,1738.4,172.65,48.62,31.85,22.42,48.01,30.67,230.0,28.99,34.88,3898.42,0.009,0.0009,-0.0016,0.0002
2023-07-14,1753.0,171.99,48.64,31.93,22.47,47.52,30.04,228.28,28.07,34.65,3899.1,-0.0025,-0.0031,-0.0151,0.0002
2023-07-17,1729.97,169.66,48.05,31.65,22.44,47.2,29.79,225.65,27.55,34.21,3867.17,0.0048,0.0076,-0.0027,0.0002
2023-07-18,1722.8,168.4,47.6,31.46,22.41,47.2,29.5,225.5,27.3,34.07,3854.94,0.0078,0.0021,0.0108,0.0002
2023-07-19,1723.0,168.32,47.77,31.58,22.5,46.69,29.24,219.5,27.24,34.29,3850.87,0.0025,-0.0005,0.0132,0.0002
2023-07-20,1724.0,168.56,47.42,31.69,22.4,45.96,29.56,221.05,27.18,33.82,3823.69,-0.0081,-0.0058,0.0066,0.0002
2023-07-21,1771.3,171.27,46.97,31.8,21.6,45.93,28.69,221.59,27.42,33.42,3821.91,-0.0005,-0.0033,-0.0037,0.0002
2023-07-24,1771.15,169.36,46.62,31.45,21.56,47.29,28.34,218.98,27.27,32.95,3805.22,0.0031,-0.0027,0.0075,0.0002
2023-07-25,1828.55,179.5,49.55,33.27,21.33,47.76,29.22,226.35,27.76,34.49,3915.12,0.0025,-0.0005,-0.0079,0.0002
2023-07-26,1828.55,177.8,49.46,33.35,21.39,48.08,29.29,226.66,27.72,34.11,3907.01,0.0001,0.0068,0.0103,0.0002
2023-07-27,1838.03,178.46,49.88,33.66,21.23,48.11,28.65,226.98,27.76,34.69,3902.35,-0.0074,-0.0093,0.0028,0.0002
2023-07-28,1897.0,181.18,51.93,35.1,21.34,49.05,29.5,230.05,28.48,35.52,3992.74,0.0113,0.0056,-0.0033,0.0002
2023-07-31,1880.58,181.0,52.6,35.56,21.46,44.58,29.85,237.75,28.66,36.32,4014.63,0.0025,0.0107,-0.0007,0.0002
2023-08-01,1889.0,179.88,51.74,34.99,21.72,43.38,29.3,235.5,28.25,36.0,3998.0,-0.0034,-0.0007,0.0016,0.0002
2023-08-02,1880.0,177.98,51.41,34.03,21.59,42.28,29.09,236.5,28.25,35.66,3969.9,-0.0149,-0.0018,0.0058,0.0002
2023-08-03,1878.47,178.6,52.41,34.68,21.66,42.27,30.85,239.14,28.51,35.53,4004.98,-0.0019,-0.0005,0.0008,0.0002
2023-08-04,1893.47,179.28,51.9,34.88,21.54,41.07,30.76,245.51,28.31,36.55,4020.58,-0.0048,0.0002,0.0079,0.0002
2023-08-07,1887.93,177.31,51.7,34.5,21.92,39.13,30.51,246.49,28.11,36.58,3990.15,0.0077,-0.0113999999999999,0.0058,0.0002
2023-08-08,1890.0,176.88,51.26,34.15,22.1,40.14,30.23,247.14,28.09,36.33,3979.73,-0.0046999999999999,0.0006,0.0013,0.0002
2023-08-09,1890.28,177.18,51.26,34.02,22.11,40.21,30.11,247.0,28.16,35.98,3967.57,-0.0078,-0.0008,-0.0005,0.0002
2023-08-10,1875.0,176.31,51.36,34.14,22.09,39.9,30.21,246.5,27.87,36.2,3975.72,0.0001,-0.0031,-0.0068,0.0002
2023-08-11,1834.0,172.36,49.37,33.15,21.75,39.2,29.42,241.5,27.5,35.26,3884.25,-0.0011,0.0011,0.0046,0.0002
2023-08-14,1803.0,168.62,48.53,32.46,21.81,40.62,29.31,232.9,27.38,34.96,3855.91,0.0051,-0.0067,-0.0076,0.0002
2023-08-15,1812.98,166.5,48.68,32.36,22.02,40.5,28.39,231.3,27.37,34.82,3846.54,-0.0118,0.0023,-0.0102,0.0002
2023-08-16,1820.0,166.7,48.35,31.97,21.87,41.01,27.94,232.6,27.16,33.74,3818.33,-0.0081,-0.0039,-0.0015,0.0002
2023-08-17,1828.05,168.44,47.91,31.79,22.12,40.57,28.18,235.25,27.31,34.4,3831.1,-0.0087,-0.0032,0.0049,0.0002
2023-08-18,1802.59,163.53,47.52,31.88,22.06,39.95,27.91,235.87,26.95,33.9,3784.0,0.0004,0.0040999999999999,-0.0024,0.0002
2023-08-21,1791.0,161.97,46.67,31.13,21.85,38.8,27.01,232.96,26.58,34.37,3729.56,0.0064,-0.0069,-0.0059,0.0002
2023-08-22,1788.0,162.15,47.0,31.32,22.0,39.15,25.84,230.75,26.73,35.19,3758.23,-0.0032,0.0023,-0.0105,0.0002
2023-08-23,1774.0,160.01,46.46,30.85,21.95,38.7,24.81,227.5,26.36,34.18,3696.63,0.0108,-0.001,-0.0013,0.0002
2023-08-24,1816.3,162.26,46.5,31.06,21.77,40.44,25.76,228.95,26.5,34.19,3723.43,-0.0141999999999999,-0.0019,0.0060999999999999,0.0002
2023-08-25,1824.98,161.55,47.01,31.56,22.16,40.72,25.53,228.34,26.75,33.28,3709.15,0.0065,-0.0008,-0.0056,0.0002
2023-08-28,1834.97,157.49,48.11,32.26,22.12,41.92,26.48,230.5,26.82,34.04,3752.62,0.0063,-0.0001,0.004,0.0002
2023-08-29,1851.33,159.4,48.56,32.04,21.92,42.25,27.1,238.5,26.62,35.36,3790.11,0.015,0.0001,-0.0011,0.0002
2023-08-30,1856.0,157.82,48.25,31.66,21.97,42.15,26.85,237.5,26.55,35.45,3788.51,0.0040999999999999,0.0025,-0.0046,0.0002
2023-08-31,1847.0,155.91,48.79,31.55,22.06,41.78,26.55,236.55,26.0,35.28,3765.27,-0.0008,-0.0022,0.0021,0.0002
2023-09-01,1851.05,159.74,50.1,32.27,21.81,41.53,26.58,236.4,26.05,35.55,3791.49,0.0026,0.0067,0.0056999999999999,0.0002
2023-09-04,1866.0,167.93,51.45,33.53,21.67,41.2,27.04,237.65,26.44,35.81,3848.95,0.0026,0.0067,0.0056999999999999,0.0002
2023-09-05,1858.7,165.72,50.2,33.11,21.89,41.21,28.1,236.82,26.03,35.53,3820.32,-0.0054,-0.0136,-0.0086,0.0002
2023-09-06,1861.0,165.69,51.03,33.36,21.81,40.73,27.87,234.42,26.19,35.17,3812.03,-0.0070999999999999,-0.0002,-0.0017,0.0002
2023-09-07,1838.0,163.1,50.22,33.14,21.85,40.29,26.74,226.51,25.88,34.3,3758.47,-0.004,-0.0062,0.0004,0.0002
2023-09-08,1818.5,161.92,50.12,33.17,21.84,40.58,26.32,222.94,25.78,33.98,3739.99,0.0012,-0.006,0.0038,0.0002
2023-09-11,1822.17,164.35,50.36,32.91,21.99,43.0,26.66,221.53,26.11,34.0,3767.54,0.0066,-0.0027,-0.0052,0.0002
2023-09-12,1819.96,162.98,49.95,32.88,22.07,42.91,26.85,217.93,26.21,33.77,3760.6,-0.0059,-0.0025,0.0101,0.0002
2023-09-13,1819.91,163.65,49.5,32.75,22.25,42.2,26.41,216.6,26.18,33.23,3736.65,0.0003,-0.0078,-0.0021,0.0002
2023-09-14,1818.69,162.0,49.19,33.07,22.69,42.59,26.13,214.93,26.25,33.24,3733.51,0.0083,0.0024,0.0085,0.0002
2023-09-15,1781.99,159.71,49.2,32.96,22.52,43.6,26.26,207.76,26.13,32.55,3708.78,-0.0121,0.0015,0.0024,0.0002
2023-09-18,1829.2,162.8,49.3,33.02,22.41,44.36,26.32,213.06,26.28,32.49,3727.71,-0.0004,-0.0083,-0.0018,0.0002
2023-09-19,1826.94,160.91,49.28,32.96,22.53,44.63,25.95,212.32,26.23,31.85,3720.5,-0.0026,-0.0013,0.0,0.0002
2023-09-20,1824.0,159.84,48.89,32.73,22.56,44.35,25.74,209.9,26.14,32.01,3705.69,-0.0095,-0.001,0.0027,0.0002
2023-09-21,1798.39,157.66,48.49,32.37,22.38,43.89,25.38,206.73,25.86,31.92,3672.44,-0.0168,0.0019,0.0038,0.0002
2023-09-22,1849.0,159.92,50.33,33.34,22.48,44.06,25.95,210.93,26.6,33.2,3738.93,-0.0025,0.0001,-0.005,0.0002
2023-09-25,1832.38,158.9,49.06,33.0,22.49,44.85,26.18,209.28,26.66,33.05,3714.6,0.0039,-0.001,0.0033,0.0002
2023-09-26,1816.0,156.65,48.56,32.8,22.41,44.7,26.14,204.5,26.77,33.49,3692.89,-0.0146,0.0039,-0.0049,0.0002
2023-09-27,1814.0,156.59,48.66,32.82,22.21,45.31,27.74,203.66,26.64,33.45,3700.5,0.0013,0.0069,0.001,0.0002
2023-09-28,1798.55,156.1,48.3,32.97,22.24,44.94,27.28,203.03,26.53,33.8,3689.52,0.0065,0.0017,0.0002,0.0002
2023-10-09,1777.0,154.27,48.07,32.58,22.56,44.76,27.1,195.5,26.57,34.01,3684.73,0.0059,-0.003,0.0024,0.0002
2023-10-10,1770.0,153.41,47.6,32.59,22.61,44.37,26.71,194.72,26.79,33.81,3657.13,0.006,0.0015,0.0064,0.0002
2023-10-11,1778.5,153.7,47.69,32.45,22.63,45.05,26.96,194.77,27.05,34.18,3667.55,0.0033,-0.0066,0.0037,0.0002
2023-10-12,1786.0,155.73,48.43,33.07,22.62,44.95,27.32,195.94,27.1,34.6,3702.38,-0.0081,-0.0147,0.001,0.0002
2023-10-13,1751.0,153.63,47.97,32.61,22.74,44.65,26.8,190.6,26.85,34.41,3663.41,-0.0059,-0.0046999999999999,0.0007,0.0002
2023-10-16,1729.9,150.14,47.54,32.31,22.78,44.23,26.33,184.76,26.47,33.77,3626.6,0.0113,0.0062,-0.0011,0.0002
2023-10-17,1726.0,150.41,47.68,32.52,22.96,44.47,26.22,185.44,26.85,33.94,3639.4,0.0009,0.0087,0.0069999999999999,0.0002
2023-10-18,1728.0,149.24,47.39,32.49,22.95,43.82,25.87,186.3,26.59,33.69,3610.58,-0.0146,-0.0064,-0.0018,0.0002
2023-10-19,1630.0,144.25,46.05,31.57,22.55,43.41,25.46,182.7,26.16,33.24,3533.54,-0.0092,-0.005,-0.0022,0.0002
2023-10-20,1645.0,143.7,45.84,31.65,22.35,42.72,25.55,181.0,25.96,32.69,3510.59,-0.0132,0.0006,-0.0015,0.0002
2023-10-23,1643.98,143.75,45.94,31.23,22.29,43.07,24.7,177.26,25.59,33.8,3474.24,-0.0023,-0.0027,-0.0077,0.0002
2023-10-24,1642.95,144.05,46.1,31.3,22.6,43.23,24.7,176.42,25.61,33.87,3487.13,0.0074,0.0025,-0.0056999999999999,0.0002
2023-10-25,1677.5,149.34,45.51,31.42,21.91,43.17,24.65,175.98,26.05,35.27,3504.46,-0.0157,-0.0031,0.0085,0.0002
2023-10-26,1672.23,151.05,45.7,31.5,22.33,44.45,23.9,178.07,26.01,35.34,3514.14,-0.0113999999999999,0.0086,0.0167,0.0002
2023-10-27,1676.71,152.99,45.18,31.53,22.24,45.4,24.98,184.72,26.88,35.9,3562.39,-0.0052,-0.0034999999999999,-0.0058,0.0002
2023-10-30,1681.0,156.6,45.31,30.9,22.45,46.58,25.16,188.02,26.67,36.56,3583.77,0.0115,-0.0038,0.0031,0.0002
2023-10-31,1684.58,156.0,45.46,30.76,22.57,47.94,24.13,185.6,27.42,36.45,3572.51,0.0063,0.0005,-0.0007,0.0002
2023-11-01,1780.99,160.0,45.11,30.45,22.66,47.97,23.33,187.54,27.32,36.17,3571.03,0.0093,-0.0067,0.0002,0.0002
2023-11-02,1779.5,157.9,45.06,30.68,22.76,47.9,22.41,185.57,27.34,35.87,3554.19,0.0194,0.0048,0.0163999999999999,0.0002
2023-11-03,1811.24,159.67,45.24,30.99,22.71,47.51,22.87,187.44,27.6,35.81,3584.14,0.011,0.0161,0.0062,0.0002
2023-11-06,1812.0,159.84,46.06,31.14,22.24,48.33,23.45,197.08,27.55,36.93,3632.61,0.0001,-0.0105,-0.0065,0.0002
2023-11-07,1791.17,159.31,45.3,30.8,22.27,48.43,23.43,191.24,27.6,36.86,3619.76,0.0034999999999999,-0.0003,-0.012,0.0002
2023-11-08,1798.34,158.63,44.63,30.6,22.37,49.28,23.42,191.84,27.58,37.22,3611.07,-0.0003,-0.0081,-0.0048,0.0002
2023-11-09,1794.11,158.55,43.28,30.66,22.57,48.38,24.24,191.45,27.63,37.07,3612.83,-0.0089,-0.0107,0.0049,0.0002
2023-11-10,1775.84,156.9,42.35,30.16,22.57,48.39,23.53,189.03,27.52,37.18,3586.49,0.0149,-0.0058,-0.0044,0.0002
2023-11-13,1764.0,154.88,42.39,29.82,22.53,47.3,23.84,187.85,27.43,37.24,3579.41,-0.0005,0.0016,-0.0026,0.0002
2023-11-14,1765.27,155.9,42.61,30.2,22.37,47.04,23.73,183.68,27.27,36.49,3582.06,0.0218,0.0299,0.012,0.0002
2023-11-15,1772.93,157.25,43.36,30.64,22.6,47.33,24.39,184.48,27.26,36.65,3607.25,0.0018,-0.0005,0.005,0.0002
2023-11-16,1760.05,156.37,42.87,30.54,22.71,46.8,23.71,181.15,27.02,36.0,3572.36,-0.0011,-0.0139999999999999,-0.003,0.0002
2023-11-17,1753.42,155.0,42.66,30.33,22.62,47.14,23.59,180.73,26.95,35.71,3568.07,0.0025,0.0098,0.0065,0.0002
2023-11-20,1762.5,154.4,42.91,30.58,22.65,47.49,23.49,180.3,27.16,35.79,3576.32,0.0073,-0.0002,-0.0027,0.0002
2023-11-21,1790.0,155.3,43.07,30.43,22.7,47.58,23.29,180.61,27.45,35.87,3581.07,-0.0032,-0.0079,-0.0060999999999999,0.0002
2023-11-22,1781.51,153.51,42.73,30.16,22.7,47.14,22.79,177.0,27.2,35.55,3544.42,0.0046999999999999,0.002,-0.0003,0.0002
2023-11-23,1786.0,153.07,43.05,30.14,22.62,47.17,22.88,177.7,27.31,35.85,3561.52,0.0046999999999999,0.002,-0.0003,0.0002
2023-11-24,1777.0,153.23,42.69,30.0,22.68,46.93,22.52,175.0,27.35,35.81,3538.01,0.0011,0.0059,0.0019,0.0002
2023-11-27,1763.0,149.25,41.85,29.4,22.61,46.8,21.87,170.7,27.18,35.28,3511.94,-0.0023,-0.0011,-0.001,0.0002
2023-11-28,1769.04,148.75,41.67,29.16,22.5,47.5,21.9,171.92,27.27,35.28,3518.52,0.0005,-0.0028,0.0004,0.0002
2023-11-29,1774.71,148.3,40.75,28.8,22.46,47.67,21.46,166.85,27.05,35.02,3488.31,0.0001,0.0044,0.0069,0.0002
2023-11-30,1791.5,149.15,40.8,28.79,22.83,48.02,21.23,167.0,27.25,34.79,3496.2,0.0034999999999999,-0.0046,0.0002,0.0002
2023-12-01,1760.28,147.21,41.02,28.26,22.73,46.58,21.21,165.5,27.05,35.5,3482.88,0.0081,0.0206,0.0108,0.0002
2023-12-04,1750.71,145.85,40.38,28.08,22.7,45.99,21.06,161.65,26.8,34.9,3460.14,-0.0044,0.0139,0.0052,0.0002
2023-12-05,1709.0,142.67,39.53,27.51,22.58,45.25,20.61,158.81,26.43,33.8,3394.26,-0.0021,-0.0083,-0.0081999999999999,0.0002
2023-12-06,1703.0,144.1,39.53,27.76,22.5,45.41,21.1,162.88,26.43,33.6,3399.6,-0.004,0.0027,0.0037,0.0002
2023-12-07,1700.0,142.52,39.34,27.81,22.6,44.78,20.78,164.49,26.35,33.09,3391.28,0.0081,0.0006,0.0046,0.0002
2023-12-08,1704.92,142.93,39.19,27.5,22.62,45.59,20.73,163.59,26.36,32.65,3399.46,0.0044,0.0001,0.0051,0.0002
2023-12-11,1698.0,139.2,39.6,27.76,22.82,46.53,20.8,165.35,26.33,34.18,3419.45,0.0036,-0.0038,-0.0014,0.0002
2023-12-12,1709.99,139.3,39.79,28.05,22.98,45.8,20.82,163.63,26.45,34.02,3426.8,0.0034,-0.0043,-0.0087,0.0002
2023-12-13,1660.0,133.78,38.89,27.22,22.99,45.62,20.29,159.35,25.83,33.5,3369.61,0.0154,0.0172,0.0136,0.0002
2023-12-14,1635.9,132.65,38.7,27.03,23.01,45.73,20.33,156.63,25.88,33.32,3351.96,0.005,0.0111,0.0203,0.0002
2023-12-15,1645.0,133.7,38.79,27.23,22.78,44.66,20.68,155.0,25.51,33.31,3341.55,-0.0006,-0.004,-0.0056999999999999,0.0002
2023-12-18,1662.0,134.0,38.61,27.28,23.07,45.49,20.19,146.97,25.6,33.14,3329.37,0.0042,-0.004,-0.0036,0.0002
2023-12-19,1675.0,133.33,38.71,27.29,23.05,44.78,20.37,149.0,25.45,33.32,3334.04,0.0072,0.0135,0.0070999999999999,0.0002
2023-12-20,1649.79,132.13,38.45,27.06,23.3,44.23,20.28,148.45,25.33,32.8,3297.5,-0.0155,-0.0036,0.0012,0.0002
2023-12-21,1670.0,134.1,38.8,27.71,23.15,44.49,21.28,154.39,25.66,32.88,3330.87,0.0109,0.0074,-0.0004,0.0002
2023-12-22,1670.65,133.42,39.1,27.61,23.18,44.01,21.22,156.29,26.0,32.7,3337.23,0.002,0.0064,0.001,0.0002
2023-12-25,1672.0,134.55,39.18,27.53,23.4,44.0,21.28,157.54,26.1,32.94,3347.45,0.002,0.0064,0.001,0.0002
2023-12-26,1670.0,134.32,39.1,27.27,23.53,43.98,20.98,156.13,25.81,32.8,3324.79,0.0048,0.0070999999999999,0.0043,0.0002
2023-12-27,1667.06,133.83,39.0,27.3,23.53,44.09,20.68,154.33,26.13,32.94,3336.36,0.0016,0.0014,0.0011,0.0002
2023-12-28,1724.99,140.1,40.26,27.99,23.28,44.75,22.75,162.99,26.85,33.85,3414.54,-0.0001,-0.0037,0.0005,0.0002
2023-12-29,1726.0,140.31,40.3,27.82,23.34,45.23,22.9,163.26,26.75,34.72,3431.11,-0.0043,-0.0112,-0.0038,0.0002
2024-01-02,1685.01,136.0,39.47,27.58,23.68,44.47,22.2,156.83,26.27,33.77,3386.35,-0.0069999999999999,-0.0055,0.008,0.0002
2024-01-03,1694.0,134.88,39.4,27.77,23.76,44.23,22.39,155.8,26.06,33.06,3378.3,-0.0101,-0.0195,-0.001,0.0002
2024-01-04,1669.0,132.32,38.9,27.81,23.8,43.79,21.98,151.2,25.97,32.58,3347.05,-0.0033,0.0021,0.0011,0.0002
2024-01-05,1663.36,131.24,38.97,28.29,23.74,41.95,21.58,150.9,26.12,32.43,3329.11,0.0015,-0.0083,0.0066,0.0002
2024-01-08,1643.99,128.1,38.45,28.13,23.6,41.11,21.61,150.0,26.15,31.68,3286.06,0.0149,0.0088,-0.0125,0.0002
2024-01-09,1641.0,127.81,38.38,28.17,23.54,41.2,22.24,148.7,26.31,31.15,3292.5,-0.0021,-0.0043,-0.0089,0.0002
2024-01-10,1641.5,128.8,37.82,28.05,23.34,41.5,22.23,150.66,26.57,30.35,3277.13,0.0051,-0.0007,-0.0049,0.0002
2024-01-11,1646.57,129.62,38.43,28.38,23.18,41.48,22.36,154.82,26.6,30.86,3295.67,-0.0014,-0.0045,-0.0052,0.0002
2024-01-12,1643.06,128.75,38.03,28.54,23.53,41.1,22.11,154.63,26.75,30.43,3284.17,-0.0001,-0.001,-0.0049,0.0002
2024-01-15,1640.0,128.68,38.17,28.77,23.5,41.51,21.84,151.7,26.71,30.5,3280.92,-0.0001,-0.001,-0.0049,0.0002
2024-01-16,1639.43,128.41,38.7,29.13,23.55,41.41,22.12,156.95,26.9,30.67,3300.88,-0.0046999999999999,-0.0075,-0.0063,0.0002
2024-01-17,1577.0,125.14,38.01,29.19,23.32,40.11,21.3,152.24,26.4,30.98,3229.08,-0.0059,-0.0008,-0.0024,0.0002
2024-01-18,1610.87,127.9,38.99,29.58,23.32,41.29,22.8,154.61,26.75,31.63,3274.73,0.0087,-0.001,-0.0036,0.0002
2024-01-19,1635.0,128.89,39.2,29.73,23.5,41.41,22.1,154.9,26.87,31.68,3269.78,0.0118999999999999,-0.0045,0.0066,0.0002
2024-01-22,1642.0,127.0,39.48,30.25,23.23,40.78,21.72,155.66,26.68,30.89,3218.9,0.0038,0.0173,0.0059,0.0002
2024-01-23,1619.0,127.38,39.36,29.99,23.25,40.3,22.06,153.91,26.46,30.74,3231.93,0.0022,-0.0065,-0.0056,0.0002
2024-01-24,1626.0,128.05,40.17,30.09,23.85,40.52,21.78,153.48,26.8,31.38,3277.11,-0.0001,-0.0075,0.0006,0.0002
2024-01-25,1638.0,131.11,41.15,30.9,23.94,41.2,22.3,155.0,27.07,32.06,3342.92,0.0046,0.0005,0.0056999999999999,0.0002
2024-01-26,1637.32,131.0,41.25,31.12,24.13,40.3,21.96,150.0,27.2,31.7,3333.82,-0.0002,0.0040999999999999,-0.0028,0.0002
2024-01-29,1650.0,131.78,40.98,31.35,24.27,39.25,20.4,147.02,27.49,31.5,3303.96,0.0085,0.0107,-0.0059,0.0002
2024-01-30,1613.0,127.71,40.19,31.0,24.1,38.69,20.23,140.75,27.28,31.82,3245.04,-0.0012,-0.0128,0.0085,0.0002
2024-01-31,1604.91,126.3,40.51,30.71,24.4,37.45,19.35,151.59,27.09,31.92,3215.35,-0.0174,-0.0093,-0.0028,0.0002
2024-02-01,1610.03,126.5,40.3,30.42,24.15,37.16,19.59,149.02,26.96,31.88,3217.71,0.0121999999999999,0.0063,-0.0135,0.0002
2024-02-02,1596.0,123.82,40.1,30.23,24.28,35.95,18.87,146.0,26.96,31.08,3179.63,0.0098999999999999,-0.0143,-0.0051,0.0002
2024-02-05,1630.01,126.57,40.68,30.71,24.76,37.4,18.17,151.94,27.65,31.1,3200.42,-0.0042,-0.0072,-0.0067,0.0002
2024-02-06,1676.0,132.99,41.56,31.33,24.72,41.0,19.6,158.33,28.14,32.55,3311.69,0.0027,0.0085,-0.0046999999999999,0.0002
2024-02-07,1710.99,133.87,42.38,31.31,24.7,41.84,19.77,159.6,28.28,32.93,3343.63,0.0077,-0.0088,-0.0063,0.0002
2024-02-08,1706.0,133.59,42.78,31.4,24.64,41.87,20.21,162.84,28.18,33.65,3364.93,0.0021,0.0149,0.0001,0.0002
2024-02-19,1695.43,136.15,42.73,31.62,25.2,41.66,20.19,160.09,28.33,33.8,3403.81,0.0021,0.0149,0.0001,0.0002
2024-02-20,1670.0,134.38,42.35,31.4,25.54,41.86,19.98,158.33,28.68,33.91,3410.85,-0.0073,-0.0086,0.0032,0.0002
2024-02-21,1717.66,141.02,43.59,33.0,25.39,42.22,20.4,161.2,28.85,33.98,3456.87,-0.0002,-0.0081999999999999,0.0014,0.0002
2024-02-22,1718.38,141.1,43.7,32.8,25.55,42.43,20.62,160.35,29.06,34.32,3486.67,0.0202,-0.0118,-0.0131,0.0002
2024-02-23,1714.09,141.71,44.07,32.95,25.69,42.39,20.88,160.5,28.98,34.59,3489.74,0.0002,0.0028,0.0,0.0002
2024-02-26,1694.98,139.76,42.95,32.25,24.95,42.08,20.68,156.0,28.69,34.29,3453.36,-0.0026,0.01,-0.0011,0.0002
2024-02-27,1689.5,139.76,43.12,32.18,24.93,42.27,21.0,157.83,28.41,34.95,3494.79,0.0026,0.012,-0.0044,0.0002
2024-02-28,1681.55,139.53,42.65,32.02,25.3,42.23,20.62,157.01,28.2,34.5,3450.26,-0.0026,-0.0086,-0.0001,0.0002
2024-02-29,1695.0,142.25,42.9,32.04,25.05,42.64,21.24,163.51,28.35,34.95,3516.08,0.0053,-0.0036,0.01,0.0002
2024-03-01,1685.06,142.59,42.99,31.94,25.0,42.52,21.6,164.55,28.26,35.68,3537.8,0.0076,0.0008,-0.0055,0.0002
2024-03-04,1676.3,140.33,42.34,31.52,25.45,43.9,21.53,163.9,28.14,35.0,3540.87,-0.0018,-0.0079,0.0033,0.0002
2024-03-05,1695.1,141.59,42.81,32.18,25.94,44.56,21.02,164.65,28.85,35.52,3565.51,-0.0107,-0.0033,0.0116999999999999,0.0002
2024-03-06,1680.55,139.06,42.5,31.87,25.86,43.96,21.43,163.64,28.5,34.42,3551.05,0.0053,-0.0015,-0.0005,0.0002
2024-03-07,1683.63,138.25,43.06,32.0,25.9,41.95,20.8,160.15,28.55,33.95,3529.72,0.0102,-0.0048,0.0003,0.0002
2024-03-08,1671.43,138.42,42.88,31.67,25.83,41.89,21.53,158.0,28.3,33.93,3544.91,-0.0066,0.0051,0.0056,0.0002
2024-03-11,1694.49,141.16,43.16,31.48,25.76,43.6,22.16,180.85,28.5,34.2,3589.26,-0.002,-0.0072,0.004,0.0002
2024-03-12,1745.0,148.31,43.81,31.95,24.83,44.93,22.32,185.84,28.66,34.35,3597.49,0.0104,-0.0096,-0.0069,0.0002
2024-03-13,1727.45,147.76,42.63,31.52,24.89,44.68,21.89,185.18,28.17,34.01,3572.36,-0.0014,0.003,-0.0001,0.0002
2024-03-14,1716.63,149.56,42.45,31.25,24.69,47.03,21.55,183.81,28.16,33.47,3562.22,-0.0042,-0.013,-0.0105,0.0002
2024-03-15,1717.49,152.49,42.48,31.18,24.71,47.13,21.41,181.0,28.82,33.26,3569.99,-0.0058,0.0075,0.0079,0.0002
2024-03-18,1708.26,153.5,42.56,31.13,24.67,47.28,21.67,190.96,29.11,33.51,3603.53,0.0053,-0.0102,-0.0024,0.0002
2024-03-19,1708.02,157.37,41.83,30.8,24.72,45.97,21.15,187.25,29.09,33.32,3577.63,0.0054,0.0053,-0.0027,0.0002
2024-03-20,1709.6,156.95,41.92,31.18,25.0,45.63,21.11,189.48,29.0,33.47,3585.38,0.0102,0.0091,0.0101,0.0002
2024-03-21,1709.0,156.61,42.03,31.55,24.94,45.63,20.85,189.08,28.9,33.36,3581.09,0.0042,0.0005,0.0093999999999999,0.0002
2024-03-22,1701.35,153.43,40.56,31.2,25.01,45.93,20.09,186.51,28.65,32.73,3545.0,-0.0023,-0.0087,-0.0052,0.0002
2024-03-25,1689.01,151.72,40.44,31.35,24.98,46.16,19.94,184.8,28.38,32.65,3525.76,-0.0027,-0.0024,0.0086,0.0002
2024-03-26,1709.29,155.22,40.9,32.4,24.84,46.27,20.22,191.8,28.31,32.35,3543.75,-0.0026,0.001,-0.0013,0.0002
2024-03-27,1701.0,152.66,40.65,32.3,24.83,45.91,19.54,188.0,28.14,32.45,3502.79,0.0088,0.0104,0.0091,0.0002
2024-03-28,1701.64,153.1,40.69,32.18,24.85,46.21,19.61,188.78,27.81,32.55,3520.96,0.0011,0.003,0.0048,0.0002
2024-03-29,1702.9,153.51,40.81,32.2,24.93,45.97,19.51,190.16,27.9,32.16,3537.48,0.0011,0.003,0.0048,0.0002
2024-04-01,1721.33,157.28,41.25,32.64,24.73,46.32,20.15,197.84,28.15,32.85,3595.65,-0.0026,-0.0088,-0.0029,0.0002
2024-04-02,1713.99,155.5,41.0,32.55,24.64,45.46,20.05,199.7,27.77,32.19,3580.68,-0.0085,-0.011,0.0003,0.0002
2024-04-03,1715.11,154.6,40.5,32.23,24.44,44.76,19.85,197.65,27.67,31.78,3567.8,0.0017,0.0031,-0.0004,0.0002
2024-04-08,1666.66,147.29,40.22,32.4,25.36,45.4,19.41,194.6,27.27,31.6,3536.41,0.0001,0.0051,0.0015,0.0002
2024-04-09,1662.22,146.48,40.11,32.31,25.15,45.54,19.67,196.0,27.36,31.84,3533.49,0.0013,0.0037,-0.0033,0.0002
2024-04-10,1647.98,143.12,39.2,32.49,25.63,45.45,19.17,192.74,27.19,31.18,3504.71,-0.01,-0.0137,-0.0104,0.0002
2024-04-11,1648.0,142.34,38.95,32.3,25.61,44.94,19.02,192.6,27.02,31.24,3504.24,0.0073,0.0024,-0.0062,0.0002
2024-04-12,1634.03,140.49,37.78,32.12,25.42,44.09,18.56,188.39,26.57,30.92,3475.84,-0.0153,-0.0033,0.0011,0.0002
2024-04-15,1672.98,147.32,38.36,32.83,25.89,44.56,18.69,197.14,27.04,31.19,3549.08,-0.0129,-0.0048,0.0076,0.0002
2024-04-16,1670.0,144.97,38.28,32.75,25.93,44.26,18.2,197.15,27.23,31.56,3511.11,-0.0023,-0.0003,-0.0083,0.0002
2024-04-17,1667.0,145.3,38.95,33.3,25.98,44.39,18.6,195.99,27.36,32.11,3565.4,-0.0064,-0.0048,0.0056,0.0002
2024-04-18,1670.78,144.98,39.7,33.65,25.95,42.35,18.79,195.56,27.7,31.97,3569.8,-0.0027,-0.0028,0.0087,0.0002
2024-04-19,1646.64,142.9,39.42,33.62,26.0,41.68,18.45,190.8,27.66,32.1,3541.66,-0.0081999999999999,0.0081999999999999,0.0191,0.0002
2024-04-22,1675.06,144.56,39.83,33.34,25.86,41.86,19.25,190.6,27.89,32.85,3530.9,0.0087,-0.0021,0.0055,0.0002
2024-04-23,1692.28,147.03,39.89,33.38,25.77,44.07,18.78,189.93,27.92,32.6,3506.22,0.0127,0.006,-0.0001,0.0002
2024-04-24,1693.6,148.98,40.6,33.46,25.77,43.7,18.5,189.6,27.98,32.51,3521.62,-0.0001,-0.0032,0.0027,0.0002
2024-04-25,1693.04,148.98,41.06,34.4,25.68,44.3,18.27,193.2,28.08,32.64,3530.28,-0.0046999999999999,-0.0031,-0.0019,0.0002
2024-04-26,1709.43,152.25,41.53,34.48,25.57,45.61,18.62,198.48,28.01,32.87,3584.27,0.0103,0.0046999999999999,-0.0109,0.0002
2024-04-29,1704.0,151.75,42.08,34.88,25.48,46.18,19.0,209.63,28.29,33.26,3623.91,0.0033,0.0038,-0.0049,0.0002
2024-04-30,1705.0,150.43,41.36,34.31,25.79,46.16,18.2,202.6,28.61,33.11,3604.39,-0.0167,-0.0021,-0.0024,0.0002
2024-05-06,1760.2,155.01,42.49,34.88,25.47,47.16,18.51,206.98,28.8,33.76,3657.88,0.0108,0.0002,-0.0005,0.0002
2024-05-07,1770.0,155.94,42.59,34.87,25.35,47.23,18.77,206.88,28.35,33.63,3659.01,0.0005,0.0006,-0.0058,0.0002
2024-05-08,1763.97,155.0,41.95,34.57,25.31,46.42,18.51,203.23,28.23,32.74,3630.22,-0.0009,-0.0053,0.0056999999999999,0.0002
2024-05-09,1756.0,154.84,42.34,34.84,25.36,46.9,18.96,209.4,28.22,33.05,3664.56,0.0052,0.0042,0.0037,0.0002
2024-05-10,1738.98,154.43,42.93,35.62,25.48,46.48,18.62,203.5,27.95,33.17,3666.28,0.0009,-0.0089,-0.0004,0.0002
2024-05-13,1706.0,151.1,42.65,35.91,25.62,45.53,18.92,199.35,28.0,33.22,3664.69,-0.0004,0.0023,-0.0025,0.0002
2024-05-14,1701.98,151.34,42.31,35.34,25.58,45.33,18.83,199.01,27.86,33.53,3657.05,0.0056,0.0051,0.0002,0.0002
2024-05-15,1700.0,151.37,41.84,35.05,25.48,44.67,18.67,197.89,27.8,33.21,3626.06,0.0115,-0.0034,-0.0024,0.0002
2024-05-16,1704.5,154.05,43.05,36.25,25.42,44.69,18.54,199.67,27.77,33.09,3640.36,-0.0025,-0.0015,0.0,0.0002
2024-05-17,1715.0,156.41,45.2,36.85,25.78,44.75,18.62,203.0,28.11,33.69,3677.97,0.0011,-0.0023,0.0039,0.0002
2024-05-20,1709.0,157.3,45.46,36.38,25.99,43.81,18.5,203.45,28.56,33.88,3690.96,0.0014,0.0027,-0.0089,0.0002
2024-05-21,1705.0,156.54,45.4,36.24,26.1,43.8,18.3,201.56,29.16,32.92,3676.16,0.0016,-0.0045,0.0019,0.0002
2024-05-22,1697.71,155.12,45.4,36.06,25.98,43.54,19.56,204.89,29.23,33.03,3684.45,-0.0034999999999999,-0.0029,-0.0036,0.0002
2024-05-23,1692.01,153.6,44.78,35.5,26.15,43.05,18.93,204.34,29.29,32.48,3641.79,-0.0084,-0.006,-0.0064,0.0002
2024-05-24,1677.08,151.15,43.89,34.74,26.3,42.44,18.76,200.98,28.88,32.48,3601.48,0.0070999999999999,0.0004,0.0013,0.0002
2024-05-27,1670.12,151.58,44.1,35.14,26.51,42.7,18.53,200.01,29.02,32.58,3635.71,0.0070999999999999,0.0004,0.0013,0.0002
2024-05-28,1664.64,150.03,43.76,34.83,26.71,43.27,18.49,197.8,28.77,32.59,3609.17,-0.0004,0.0029,-0.0088,0.0002
2024-05-29,1674.0,149.21,43.47,34.57,26.69,43.02,19.0,198.79,28.95,32.7,3613.52,-0.0077,-0.0028,-0.0062,0.0002
2024-05-30,1649.0,146.26,43.15,34.34,26.7,42.88,18.9,199.35,28.51,32.66,3594.31,-0.0053,0.0103,0.0101,0.0002
2024-05-31,1648.45,146.7,43.07,34.28,26.61,42.36,18.59,197.76,28.31,32.61,3579.92,0.0068,-0.0036,0.0077,0.0002
2024-06-03,1639.39,145.98,43.13,34.15,27.43,42.5,18.52,202.5,28.58,32.66,3588.75,0.0005,-0.0021,-0.0056,0.0002
2024-06-04,1653.2,147.78,43.27,34.54,27.48,43.83,18.63,205.97,28.62,32.95,3615.67,-0.0006,-0.0098,-0.0076,0.0002
2024-06-05,1644.0,145.76,43.08,33.99,27.96,43.92,18.28,204.12,27.32,33.42,3594.79,0.0123,0.0046999999999999,-0.0062,0.0002
2024-06-06,1639.81,144.9,42.45,34.0,28.03,42.91,17.18,204.79,27.47,33.12,3592.25,-0.0006,-0.0044,-0.0008,0.0002
2024-06-07,1619.18,142.34,42.12,33.99,28.31,42.15,16.74,193.2,27.06,33.12,3574.11,-0.0023,-0.0098999999999999,0.0008,0.0002
2024-06-11,1569.0,138.48,41.83,33.36,28.18,42.72,16.59,188.77,26.72,33.5,3542.88,0.002,0.0013,-0.0106,0.0002
2024-06-12,1571.68,137.9,41.4,33.09,28.38,42.1,16.65,185.6,27.02,32.88,3544.12,0.0093999999999999,0.0084,0.0009,0.0002
2024-06-13,1555.01,134.56,41.3,32.82,28.7,42.06,16.51,185.18,26.87,32.48,3526.13,0.0005,-0.0085,-0.0063,0.0002
2024-06-14,1555.0,135.68,41.87,33.81,27.9,41.9,16.72,184.89,27.17,32.93,3541.53,-0.0016,-0.0129,-0.0063,0.0002
2024-06-17,1541.5,135.73,41.58,33.73,27.89,42.53,16.72,188.2,26.88,32.2,3536.2,0.0078,-0.0040999999999999,0.0052,0.0002
2024-06-18,1521.5,133.89,41.73,33.71,27.8,41.97,16.74,190.33,26.4,32.46,3545.59,0.002,-0.0053,0.0037,0.0002
2024-06-19,1501.0,134.22,42.0,34.15,28.04,41.36,16.36,189.01,26.32,32.23,3528.75,0.002,-0.0053,0.0037,0.0002
2024-06-20,1500.1,132.2,41.51,34.01,28.34,40.6,15.58,187.99,25.65,31.65,3503.28,-0.003,-0.0037,0.0025,0.0002
2024-06-21,1471.0,130.2,41.67,33.7,28.33,40.04,15.46,185.16,25.78,31.85,3495.62,-0.0013,0.0058,-0.005,0.0002
2024-06-24,1476.55,131.03,41.8,34.07,28.89,40.29,15.03,186.98,25.97,31.42,3476.81,-0.0026,0.0024,0.011,0.0002
2024-06-25,1486.65,131.51,41.55,34.3,28.65,39.7,14.44,186.32,25.77,30.92,3457.9,0.0031,-0.0056999999999999,-0.012,0.0002
2024-06-26,1489.22,131.3,41.65,34.06,28.65,39.9,14.66,185.51,25.99,31.04,3480.26,0.0016,0.0011,-0.0023,0.0002
2024-06-27,1490.49,129.65,41.42,34.26,28.82,39.24,14.26,185.0,25.77,30.71,3454.12,0.0014,0.0072,-0.0038,0.0002
2024-06-28,1467.39,128.04,41.36,34.19,28.92,38.46,14.02,180.03,25.84,30.91,3461.66,-0.0034999999999999,0.0073,0.0126,0.0002
2024-07-01,1440.38,128.3,41.62,34.36,29.48,38.27,14.05,176.07,25.97,30.81,3478.18,0.0023,-0.0098999999999999,-0.0046999999999999,0.0002
2024-07-02,1490.7,131.56,42.17,35.08,29.48,37.47,13.82,176.08,25.77,30.12,3471.79,0.0056999999999999,-0.0054,0.0040999999999999,0.0002
2024-07-03,1500.0,131.0,42.27,34.46,29.3,38.67,13.85,179.5,25.81,30.17,3463.41,0.0048,-0.0004,-0.0069,0.0002
2024-07-04,1485.74,130.59,41.98,34.71,29.39,38.45,13.46,179.6,25.61,29.75,3445.81,0.0048,-0.0004,-0.0069,0.0002
2024-07-05,1453.0,128.95,41.12,33.88,29.32,40.03,13.51,177.62,25.45,29.83,3431.06,0.0048,-0.0046999999999999,-0.0141999999999999,0.0002
2024-07-08,1420.0,125.91,40.84,33.99,29.92,39.21,13.09,175.91,25.2,29.33,3401.76,0.001,0.0062,-0.0019,0.0002
2024-07-09,1438.03,127.07,41.52,34.47,30.31,38.99,13.16,175.77,25.0,29.41,3439.81,0.0,-0.006,0.005,0.0002
2024-07-10,1437.59,126.54,41.86,34.68,30.1,39.41,13.56,173.05,25.13,29.42,3428.97,0.0097,-0.0007,0.0040999999999999,0.0002
2024-07-11,1462.09,130.48,41.94,32.9,30.19,40.6,14.22,177.01,25.7,30.1,3468.17,-0.006,0.036,0.0176,0.0002
2024-07-12,1478.82,127.4,42.68,34.0,29.88,41.27,14.18,179.8,25.5,30.03,3472.4,0.0058,0.0072,-0.0046999999999999,0.0002
2024-07-15,1474.9,127.5,42.53,33.78,30.43,40.78,13.89,178.12,25.49,30.03,3476.25,0.0038,0.0098999999999999,0.0058,0.0002
2024-07-16,1476.0,127.48,41.19,33.79,30.8,40.95,14.07,179.3,25.54,30.25,3498.28,0.0081999999999999,0.0235,0.0134,0.0002
2024-07-17,1501.4,130.76,42.29,34.07,30.8,41.74,14.1,180.89,26.0,30.28,3501.58,-0.0149,-0.0032,0.0245,0.0002
2024-07-18,1497.51,131.1,42.37,34.09,31.36,42.15,14.11,188.35,26.21,30.02,3520.93,-0.0095,-0.0109,0.0003,0.0002
2024-07-19,1525.62,133.42,43.03,34.25,30.58,42.23,14.39,189.44,26.4,30.3,3539.02,-0.0068,0.0017,-0.0014,0.0002
2024-07-22,1499.0,131.22,43.0,33.34,30.38,42.77,14.38,189.52,26.1,30.37,3514.92,0.0108,0.0088,-0.0056,0.0002
2024-07-23,1455.0,126.8,42.79,33.34,30.67,41.41,14.02,186.2,25.42,29.58,3439.88,-0.0007,0.0129,0.0001,0.0002
2024-07-24,1440.02,126.06,42.56,33.18,31.04,41.4,13.65,186.32,25.05,29.32,3418.17,-0.024,-0.0066,0.0172,0.0002
2024-07-25,1430.49,125.78,42.57,32.83,30.83,41.46,13.98,187.73,25.04,29.3,3399.27,-0.003,0.0148,0.0067,0.0002
2024-07-26,1422.19,126.2,41.09,32.37,30.15,41.07,14.14,189.35,25.08,29.55,3409.29,0.011,0.0053,-0.0017,0.0002
2024-07-29,1398.02,124.1,41.32,32.45,30.2,40.49,13.83,184.53,24.74,29.11,3390.74,-0.0002,-0.0101,-0.0048,0.0002
2024-07-30,1379.99,123.29,41.33,32.42,30.11,40.0,13.88,184.89,24.4,28.67,3369.38,-0.0049,0.0009,0.0136,0.0002
2024-07-31,1421.28,126.86,42.56,32.73,29.86,42.21,14.5,186.31,25.09,29.07,3442.08,0.0152,-0.0034,-0.0134,0.0002
2024-08-01,1386.16,124.0,42.51,32.71,30.12,41.95,14.37,180.3,24.5,28.77,3419.27,-0.0161,-0.0131,-0.0065,0.0002
2024-08-02,1385.45,123.7,41.82,32.28,30.24,42.17,14.22,177.09,24.44,28.38,3384.39,-0.0210999999999999,-0.0102,-0.0076,0.0002
2024-08-05,1410.01,126.0,42.0,32.1,29.9,42.65,14.09,177.0,24.32,27.53,3343.32,-0.0302,-0.0046,0.0001,0.0002
2024-08-06,1404.7,125.9,40.9,31.7,29.46,42.91,14.45,174.95,24.31,27.73,3342.98,0.01,0.0003,-0.0056999999999999,0.0002
2024-08-07,1415.5,127.0,40.7,31.58,29.75,42.15,14.23,173.67,24.11,27.52,3341.49,-0.0083,-0.0077,0.0070999999999999,0.0002
2024-08-08,1430.69,128.35,40.82,31.93,29.78,42.58,14.15,172.4,24.39,27.59,3342.94,0.0237999999999999,0.0043,-0.0081,0.0002
2024-08-09,1436.8,128.08,40.61,32.33,29.54,42.42,13.81,170.0,24.19,27.2,3331.63,0.0043,-0.0077,-0.0034,0.0002
2024-08-12,1436.1,127.71,40.62,32.12,29.18,43.63,13.93,169.0,24.35,27.13,3325.86,-0.0008,-0.0066,-0.0059,0.0002
2024-08-13,1423.01,125.6,40.78,31.94,29.26,42.67,14.01,173.78,24.09,27.15,3334.39,0.0169,0.0056999999999999,-0.0075,0.0002
2024-08-14,1413.3,124.33,40.49,31.86,29.55,42.5,13.82,172.21,23.84,27.25,3309.24,0.003,-0.0113,0.0025,0.0002
2024-08-15,1426.89,124.95,41.32,32.76,29.8,42.92,14.07,173.4,24.06,27.45,3341.95,0.0177,0.0127,-0.0076,0.0002
2024-08-16,1431.2,125.01,41.61,33.15,29.62,43.12,13.72,173.62,24.03,27.54,3345.63,0.0022,-0.0003,0.0077,0.0002
2024-08-19,1425.44,123.95,42.07,33.42,29.73,42.11,13.48,175.6,23.91,26.71,3356.97,0.0098,0.0046,-0.0026,0.0002
2024-08-20,1422.72,123.15,41.92,33.48,29.65,42.25,13.3,174.87,23.54,26.44,3332.7,-0.0031,-0.0067,-0.0065,0.0002
2024-08-21,1417.58,122.2,41.97,33.24,29.75,42.31,13.22,174.01,23.39,26.53,3321.64,0.0051,0.0102,-0.0064,0.0002
2024-08-22,1410.05,120.99,41.71,33.3,30.24,43.93,12.88,178.8,23.03,26.22,3313.14,-0.0096,-0.0068,0.0137,0.0002
2024-08-23,1414.99,121.11,43.35,33.7,29.91,43.62,12.9,181.8,23.19,26.55,3327.19,0.0129,0.0191,0.0084,0.0002
2024-08-26,1412.0,118.12,43.35,33.77,29.82,43.32,12.99,183.92,22.84,26.38,3324.22,-0.0034,0.001,0.0018,0.0002
2024-08-27,1404.07,117.7,43.15,33.7,29.8,43.6,13.23,183.5,22.64,26.14,3305.33,0.0005,-0.0085,0.0001,0.0002
2024-08-28,1389.0,114.0,43.19,33.68,29.82,43.5,13.14,182.82,22.25,26.2,3286.5,-0.0066,-0.0056,0.0115,0.0002
2024-08-29,1413.3,118.78,42.62,32.93,29.36,44.32,13.56,180.8,22.87,26.17,3277.68,0.0007,0.0038,0.003,0.0002
2024-08-30,1443.19,123.03,44.03,32.15,29.38,44.13,13.81,184.34,22.63,26.72,3321.43,0.0098,-0.0055,0.0006,0.0002
2024-09-02,1395.0,119.0,43.45,31.93,29.71,43.9,13.19,181.19,21.64,26.17,3265.01,0.0098,-0.0055,0.0006,0.0002
2024-09-03,1410.0,120.32,43.21,31.62,29.11,44.58,13.51,185.65,22.21,26.4,3273.43,-0.0226,-0.0125,0.0138,0.0002
2024-09-04,1400.0,119.11,42.64,31.36,29.15,44.51,13.67,187.15,22.17,26.54,3252.16,-0.0022,0.0015,-0.0058,0.0002
2024-09-05,1404.88,119.55,43.42,31.2,29.12,45.0,13.76,186.8,22.52,26.48,3257.76,-0.0031,0.0027,-0.0069,0.0002
2024-09-06,1398.0,117.53,43.25,31.25,29.1,44.4,13.53,185.95,22.26,26.15,3231.35,-0.0182,-0.0021,0.0018,0.0002
2024-09-09,1375.0,116.22,42.68,30.24,29.35,44.55,13.31,185.15,22.07,25.33,3192.95,0.0109,-0.0083,-0.0073,0.0002
2024-09-10,1378.0,116.43,42.66,30.19,29.15,44.48,13.13,181.16,21.95,25.85,3195.76,0.004,0.0016,-0.0083,0.0002
2024-09-11,1380.0,116.01,42.52,30.08,27.8,45.43,13.36,186.56,22.23,25.73,3186.13,0.0104,-0.0003,-0.0165,0.0002
2024-09-12,1335.06,113.36,42.6,30.23,27.86,44.97,13.43,189.35,21.86,25.27,3172.47,0.008,0.0062,-0.0052,0.0002
2024-09-13,1304.13,109.2,42.89,30.6,28.3,44.77,13.14,183.5,21.57,25.08,3159.25,0.0069999999999999,0.019,0.0002,0.0002
2024-09-18,1266.9,107.69,43.7,31.11,28.32,45.12,12.96,186.4,21.37,25.13,3171.01,-0.0025,0.0012,0.0026,0.0002
2024-09-19,1261.0,110.9,44.03,30.82,28.33,45.0,13.32,186.9,22.04,25.17,3196.04,0.0177,0.0048,-0.002,0.0002
2024-09-20,1263.92,110.28,44.15,30.94,28.15,42.71,12.8,185.6,21.98,25.34,3201.05,-0.0026,-0.0073,-0.0063,0.0002
2024-09-23,1261.54,112.29,44.09,31.39,28.2,42.71,12.73,188.2,21.89,25.35,3212.76,0.0021,-0.0081,-0.001,0.0002
2024-09-24,1372.6,120.36,46.5,33.13,28.76,43.66,13.59,197.52,23.25,26.17,3351.91,0.0024,0.0011,-0.0056999999999999,0.0002
2024-09-25,1399.0,122.1,47.36,34.15,28.93,43.84,13.74,203.1,23.53,26.91,3401.53,-0.0029,-0.0066,-0.0070999999999999,0.0002
2024-09-26,1529.0,134.31,50.42,35.38,29.13,46.46,14.56,205.51,25.52,28.22,3545.32,0.0043,0.0018,0.0043,0.0002
2024-09-27,1629.2,147.74,51.9,35.63,28.99,48.68,15.96,226.81,27.6,29.69,3703.68,-0.0009,0.0043,0.0056,0.0002
2024-09-30,1748.0,162.51,57.09,37.61,30.05,52.3,17.56,251.89,29.07,32.29,4017.85,0.0036,-0.0012,0.0015,0.0002
2024-10-08,1723.0,164.05,61.73,40.0,29.22,56.01,19.28,299.0,28.96,33.83,4256.1,0.0087,-0.0029,-0.0113999999999999,0.0002
2024-10-09,1595.15,147.68,55.7,37.01,28.55,51.68,17.35,255.0,26.53,31.5,3955.98,0.0069,-0.0046,0.0018,0.0002
2024-10-10,1640.0,151.98,58.5,38.73,29.18,52.57,16.95,258.0,27.62,31.37,3997.79,-0.002,-0.0032,0.0009,0.0002
2024-10-11,1604.99,149.65,57.54,38.43,29.21,50.2,16.2,241.79,27.35,29.63,3887.17,0.0075,0.0107,0.0076,0.0002
2024-10-14,1601.99,149.76,58.67,39.33,29.35,51.39,16.75,249.72,27.36,30.42,3961.34,0.0069999999999999,-0.0002,-0.0032,0.0002
2024-10-15,1554.25,144.0,57.19,38.5,28.88,50.6,16.3,241.22,26.5,29.31,3855.99,-0.0072,0.0076,0.0051,0.0002
2024-10-16,1522.5,141.65,57.38,39.5,28.71,49.18,15.93,233.85,26.15,28.28,3831.59,0.0052,0.0091,0.0054,0.0002
2024-10-17,1494.6,137.95,57.0,38.49,28.3,49.22,15.61,231.5,25.52,27.99,3788.22,-0.0005,-0.0009,0.0016,0.0002
2024-10-18,1541.0,143.0,57.18,39.05,28.43,50.48,16.45,249.89,26.4,28.87,3925.23,0.0036,-0.0018,-0.0075,0.0002
2024-10-21,1528.8,143.01,56.9,38.85,27.96,50.56,17.51,253.36,26.21,30.73,3935.2,-0.0029,-0.0103,-0.012,0.0002
2024-10-22,1543.0,145.44,57.06,39.17,28.08,50.76,18.38,250.55,26.61,30.84,3957.78,-0.0011,-0.0031,0.0056999999999999,0.0002
2024-10-23,1567.5,148.53,58.31,39.66,28.06,50.69,19.58,249.3,27.01,30.9,3973.21,-0.0097,-0.0038,0.0109,0.0002
2024-10-24,1552.2,146.46,58.1,39.31,28.0,48.67,18.6,246.16,26.52,30.66,3928.83,0.0029,0.0015,-0.0029,0.0002
2024-10-25,1558.85,148.11,57.7,39.1,27.54,48.0,20.46,258.88,26.68,30.95,3956.42,-0.0008,-0.0001,-0.0081999999999999,0.0002
2024-10-28,1565.0,153.97,57.5,38.52,27.54,48.59,20.08,256.24,27.12,30.61,3964.16,0.0038,0.0113999999999999,0.0063,0.0002
2024-10-29,1531.62,150.8,57.63,38.6,27.71,48.18,19.24,251.78,26.52,30.54,3924.65,0.0015,0.0014,-0.0108,0.0002
2024-10-30,1532.0,148.8,55.97,37.88,27.71,47.2,19.25,248.03,26.44,30.01,3889.45,-0.0032,-0.0008,0.0074,0.0002
2024-10-31,1527.79,146.83,55.92,37.36,27.58,46.6,19.74,245.98,27.91,30.11,3891.04,-0.018,-0.004,0.0063,0.0002
2024-11-01,1533.75,147.92,56.15,38.01,27.98,47.56,19.01,246.2,28.3,30.12,3890.02,0.0046999999999999,0.0059,-0.0108,0.0002
2024-11-04,1548.2,148.6,56.97,38.75,27.9,47.99,19.26,251.2,28.83,31.0,3944.76,-0.0027,0.0081999999999999,-0.0055,0.0002
2024-11-05,1576.99,152.8,58.75,39.08,27.86,48.68,19.63,261.39,29.07,31.42,4044.57,0.013,0.0081999999999999,-0.0013,0.0002
2024-11-06,1571.0,151.25,57.49,38.56,27.5,48.75,19.21,256.5,28.9,31.25,4024.28,0.0291,0.019,0.0356,0.0002
2024-11-07,1649.14,162.24,60.84,39.57,27.83,50.0,19.18,262.8,30.2,31.83,4145.7,0.0066,-0.0017,-0.0272,0.0002
2024-11-08,1609.97,156.47,59.12,38.8,27.62,49.5,19.23,257.5,30.13,31.6,4104.05,0.0043,0.0040999999999999,-0.0051,0.0002
2024-11-11,1598.01,154.82,58.4,38.33,27.48,49.43,20.02,267.5,30.01,32.88,4131.13,0.0032,0.0091,0.0085,0.0002
2024-11-12,1577.2,154.3,57.01,37.59,26.97,49.29,20.1,273.02,29.8,32.17,4085.74,-0.0038,-0.0124,0.0013,0.0002
2024-11-13,1578.5,153.94,57.19,37.82,27.39,49.35,20.08,282.0,30.01,32.42,4110.89,-0.0012,-0.0104,0.0019,0.0002
2024-11-14,1573.8,153.49,57.0,38.06,27.42,48.45,19.19,275.0,29.61,31.63,4039.62,-0.0070999999999999,-0.0081999999999999,0.0072,0.0002
2024-11-15,1559.0,151.29,55.8,37.82,27.1,47.7,18.52,265.56,29.29,31.4,3968.83,-0.0138,-0.0086,0.0166,0.0002
2024-11-18,1559.0,149.33,55.76,37.9,27.42,47.2,18.21,262.92,28.98,30.72,3950.38,0.0040999999999999,-0.0038,-0.0003,0.0002
2024-11-19,1541.92,148.45,55.61,37.72,27.37,47.43,18.64,268.72,28.87,31.09,3976.89,0.0049,0.008,-0.0162,0.0002
2024-11-20,1544.81,149.6,55.46,37.48,27.62,50.46,18.6,267.55,29.04,31.1,3985.77,0.0004,-0.0001,-0.0012,0.0002
2024-11-21,1545.13,149.5,55.49,37.43,27.67,50.19,18.61,268.26,29.17,30.89,3989.3,0.0065,0.0081,0.0029,0.0002
2024-11-22,1507.82,144.89,53.03,36.45,27.26,48.27,17.75,259.1,28.4,30.02,3865.7,0.0053,0.0125,0.0042,0.0002
2024-11-25,1498.57,143.8,52.57,36.22,27.13,47.76,17.81,264.1,28.22,29.59,3848.09,0.0040999999999999,0.0108,0.0021,0.0002
2024-11-26,1509.0,144.8,53.05,36.39,27.0,48.68,18.0,256.72,28.57,29.59,3840.18,0.0042,-0.0093999999999999,-0.0067,0.0002
2024-11-27,1519.05,147.05,53.55,36.6,27.39,49.99,18.35,259.9,28.87,30.02,3907.04,-0.0039,0.0027,0.0048,0.0002
2024-11-28,1518.0,144.0,53.17,36.47,27.43,49.7,18.27,254.7,28.51,29.8,3872.55,-0.0039,0.0027,0.0048,0.0002
2024-11-29,1525.74,146.77,53.25,36.34,27.32,50.69,18.5,261.24,28.58,30.08,3916.58,0.0054,0.0013,-0.0064,0.0002
2024-12-02,1525.0,147.4,54.01,36.51,27.61,50.45,18.43,262.19,28.82,30.23,3947.63,0.0023,0.0046,-0.0067,0.0002
2024-12-03,1526.74,146.99,54.43,37.12,27.95,49.63,18.48,261.84,29.26,29.99,3951.89,0.0004,-0.0056,-0.0056,0.0002
2024-12-04,1520.0,145.73,53.93,36.81,28.45,49.4,17.93,258.97,29.11,29.67,3930.56,0.0069999999999999,0.0042,-0.0124,0.0002
2024-12-05,1511.0,145.03,53.68,36.91,28.3,48.95,17.94,256.0,28.84,29.72,3921.59,-0.0028,-0.0111,0.0048,0.0002
2024-12-06,1521.01,146.44,55.12,37.7,28.18,49.53,17.85,266.55,29.24,30.64,3973.14,0.0034999999999999,0.0062,-0.0107,0.0002
2024-12-09,1518.8,145.76,54.83,37.7,28.41,49.38,17.63,268.05,28.82,31.27,3966.57,-0.0073,0.004,0.0013,0.0002
2024-12-10,1546.59,149.1,55.62,38.6,28.02,48.13,17.62,270.57,29.52,31.97,3995.64,-0.0036,-0.0003,0.0014,0.0002
2024-12-11,1535.6,149.4,54.9,38.3,28.17,48.15,17.69,267.1,29.77,31.51,3988.83,0.0087,0.0017,-0.0059,0.0002
2024-12-12,1565.8,151.82,55.58,38.8,28.4,48.04,17.78,273.71,30.23,31.58,4028.5,-0.0062,-0.0086,0.0042,0.0002
2024-12-13,1519.0,148.04,53.74,37.3,28.72,46.59,17.02,267.03,29.25,30.81,3933.18,-0.0005,-0.0048,-0.003,0.0002
2024-12-16,1527.2,144.59,53.12,37.74,29.28,46.07,16.86,267.2,29.2,30.4,3911.84,0.0046,0.0075,-0.0106,0.0002
2024-12-17,1558.0,144.89,53.01,37.85,29.27,46.5,16.68,273.8,29.61,30.5,3922.03,-0.0049,-0.0042,-0.0056999999999999,0.0002
2024-12-18,1571.5,145.2,52.94,38.52,29.42,46.59,16.63,271.41,29.61,31.0,3941.89,-0.0317,-0.0143,0.001,0.0002
2024-12-19,1551.01,143.55,52.89,38.02,29.26,46.54,16.62,269.79,29.37,31.04,3945.46,-0.0012,-0.0027,0.0001,0.0002
2024-12-20,1522.0,143.21,52.62,37.91,29.2,46.25,16.34,262.71,29.2,30.88,3927.74,0.0107,-0.0015,0.0006,0.0002
2024-12-23,1526.45,142.45,53.1,38.35,29.57,45.85,16.24,263.5,29.6,30.72,3933.57,0.0060999999999999,-0.0070999999999999,-0.0019,0.0002
2024-12-24,1538.82,143.48,53.78,39.22,29.81,46.33,16.39,268.23,30.1,30.74,3983.69,0.0111,-0.0009,-0.0007,0.0002
2024-12-25,1530.0,143.08,53.9,39.4,29.79,46.62,16.36,267.97,29.93,31.25,3985.63,0.0111,-0.0009,-0.0007,0.0002
2024-12-26,1527.79,142.49,53.45,39.48,29.32,46.11,16.19,261.25,29.97,31.5,3987.48,0.0001,0.0104,-0.0019,0.0002
2024-12-27,1528.97,142.52,53.27,39.34,29.61,46.1,16.15,262.0,30.15,31.06,3981.03,-0.0116999999999999,-0.0065,0.0056,0.0002
2024-12-30,1525.0,141.21,53.9,39.62,29.41,46.14,16.24,266.58,30.08,31.02,3999.05,-0.0109,0.0013,0.0074,0.0002
2024-12-31,1524.0,140.04,52.65,39.3,29.55,45.9,15.71,266.0,30.18,30.7,3934.91,-0.0046,0.0001,0.0072,0.0002
2025-01-02,1488.0,136.99,50.71,38.51,29.2,44.95,15.43,258.78,29.56,29.6,3820.4,-0.0016,0.001,-0.0031,0.0002
2025-01-03,1475.0,135.4,50.3,38.66,29.0,44.36,15.0,257.63,29.3,28.83,3775.16,0.0134,0.0060999999999999,-0.0093,0.0002
2025-01-06,1440.0,130.83,50.34,39.05,28.89,45.01,15.17,256.75,29.04,28.32,3768.97,0.0055,-0.0037,-0.0034,0.0002
2025-01-07,1440.2,130.85,50.17,38.9,28.7,44.04,15.24,249.45,28.88,28.41,3796.11,-0.0118,-0.0037,0.0084,0.0002
2025-01-08,1442.5,129.7,50.3,39.28,29.0,43.55,15.09,245.34,29.15,28.09,3789.22,0.001,-0.0059,-0.0009,0.0002
2025-01-09,1444.0,130.58,49.81,39.0,28.79,43.08,14.98,247.33,28.96,28.13,3779.88,0.001,-0.0059,-0.0009,0.0002
2025-01-10,1436.0,128.6,48.95,38.98,28.87,42.67,14.46,246.0,28.53,27.8,3732.48,-0.0155,-0.009,-0.0018,0.0002
2025-01-13,1443.98,129.2,48.59,39.07,28.81,42.81,14.63,246.91,28.45,27.67,3722.51,0.0012,-0.0058,0.0118999999999999,0.0002
2025-01-14,1472.5,133.02,49.36,39.85,28.84,44.29,15.11,256.2,28.65,28.36,3820.54,0.0017,0.0034999999999999,0.0166,0.0002
2025-01-15,1471.27,132.77,49.11,40.64,28.8,43.88,15.26,250.87,28.46,28.1,3796.03,0.0191,0.0026,0.0011,0.0002
2025-01-16,1446.38,131.48,49.25,40.99,28.84,42.9,15.4,249.93,28.33,28.13,3800.38,-0.0019,0.0001,0.0018,0.0002
2025-01-17,1454.75,132.3,49.38,40.71,29.01,42.84,15.16,251.5,28.4,28.2,3812.34,0.0096,-0.0053,0.0011,0.0002
2025-01-20,1474.8,134.3,49.81,40.12,28.97,44.52,15.14,265.52,27.8,28.28,3829.68,0.0096,-0.0053,0.0011,0.0002
2025-01-21,1468.15,133.39,49.9,40.14,29.16,45.13,14.8,264.18,27.57,28.39,3832.61,0.0096,0.0113999999999999,-0.0103,0.0002
2025-01-22,1441.0,130.35,48.95,39.45,28.69,44.43,14.61,258.0,27.4,28.46,3797.02,0.0054,-0.0045,-0.0121999999999999,0.0002
2025-01-23,1443.0,128.65,50.37,39.83,28.5,43.96,14.53,257.5,27.56,28.63,3803.74,0.0048,0.0005,-0.0027,0.0002
2025-01-24,1436.0,127.72,50.86,40.26,28.2,44.64,14.96,260.62,27.59,29.02,3832.86,-0.0027,-0.0015,0.0068,0.0002
2025-01-27,1434.99,127.2,50.85,40.65,28.9,44.65,14.9,257.0,27.83,29.03,3817.08,-0.0149,-0.0067,0.025,0.0002
2025-02-05,1403.8,125.01,49.72,40.0,28.35,44.01,15.08,252.12,26.85,30.0,3795.08,0.0039,0.0048,0.0029,0.0002
2025-02-06,1412.84,125.9,50.25,40.2,28.27,44.36,15.43,253.1,27.05,30.37,3842.83,0.0029,-0.0056,0.0059,0.0002
2025-02-07,1436.0,127.63,50.88,40.2,28.13,45.29,16.23,261.28,27.31,30.88,3892.7,-0.0098,-0.0039,-0.0002,0.0002
2025-02-10,1431.51,127.53,50.9,40.6,27.91,44.88,16.03,258.45,27.13,31.05,3901.06,0.0066,0.003,-0.011,0.0002
2025-02-11,1418.0,126.26,50.52,40.98,27.9,44.19,15.68,251.8,26.95,31.22,3883.14,-0.0014,-0.0069999999999999,0.013,0.0002
2025-02-12,1443.0,127.7,51.08,41.62,27.99,44.44,15.85,255.3,27.14,30.91,3919.86,-0.0031,-0.0048,-0.0063,0.0002
2025-02-13,1465.06,131.51,51.02,41.71,28.17,44.64,15.72,261.39,27.5,30.49,3905.14,0.011,0.0034999999999999,-0.0018,0.0002
2025-02-14,1475.0,131.23,51.7,42.03,28.21,45.5,15.81,269.71,27.62,31.54,3939.01,0.0002,-0.0018,0.0046999999999999,0.0002
2025-02-17,1471.62,131.55,51.84,41.72,28.17,45.26,16.04,269.4,27.43,31.58,3947.4,0.0002,-0.0018,0.0046999999999999,0.0002
2025-02-18,1475.0,130.2,51.31,42.05,28.36,44.82,15.83,270.77,27.26,32.1,3912.78,0.0025,-0.0013,0.0028,0.0002
2025-02-19,1491.0,131.11,51.45,41.98,28.07,44.71,16.35,273.55,28.1,32.25,3940.16,0.0009,-0.0062,-0.0007,0.0002
2025-02-20,1474.0,130.5,50.78,41.85,28.04,46.5,16.04,270.2,27.83,32.09,3928.9,-0.0060999999999999,-0.0046999999999999,-0.0015,0.0002
2025-02-21,1488.21,131.12,51.2,41.4,27.8,48.28,16.15,275.55,27.69,32.69,3978.44,-0.019,-0.0112,0.0076,0.0002
2025-02-24,1479.07,131.9,52.0,41.27,27.55,48.09,16.36,271.5,27.52,31.85,3969.72,-0.0056999999999999,-0.01,0.012,0.0002
2025-02-25,1454.0,128.75,50.98,41.03,27.33,47.37,16.45,269.48,27.36,31.1,3925.65,-0.0058,-0.0012,0.0070999999999999,0.0002
2025-02-26,1460.01,129.8,51.62,41.48,27.63,47.55,17.43,268.62,27.43,31.21,3959.94,0.0002,0.0018,-0.0034,0.0002
2025-02-27,1485.56,132.75,51.62,42.38,27.52,47.91,17.1,270.0,28.2,30.95,3968.12,-0.0165,-0.0093,0.0215,0.0002
2025-02-28,1500.79,131.58,50.38,42.05,27.38,45.96,16.71,264.3,28.28,30.14,3890.05,0.0159,-0.008,0.0013,0.0002
2025-03-03,1487.02,130.84,50.33,42.05,27.09,45.92,17.01,273.53,27.9,30.52,3888.47,-0.0192999999999999,-0.0123,0.0107,0.0002
2025-03-04,1470.11,129.75,50.08,41.8,27.15,45.86,17.43,263.0,27.77,30.85,3885.22,-0.0127,0.0096,-0.021,0.0002
2025-03-05,1466.37,128.61,50.38,42.89,27.48,45.98,17.06,260.99,27.79,31.16,3902.57,0.0116,0.0038,-0.0084,0.0002
2025-03-06,1505.98,131.68,51.64,42.96,27.22,46.52,17.13,264.31,27.99,33.6,3956.24,-0.0192,-0.0012,0.0093,0.0002
2025-03-07,1521.0,134.8,51.5,43.57,27.26,45.68,17.35,260.76,27.75,33.56,3944.01,0.0046,-0.0003,-0.0034999999999999,0.0002
2025-03-10,1522.9,132.69,51.25,43.07,27.1,45.49,17.22,256.5,27.37,33.63,3928.8,-0.0289999999999999,-0.0077,0.0072,0.0002
2025-03-11,1548.68,135.2,51.5,43.51,27.19,45.34,17.33,255.2,27.64,33.13,3941.42,-0.0063,0.0098,-0.0012,0.0002
2025-03-12,1542.58,132.97,51.15,43.54,27.12,45.0,17.03,254.5,27.4,33.28,3927.23,0.0051,0.0,-0.003,0.0002
2025-03-13,1537.77,132.39,51.14,43.84,27.25,45.03,16.81,253.22,27.39,33.16,3911.58,-0.0149,-0.01,0.0141999999999999,0.0002
2025-03-14,1628.01,140.8,53.47,45.16,27.45,46.54,17.52,262.0,29.75,33.35,4006.56,0.0220999999999999,0.0031,0.0008,0.0002
2025-03-17,1637.86,139.84,53.38,45.04,27.37,46.48,17.67,256.0,29.11,33.35,3996.79,0.0072,0.0019,0.0013,0.0002
2025-03-18,1624.0,139.55,53.76,45.14,27.2,46.5,17.9,257.0,28.81,33.37,4007.72,-0.0113,-0.0028,0.0103,0.0002
2025-03-19,1635.71,138.92,54.07,46.02,27.63,47.29,17.66,265.39,28.64,33.3,4010.17,0.012,0.0054,-0.004,0.0002
2025-03-20,1604.0,135.99,52.49,45.24,27.64,46.63,17.43,262.15,28.33,31.89,3974.99,-0.0024,-0.0044,0.0023,0.0002
2025-03-21,1573.75,134.6,51.75,44.7,27.4,44.85,17.06,256.0,27.67,31.33,3914.7,0.0008,-0.0026,-0.0072,0.0002
2025-03-24,1583.0,134.31,52.13,45.05,27.7,44.35,17.05,258.16,28.01,31.41,3934.85,0.0192999999999999,0.0076,-0.0042,0.0002
2025-03-25,1575.5,133.56,51.96,45.09,27.93,44.87,17.17,259.48,28.38,31.24,3932.3,0.0012,-0.0093999999999999,0.0005,0.0002
2025-03-26,1576.0,133.35,51.72,42.66,27.83,46.23,17.36,256.92,28.28,31.0,3919.36,-0.0121999999999999,-0.0048,0.0153,0.0002
2025-03-27,1589.0,133.9,52.06,43.26,27.77,48.39,17.04,258.88,28.41,31.08,3932.41,-0.0042,0.0019,0.0031,0.0002
2025-03-28,1585.21,133.23,51.96,43.22,27.85,48.61,16.87,256.8,28.22,30.97,3915.17,-0.0207,-0.0049,0.004,0.0002
2025-03-31,1561.0,131.35,51.63,43.29,27.81,49.2,15.85,252.94,28.08,30.7,3887.31,0.0039,-0.0108,0.0037,0.0002
2025-04-01,1556.02,131.79,51.62,42.87,27.9,51.8,16.04,249.06,28.07,30.46,3887.68,0.004,-0.0037,0.0003,0.0002
2025-04-02,1549.02,131.15,51.86,42.73,27.83,50.85,15.96,249.14,27.84,30.33,3884.39,0.0081,0.0081999999999999,-0.0012,0.0002
2025-04-03,1568.88,132.0,51.48,42.65,28.4,51.04,15.76,243.08,28.29,29.91,3861.5,-0.0513,-0.0163,-0.0048,0.0002
2025-04-07,1500.0,126.78,48.56,40.83,28.33,48.7,14.18,215.22,27.59,27.89,3589.44,-0.0023,-0.0056999999999999,-0.0023,0.0002
2025-04-08,1545.0,130.76,49.26,41.15,29.05,48.7,14.52,219.05,28.73,28.09,3650.76,-0.0167,-0.0138,0.0096,0.0002
2025-04-09,1541.04,132.25,48.93,40.46,29.57,48.22,14.71,211.39,29.53,28.17,3686.79,0.0965,0.0037,-0.0306,0.0002
2025-04-10,1549.0,133.15,49.48,41.1,29.17,48.5,15.03,217.98,29.68,28.83,3735.12,-0.0354,-0.0091,-0.0013,0.0002
2025-04-11,1568.98,131.6,49.35,41.51,29.2,48.38,14.8,224.0,29.25,28.5,3750.52,0.0176,-0.0019,-0.0098999999999999,0.0002
2025-04-14,1551.99,131.04,49.48,41.48,29.15,48.87,14.9,224.0,29.31,28.7,3759.14,0.0079,0.0011,0.0036,0.0002
2025-04-15,1558.0,131.35,49.83,42.1,29.27,48.27,14.73,228.15,29.38,28.58,3761.23,-0.0014,0.0017,0.0045,0.0002
2025-04-16,1559.17,132.3,49.88,42.25,29.4,48.9,14.98,224.89,29.7,28.36,3772.82,-0.0222,0.0077,0.0132,0.0002
2025-04-17,1570.0,132.53,50.16,42.12,29.21,48.78,14.97,226.0,29.68,28.21,3772.22,0.0022,0.0028,0.0074,0.0002
2025-04-18,1565.94,131.75,50.44,42.75,29.58,48.0,14.85,225.46,29.61,28.37,3772.52,0.0022,0.0028,0.0074,0.0002
2025-04-21,1551.0,130.34,50.28,42.28,29.31,49.17,14.87,231.36,29.08,28.88,3784.88,-0.024,0.0003,0.0067,0.0002
2025-04-22,1548.8,130.1,50.57,42.01,29.33,50.97,14.8,230.69,28.93,28.49,3783.95,0.0256,0.0008,0.0024,0.0002
2025-04-23,1552.0,129.97,50.7,41.99,29.2,51.09,14.9,233.35,29.0,28.48,3786.88,0.0175,0.002,-0.0067,0.0002
2025-04-24,1552.25,129.06,51.22,42.21,29.46,51.13,14.71,236.87,29.14,28.33,3784.36,0.0214,0.0037,-0.0093,0.0002
2025-04-25,1550.0,129.05,51.33,42.08,29.52,50.27,14.89,236.6,28.97,28.18,3786.99,0.0064,-0.0007,-0.0113999999999999,0.0002
2025-04-28,1550.0,130.85,51.21,42.35,29.72,49.97,14.95,234.85,28.6,28.06,3781.62,0.0008,0.0021,0.0014,0.0002
2025-04-29,1544.0,129.55,51.0,42.0,29.46,49.6,14.86,232.03,28.79,28.14,3775.08,0.0058,0.0002,-0.0003,0.0002
2025-04-30,1547.0,128.7,50.71,40.74,29.5,51.1,14.7,231.5,29.76,28.21,3770.57,0.0003,-0.0073,-0.006,0.0002
2025-05-06,1550.2,129.49,50.8,41.37,29.18,51.0,15.03,231.63,29.7,28.83,3808.54,-0.0081,-0.006,0.006,0.0002
2025-05-07,1555.0,129.99,51.18,42.02,29.35,51.51,15.1,238.61,29.58,28.84,3831.63,0.004,-0.0029,-0.0008,0.0002
2025-05-08,1578.19,131.8,51.96,42.8,29.31,51.56,15.27,244.57,29.54,28.92,3852.9,0.0074,0.0155,-0.0009,0.0002
2025-05-09,1591.18,131.58,51.75,43.48,29.55,52.81,14.92,248.27,29.52,28.65,3846.16,-0.0009,-0.0028,0.0056,0.0002
2025-05-12,1604.5,132.97,52.6,43.8,29.54,50.69,15.39,257.0,29.84,28.94,3890.61,0.0336,0.0075,-0.0141999999999999,0.0002
2025-05-13,1590.3,132.99,52.46,44.56,29.74,51.23,15.63,258.77,29.75,28.82,3896.26,0.0079,-0.0001,-0.0016,0.0002
2025-05-14,1634.99,135.26,54.69,44.81,30.08,52.9,15.53,262.6,29.95,29.01,3943.21,0.0008,-0.0051,-0.0087,0.0002
2025-05-15,1632.01,133.67,54.25,44.92,30.35,53.69,15.09,260.18,30.07,28.79,3907.2,0.003,0.0001,0.0044,0.0002
2025-05-16,1614.13,131.08,53.39,44.27,30.1,53.85,15.15,259.36,29.99,28.8,3889.09,0.0074,0.0005,-0.0044,0.0002
2025-05-19,1578.98,129.3,53.3,43.84,30.47,53.45,15.09,260.0,29.94,28.77,3877.15,0.0001,-0.004,-0.0006,0.0002
2025-05-20,1586.0,129.13,53.68,43.9,30.68,54.45,15.11,263.0,30.6,28.18,3898.17,-0.0037,0.0044,-0.0013,0.0002
2025-05-21,1580.97,129.26,53.85,43.9,30.8,55.94,15.13,274.08,30.4,28.48,3916.38,-0.0173,-0.0101,-0.003,0.0002
2025-05-22,1580.0,129.09,53.84,44.51,31.03,55.6,15.01,270.37,30.56,28.31,3913.87,-0.0001,0.003,-0.0042,0.0002
2025-05-23,1572.6,128.15,53.23,44.05,30.49,54.5,14.92,266.99,30.6,28.18,3882.27,-0.0067,-0.0007,0.0039,0.0002
2025-05-26,1550.5,126.41,53.4,43.8,30.34,53.35,14.99,255.9,30.78,28.24,3860.11,-0.0067,-0.0007,0.0039,0.0002
2025-05-27,1543.9,126.16,53.4,43.74,30.26,53.42,14.44,253.99,30.63,28.11,3839.4,0.0207,0.0059,-0.0028,0.0002
2025-05-28,1537.0,126.92,53.29,43.68,30.53,54.25,14.35,253.6,30.98,28.01,3836.24,-0.0062,-0.0031,-0.0023,0.0002
2025-05-29,1540.0,127.32,53.52,43.47,30.29,54.1,14.53,251.85,30.41,28.28,3858.7,0.0033,-0.0014,0.0034,0.0002
2025-05-30,1522.0,126.44,53.28,43.43,30.2,54.74,14.38,250.0,30.3,28.13,3840.23,-0.0002,-0.004,-0.002,0.0002
2025-06-03,1509.0,124.68,53.85,43.97,30.15,54.88,14.35,251.15,30.57,28.04,3852.01,0.0066,0.0105,-0.003,0.0002
2025-06-04,1509.96,124.55,53.76,44.06,29.89,55.29,14.48,251.05,30.59,28.25,3868.74,-0.0002,0.0029,-0.0125,0.0002
2025-06-05,1514.0,125.03,53.99,44.37,29.8,53.88,14.5,251.5,30.2,28.48,3877.56,-0.0051,0.0036,0.0009,0.0002
2025-06-06,1506.39,125.09,53.41,44.47,29.99,53.8,14.47,248.88,28.66,28.55,3873.98,0.0107,0.0056,0.0006,0.0002
2025-06-09,1486.11,124.96,53.72,44.6,29.98,54.36,14.48,245.58,28.8,28.45,3885.25,0.0011,0.0053,-0.0007,0.0002
2025-06-10,1475.01,124.39,53.43,44.67,30.03,55.13,14.3,243.14,28.55,28.13,3865.47,0.005,-0.0013,0.003,0.0002
2025-06-11,1480.0,124.7,54.46,45.31,30.18,54.71,14.72,250.5,28.44,28.12,3894.63,-0.0032,-0.0024,0.0019,0.0002
2025-06-12,1459.0,122.5,54.81,45.23,30.19,55.82,14.74,249.81,28.21,27.99,3892.2,0.003,-0.0073,-0.0001,0.0002
2025-06-13,1426.95,119.12,54.48,45.18,30.62,53.89,14.42,248.2,28.0,27.76,3864.18,-0.0115,-0.0112,0.0014,0.0002
2025-06-16,1422.29,118.27,54.32,45.78,30.46,53.76,14.64,246.66,28.06,27.59,3873.8,0.0097,0.0056,-0.0037,0.0002
2025-06-17,1427.0,117.71,54.23,45.98,30.67,51.84,14.58,246.26,28.07,27.62,3870.38,-0.0088,-0.0027,-0.0005,0.0002
2025-06-18,1425.0,118.33,53.81,45.85,30.71,51.81,14.59,245.57,27.92,27.65,3874.97,0.0003,0.0028,0.0037,0.0002
2025-06-19,1426.0,117.28,53.2,45.63,30.72,51.58,14.33,242.1,27.71,27.45,3843.09,0.0003,0.0028,0.0037,0.0002
2025-06-20,1428.66,119.56,54.74,45.99,30.4,51.76,14.24,240.26,27.92,27.26,3846.64,-0.0022,-0.0026,0.0044,0.0002
2025-06-23,1420.0,118.28,55.1,46.25,30.65,51.96,14.29,239.61,27.57,27.32,3857.9,0.0093,0.0051,-0.0011,0.0002
2025-06-24,1437.2,119.75,56.79,46.75,30.58,52.15,14.51,245.92,27.67,27.61,3904.03,0.0116999999999999,0.005,-0.0051,0.0002
2025-06-25,1435.86,120.18,57.88,47.5,30.88,52.95,14.64,254.9,27.77,27.81,3960.07,-0.0007,-0.0093999999999999,-0.0006,0.0002
2025-06-26,1420.0,119.73,57.58,47.88,31.11,52.08,14.47,252.79,28.0,27.59,3946.02,0.0088,0.0070999999999999,0.0032,0.0002
2025-06-27,1403.09,119.18,56.96,46.22,30.22,51.95,14.57,250.99,27.92,27.64,3921.76,0.0046,-0.0021,0.0,0.0002
2025-06-30,1409.52,118.9,55.48,45.95,30.14,51.9,15.02,252.22,27.88,27.73,3936.08,0.0049,-0.0042,-0.0012,0.0002
2025-07-01,1405.1,118.63,55.7,46.45,30.37,52.46,14.86,251.5,27.67,27.53,3942.76,-0.001,0.0093,0.0235,0.0002
2025-07-02,1409.6,119.18,55.81,46.9,30.25,52.25,15.56,250.45,27.81,27.51,3943.68,0.0056,0.0118999999999999,-0.0008,0.0002
2025-07-03,1415.6,119.62,55.8,46.61,30.09,52.47,15.54,262.59,27.75,27.71,3968.07,0.0088,0.0022,-0.0031,0.0002
2025-07-04,1422.22,120.39,56.57,47.07,30.16,53.26,15.57,265.8,27.77,27.61,3982.2,0.0088,0.0022,-0.0031,0.0002
2025-07-07,1410.7,119.91,56.43,47.2,30.26,52.65,15.47,260.89,27.37,27.43,3965.17,-0.0084,-0.0069,-0.0024,0.0002
2025-07-08,1416.11,120.78,56.45,47.62,29.92,53.4,16.47,263.31,27.49,27.62,3998.45,-0.0008,0.0102,0.0039,0.0002
2025-07-09,1418.88,121.6,55.9,47.13,29.98,57.19,16.37,270.8,27.69,27.68,3991.4,0.0063,0.0069,-0.0081,0.0002
2025-07-10,1426.5,122.58,57.13,48.24,29.9,57.6,16.46,272.0,27.66,27.78,4010.02,0.0025,0.0006,0.0065,0.0002
2025-07-11,1427.0,124.3,57.71,45.64,30.4,56.9,16.25,271.5,27.69,27.9,4014.81,-0.0044,-0.0108,0.0034999999999999,0.0002
2025-07-14,1423.6,125.41,57.57,45.57,30.61,57.21,16.16,268.5,27.49,27.76,4017.67,0.0021,0.0032,-0.0036,0.0002
2025-07-15,1411.0,125.0,57.1,45.22,30.48,57.22,16.02,267.75,27.38,27.93,4019.06,-0.0052,-0.0098,-0.0149,0.0002
2025-07-16,1411.03,125.28,56.83,45.11,30.34,57.22,15.91,264.4,27.52,27.72,4007.2,0.0038,0.0064,-0.0044,0.0002
2025-07-17,1416.35,125.82,56.81,45.0,30.16,57.73,16.21,265.5,28.1,27.94,4034.49,0.0059,0.0064,0.0014,0.0002
2025-07-18,1437.0,123.78,57.07,45.05,29.5,58.76,16.07,271.2,28.07,28.01,4058.55,-0.0002,-0.0081999999999999,0.003,0.0002
2025-07-21,1443.0,122.56,57.19,44.85,29.51,58.0,16.31,279.66,28.19,28.14,4085.61,0.0005,-0.0011,0.0023,0.0002
2025-07-22,1464.98,125.53,56.7,44.94,29.36,57.41,16.57,286.66,28.37,28.4,4118.96,0.0008,0.0069999999999999,0.0112,0.0002
2025-07-23,1475.5,125.2,58.0,45.12,29.18,57.13,16.36,287.02,28.29,28.27,4119.77,0.0077,0.0079,-0.0042,0.0002
2025-07-24,1491.5,125.55,58.64,44.88,28.94,57.5,16.88,285.2,28.24,28.64,4149.04,-0.0003,-0.0127,-0.0068,0.0002
2025-07-25,1455.0,123.54,58.08,44.83,28.75,56.4,16.52,282.8,27.83,28.66,4127.16,0.004,-0.0005,-0.0007,0.0002
2025-07-28,1438.66,124.06,60.09,44.44,28.64,62.04,16.41,286.3,27.73,28.59,4135.82,0.0004,0.0008,-0.0037,0.0002
2025-07-29,1439.0,123.52,59.49,44.14,28.63,63.8,16.56,291.82,27.52,28.56,4152.02,-0.0037,-0.0093,0.0009,0.0002
2025-07-30,1449.44,124.52,60.71,44.42,28.7,63.59,16.38,277.09,27.88,28.49,4151.24,-0.0011,-0.0058,-0.0086,0.0002
2025-07-31,1421.67,121.15,58.69,44.48,27.84,62.9,15.76,264.62,27.41,28.1,4075.59,-0.0034,-0.0034999999999999,-0.0077,0.0002
2025-08-01,1417.0,121.0,58.2,44.42,27.99,61.31,15.92,263.07,27.51,29.11,4054.93,-0.0174,-0.0052,-0.001,0.0002
2025-08-04,1419.0,120.92,58.21,44.9,28.14,62.0,15.78,266.48,27.48,28.57,4070.7,0.0153,0.0089,-0.0104,0.0002
2025-08-05,1427.74,121.95,59.14,45.25,28.1,62.3,15.92,265.7,27.55,29.33,4103.45,-0.0042,0.0065,0.0059,0.0002
2025-08-06,1423.88,122.16,59.06,45.12,27.97,61.58,15.94,265.0,27.57,29.28,4113.49,0.0070999999999999,-0.0031,-0.0063,0.0002
2025-08-07,1422.35,122.55,58.88,45.15,28.06,60.81,15.84,263.05,27.57,29.15,4114.67,-0.0014,-0.0029,0.002,0.0002
2025-08-08,1420.97,122.22,58.54,44.53,27.86,60.99,15.82,263.48,27.3,28.77,4104.97,0.0069,-0.0053,0.001,0.0002
2025-08-11,1445.0,123.94,58.47,44.1,27.69,61.07,16.01,263.66,27.57,28.85,4122.51,-0.0024,0.0016,0.0002,0.0002
2025-08-12,1437.04,123.19,58.75,44.0,27.76,60.85,15.84,263.25,27.47,29.25,4143.83,0.0125,0.0144999999999999,0.0087,0.0002
2025-08-13,1420.05,123.19,58.61,43.54,27.63,62.61,15.83,273.6,27.48,29.52,4176.58,0.0039,0.0176,0.0040999999999999,0.0002
2025-08-14,1426.99,122.84,59.62,43.78,27.66,62.82,15.56,279.89,27.2,29.19,4173.31,-0.0009,-0.0128,0.0056,0.0002
2025-08-15,1422.08,123.1,59.8,43.3,27.63,63.4,16.16,280.67,27.16,29.56,4202.35,-0.0028,0.0004,-0.0073,0.0002
2025-08-18,1428.5,123.75,59.34,43.51,27.64,63.08,16.31,283.0,27.2,30.02,4239.41,0.0003,0.0033,0.0004,0.0002
2025-08-19,1438.0,124.41,58.2,43.4,27.63,61.69,15.97,277.8,27.21,29.86,4223.37,-0.0069999999999999,-0.0060999999999999,0.0159,0.0002
2025-08-20,1450.0,125.78,59.2,43.45,27.69,62.85,16.2,279.2,27.46,30.19,4271.4,-0.0028,-0.0025,0.0017,0.0002
2025-08-21,1448.25,125.45,59.62,43.47,27.85,63.99,16.2,279.0,27.64,30.33,4288.07,-0.0038,0.004,-0.0017,0.0002
2025-08-22,1463.95,125.79,60.5,43.26,27.87,64.98,16.52,287.18,27.69,31.09,4378.0,0.017,0.0203,0.0118999999999999,0.0002
2025-08-25,1490.33,129.93,61.0,43.87,28.35,66.26,16.77,290.28,28.17,31.18,4469.22,-0.0048,-0.0064,0.0046999999999999,0.0002
2025-08-26,1481.61,129.74,60.52,43.52,28.31,65.3,16.85,289.5,28.33,31.28,4452.59,0.0043,0.0025,0.0011,0.0002
2025-08-27,1448.0,126.62,58.69,43.0,27.96,63.05,16.55,278.3,27.81,30.85,4386.13,0.0024,0.0036,0.0031,0.0002
2025-08-28,1446.1,125.47,58.84,42.98,27.87,63.03,16.89,277.41,27.69,31.18,4463.78,0.0034999999999999,-0.0014,-0.0053,0.0002
2025-08-29,1480.0,129.53,59.88,42.89,28.09,66.23,17.17,306.18,28.57,31.17,4496.76,-0.0068,0.0003,0.0085,0.0002
2025-09-01,1476.1,128.87,58.51,41.98,27.79,68.35,17.08,304.0,28.27,31.15,4523.71,-0.0068,0.0003,0.0085,0.0002
2025-09-02,1491.3,128.56,58.66,43.44,28.21,68.87,16.74,302.87,28.26,30.64,4490.45,-0.0060999999999999,-0.0007,0.0008,0.0002
2025-09-03,1480.55,126.62,57.78,42.9,27.96,71.98,17.18,309.0,27.91,29.9,4459.83,0.0044,-0.0023,-0.0052,0.0002
2025-09-04,1472.66,125.51,57.5,43.05,28.23,68.65,17.4,304.03,28.16,29.3,4365.21,0.0087,0.0015,0.0036,0.0002
2025-09-05,1483.0,126.81,57.9,42.76,28.07,72.47,18.1,325.11,28.18,29.62,4460.32,-0.0022,0.0095,-0.0054,0.0002
2025-09-08,1501.23,129.09,57.7,42.43,28.15,72.31,17.99,325.37,28.21,30.33,4467.57,0.0026,0.0014,-0.006,0.0002
2025-09-09,1505.0,128.8,58.0,42.83,28.01,71.09,17.61,320.0,28.56,30.18,4436.26,0.0021,-0.0078,-0.0018,0.0002
2025-09-10,1522.01,128.06,57.87,43.0,28.01,70.32,17.2,316.04,28.43,30.2,4445.36,0.0036,-0.0093,0.0034999999999999,0.0002
2025-09-11,1523.5,128.52,58.69,43.3,28.0,68.29,17.28,322.55,28.72,30.89,4548.03,0.0087,0.0077,0.0007,0.0002
2025-09-12,1516.0,127.19,57.68,42.54,27.93,69.01,17.12,325.0,28.25,30.75,4522.0,-0.0016,-0.011,0.0006,0.0002
2025-09-15,1515.1,126.65,57.33,42.22,27.8,69.1,17.16,354.7,28.23,30.49,4533.06,0.0051,0.0006,-0.0067,0.0002
2025-09-16,1499.98,125.8,56.62,41.75,27.73,69.15,17.05,353.42,28.08,30.87,4523.34,-0.0009,0.0007,-0.001,0.0002
2025-09-17,1493.0,125.96,56.57,41.76,27.7,70.13,17.3,377.1,28.08,30.75,4551.02,-0.001,-0.0024,0.0056999999999999,0.0002
2025-09-18,1467.96,123.94,55.28,40.83,27.31,71.09,16.82,366.89,27.76,30.92,4498.11,0.0060999999999999,0.0138,0.0052,0.0002
2025-09-19,1467.97,124.08,55.1,41.0,27.2,69.65,16.9,368.49,27.7,30.71,4501.92,0.0038,-0.0128,-0.0075,0.0002
2025-09-22,1453.35,122.5,55.15,40.92,27.12,71.05,16.6,370.05,27.55,30.41,4522.61,0.0043,0.0064,-0.0112,0.0002
2025-09-23,1447.42,122.19,55.02,41.55,27.32,69.7,16.29,368.15,27.38,30.29,4519.78,-0.0060999999999999,-0.0028,0.0085,0.0002
2025-09-24,1442.0,122.37,55.29,41.32,27.25,70.11,17.4,379.93,27.41,30.97,4566.07,-0.0034,-0.0034999999999999,0.0097,0.0002
2025-09-25,1439.0,121.52,55.09,40.82,27.29,72.27,17.76,392.85,26.97,31.24,4593.49,-0.0058,-0.008,0.0059,0.0002
2025-09-26,1435.0,120.17,55.22,40.8,27.47,70.08,17.5,380.4,27.26,30.66,4550.05,0.006,0.0029,0.0044,0.0002
2025-09-29,1460.86,121.92,56.01,40.68,27.3,69.2,17.58,397.37,27.19,31.22,4620.05,0.0025,-0.0005,-0.0075,0.0002
2025-09-30,1443.99,121.48,55.11,40.41,27.25,71.55,18.0,402.0,27.28,31.52,4640.69,0.0029,-0.0015,-0.0055,0.0002
2025-10-09,1436.78,121.16,55.04,40.33,27.68,71.15,18.88,409.89,27.63,34.17,4709.48,-0.0029,-0.0004,-0.0043,0.0002
2025-10-10,1430.0,120.73,55.54,40.18,27.73,68.2,18.4,381.95,27.75,33.91,4616.83,-0.0278,-0.0063,-0.0013,0.0002
2025-10-13,1419.2,119.85,55.1,40.11,27.79,66.98,18.13,374.5,27.55,33.36,4593.98,0.0163999999999999,0.0060999999999999,-0.0019,0.0002
2025-10-14,1451.02,122.07,56.48,41.26,27.99,64.27,19.28,358.0,27.69,33.25,4539.06,-0.0006,0.0098999999999999,0.015,0.0002
2025-10-15,1462.0,122.07,57.81,41.5,27.93,66.4,19.72,369.3,27.65,33.37,4606.29,0.0043,0.0028,-0.0043,0.0002
2025-10-16,1484.91,122.74,58.02,41.93,28.16,66.84,20.25,368.5,27.81,33.4,4618.42,-0.0073,-0.0068,-0.0148,0.0002
2025-10-17,1455.0,121.07,57.28,41.59,28.11,65.1,19.7,358.14,27.35,33.06,4514.23,0.0038,-0.0098999999999999,0.0073,0.0002
2025-10-20,1457.93,120.46,57.9,41.42,28.05,65.13,19.06,366.5,27.47,32.36,4538.22,0.011,0.0093999999999999,0.0051,0.0002
2025-10-21,1462.26,120.52,58.08,41.98,27.91,66.0,19.01,375.9,27.41,32.58,4607.87,-0.0001,-0.0024,-0.0004,0.0002
2025-10-22,1458.7,120.1,58.21,41.95,28.04,65.26,18.77,372.86,27.25,33.47,4592.57,-0.0067,-0.005,0.0046999999999999,0.0002
2025-10-23,1467.98,121.33,58.75,42.24,28.23,65.14,19.04,376.45,27.37,33.43,4606.34,0.0066,0.0040999999999999,-0.0022,0.0002
2025-10-24,1450.0,120.29,57.88,41.95,28.19,65.5,18.84,385.77,27.28,33.29,4660.68,0.0079,0.0019,0.003,0.0002
2025-10-27,1440.41,120.29,57.75,41.59,28.3,67.01,19.06,386.18,27.41,33.9,4716.02,0.0118,-0.0063,-0.011,0.0002
2025-10-28,1445.0,120.1,57.76,41.6,28.46,63.62,18.9,386.48,27.27,32.98,4691.97,0.0018,-0.0038,-0.0054,0.0002
2025-10-29,1431.9,118.83,58.95,40.77,28.29,64.02,20.79,400.0,27.18,33.35,4747.84,-0.0009,-0.0098,-0.0072,0.0002
2025-10-30,1426.74,118.47,58.65,41.2,28.47,62.88,21.51,398.29,27.36,33.22,4709.91,-0.011,-0.0015,0.0060999999999999,0.0002
2025-10-31,1430.01,118.99,57.83,40.89,28.1,64.15,21.11,388.77,27.41,32.87,4640.67,0.004,0.001,-0.0026,0.0002
2025-11-03,1435.0,118.98,58.31,41.79,28.31,63.4,21.76,386.86,27.45,32.6,4653.4,0.0012,-0.0043,0.0054,0.0002
2025-11-04,1429.0,117.16,58.94,43.01,28.6,61.92,21.35,378.95,27.07,31.79,4618.7,-0.0126,-0.0085,0.0081,0.0002
2025-11-05,1420.08,116.18,58.32,42.8,28.42,61.96,21.85,388.7,27.25,31.5,4627.26,0.0042,0.0103,-0.0016,0.0002
2025-11-06,1435.13,116.17,58.9,42.34,28.5,62.42,21.77,394.68,27.22,31.8,4693.4,-0.0121,-0.0123,0.0147,0.0002
2025-11-07,1433.33,116.75,58.89,42.51,28.52,61.58,22.43,395.37,27.29,31.37,4678.79,0.0013,-0.0007,0.0068,0.0002
2025-11-10,1462.3,120.8,59.3,42.72,28.53,61.83,22.8,384.51,28.27,31.81,4695.05,0.0151,0.0005,-0.0085,0.0002
2025-11-11,1458.99,120.78,59.2,42.96,28.62,61.06,22.44,385.6,28.35,31.72,4652.17,0.0017,0.0023,0.0018,0.0002
2025-11-12,1465.15,120.38,60.03,42.93,28.61,62.1,20.79,386.38,28.48,31.43,4645.91,0.0003,-0.005,0.0033,0.0002
2025-11-13,1470.38,121.2,60.88,43.21,28.44,63.56,21.3,415.6,28.58,31.69,4702.07,-0.0179,-0.0053,0.0077,0.0002
2025-11-14,1456.6,120.21,60.65,43.25,28.34,62.9,21.88,404.12,28.35,31.31,4628.14,-0.0005,0.0034999999999999,-0.0039,0.0002
2025-11-17,1471.0,120.15,59.83,42.65,28.16,61.8,21.69,390.78,28.57,30.46,4598.05,-0.0103,-0.0079,-0.0084,0.0002
2025-11-18,1476.0,120.36,59.62,42.88,28.15,61.78,21.15,385.0,29.52,30.73,4568.19,-0.0076,0.0060999999999999,0.0093,0.0002
2025-11-19,1471.01,119.89,60.37,43.22,28.23,61.11,21.2,391.1,29.58,30.42,4588.29,0.0034,-0.0043,-0.005,0.0002
2025-11-20,1467.11,120.25,60.2,43.23,28.14,60.63,20.1,379.39,29.4,30.23,4564.95,-0.0158,0.001,0.0043,0.0002
2025-11-21,1466.6,119.68,58.91,43.0,28.16,59.5,18.84,370.0,29.1,29.82,4453.61,0.0103,0.0166,0.0072,0.0002
2025-11-24,1452.0,118.52,58.4,42.63,28.19,60.66,18.76,370.55,28.91,29.86,4448.05,0.0161,0.003,-0.0098,0.0002
2025-11-25,1444.65,118.51,59.47,43.25,28.03,60.88,18.98,372.36,29.16,29.99,4490.4,0.0104,0.0165,0.0005,0.0002
2025-11-26,1449.15,118.26,59.78,43.25,27.94,62.36,18.81,372.82,29.18,29.9,4517.63,0.0069,-0.0006,-0.0009,0.0002
2025-11-27,1447.3,117.94,59.34,43.19,28.09,62.09,18.58,371.2,29.05,29.73,4515.4,0.0069,-0.0006,-0.0009,0.0002
2025-11-28,1450.5,117.85,58.99,42.95,27.98,62.08,18.57,373.2,29.38,30.02,4526.66,0.0054,-0.0040999999999999,0.0037,0.0002
2025-12-01,1448.0,117.65,58.63,43.44,28.07,61.94,18.75,382.97,29.43,30.58,4576.49,-0.0053,-0.0038,0.0052,0.0002
2025-12-02,1436.03,116.57,58.8,43.38,28.26,61.12,18.31,380.08,29.35,30.52,4554.33,0.0021,-0.0056999999999999,0.0018,0.0002
2025-12-03,1429.1,115.6,58.35,43.01,28.27,60.97,18.02,376.08,29.27,30.34,4531.05,0.0044,0.0132,0.0009,0.0002
2025-12-04,1423.98,114.45,58.55,43.22,28.24,61.25,17.91,383.35,28.99,30.35,4546.57,0.0014,0.003,-0.0076,0.0002
2025-12-05,1430.01,114.96,61.99,43.45,28.07,61.62,18.02,389.09,28.92,30.07,4584.54,0.0018,-0.0036,0.0002,0.0002
2025-12-08,1418.22,113.27,63.4,43.18,27.87,62.46,18.08,392.5,28.84,30.43,4621.75,-0.0037,0.0032,-0.0001,0.0002
2025-12-09,1401.01,110.88,62.45,43.04,27.97,63.08,18.2,387.59,28.76,29.99,4598.22,-0.0007,0.0051,0.0023,0.0002
2025-12-10,1402.8,111.62,62.55,41.7,27.89,63.38,18.2,382.38,28.56,30.0,4591.83,0.0068,0.0056999999999999,0.0143,0.0002
2025-12-11,1411.99,111.9,62.53,41.68,27.86,63.4,17.88,388.99,28.39,29.4,4552.18,0.0022,0.0049,0.0024,0.0002
2025-12-12,1420.65,111.6,63.91,41.74,28.04,63.28,18.19,391.8,28.7,29.63,4580.95,-0.0111,-0.0032,0.0091,0.0002
2025-12-15,1426.0,112.45,67.08,41.8,28.04,61.38,18.0,385.5,28.83,29.02,4552.06,-0.0026,-0.0087,0.0092,0.0002
2025-12-16,1422.0,113.0,67.0,41.7,27.97,59.15,17.46,378.41,28.95,28.69,4497.55,-0.0025,0.0029,-0.0085,0.0002
2025-12-17,1433.1,113.4,68.05,41.52,27.92,60.3,17.78,383.42,28.85,29.07,4579.88,-0.0116,-0.0019,0.0129,0.0002
2025-12-18,1431.0,110.43,68.5,42.37,28.08,60.0,17.7,372.0,28.97,29.02,4552.79,0.008,0.0011,-0.0081,0.0002
2025-12-19,1410.0,110.53,68.75,41.99,27.85,60.85,18.08,374.0,29.18,29.19,4568.18,0.009,-0.0037,-0.0102,0.0002
2025-12-22,1408.26,110.33,68.54,41.77,27.54,60.93,18.11,371.84,29.1,29.15,4611.62,0.0069,0.0012,-0.0028,0.0002
2025-12-23,1407.86,109.72,69.49,41.91,27.72,61.8,18.02,378.1,28.93,29.14,4620.73,0.0032,-0.0093999999999999,-0.0019,0.0002
2025-12-24,1400.9,109.28,69.03,41.83,27.64,61.23,18.13,375.6,28.88,29.33,4634.06,0.0029,0.0004,0.0001,0.0002
2025-12-25,1414.17,110.6,70.8,41.78,27.64,61.4,18.27,373.01,29.2,29.63,4642.54,0.0029,0.0004,0.0001,0.0002
2025-12-26,1414.13,109.78,71.16,41.7,27.64,61.06,19.02,374.43,29.1,29.82,4657.24,-0.0006,-0.0032,0.0009,0.0002
2025-12-29,1402.0,108.06,69.88,41.87,27.52,60.51,18.7,369.31,28.87,29.6,4639.37,-0.0040999999999999,-0.0016,0.0006,0.0002
2025-12-30,1389.72,107.36,68.8,42.28,27.32,60.18,18.44,369.2,28.69,29.85,4651.28,-0.002,-0.0062,0.0031,0.0002
2025-12-31,1377.18,105.94,68.4,42.1,27.19,59.57,18.2,367.26,28.6,29.84,4629.94,-0.0076,0.0007,-0.001,0.0002
