Date,600519.SS,000858.SZ,601318.SS,600036.SS,600900.SS,600276.SS,601012.SS,300750.SZ,600887.SS,002415.SZ
2022-01-04,0.0,0.0,0.0,0.0,0.0,0.0,0.0,0.0,0.0,0.0
2022-01-05,-0.013274961852157041,0.0008498837001251758,0.02098039215686276,0.014477766287487093,-0.002189141856392296,0.010517959912681007,-0.03994814989394302,-0.03758261847841371,0.024570024570024662,-0.020606754436176322
2022-01-06,-0.03364322869692815,-0.01825013419216326,0.00588235294117645,-0.004136504653567741,-0.03633975481611196,-0.005556658067076836,-0.05078953570586853,-0.048182393474897944,-0.017690417690417792,-0.04655600076321309
2022-01-07,-0.05325097624352215,-0.02639112542494193,0.03803921568627455,0.014477766287487093,-0.02977232924693518,0.009724151617384491,-0.05408908790949807,-0.050942202221909705,-0.014004914004913993,-0.04846403358137763
2022-01-10,-0.04155067934848844,-0.03846842011093221,0.040784313725490184,0.018200620475697926,-0.019264448336252293,0.014487001389164478,-0.06080603346688662,-0.053578962171283995,0.008108108108108025,-0.04064109902690316
2022-01-11,-0.053957869180930484,-0.045625335480407925,0.03647058823529403,0.031023784901758056,-0.01488616462346759,-0.004167493550307655,-0.08107471128918209,-0.05656729011390793,-0.021621621621621734,-0.051707689372257115
2022-01-12,-0.04106316697786205,-0.025228126677402152,0.02941176470588225,0.029162357807652528,-0.02495621716287222,-0.01587616590593366,-0.05491397596040537,-0.006750105470398005,-0.0191646191646192,-0.06029383705399727
2022-01-13,-0.08474915050969412,-0.06557523707282165,0.025490196078431282,0.02047569803516036,-0.021015761821365997,-0.05774955348283395,-0.06610888522271974,-0.006820419069047956,-0.04176904176904184,-0.0818546078992558
2022-01-14,-0.08981440404050256,-0.07317945965288963,0.0019607843137254832,-0.00682523267838675,-0.017075306479859886,-0.07422107561024016,-0.06610888522271974,0.014976796512445434,-0.04520884520884527,-0.07842014882655979
2022-01-17,-0.09244209571817885,-0.06584362139917699,-0.0011764705882353343,0.004756980351602769,-0.009632224168126036,-0.07898392538202037,-0.04536884279990561,0.06674518351849246,-0.037837837837838006,-0.06506391909940845
2022-01-18,-0.07749496643477327,-0.05398998031848268,0.004509803921568523,0.0136504653567735,0.0008756567425569628,-0.08295296685850362,-0.06304501531934947,0.031500492195190466,-0.03144963144963142,-0.03205495134516312
2022-01-19,-0.0678763473623143,-0.05707640007156911,0.008823529411764675,0.02792140641158225,0.004816112084063073,-0.09247866640206392,-0.07482913033231198,0.0019512023625369856,-0.03415233415233421,-0.04293073840870065
2022-01-20,-0.03983463580388358,-0.04625156557523713,0.04705882352941182,0.0624612202688728,0.010507880910682887,-0.09327247469736066,-0.07848220598633038,0.00043945999156247417,-0.015724815724815766,-0.0507536729631749
2022-01-21,-0.03229281943029305,-0.028180354267310803,0.050000000000000044,0.07176835573940021,0.0061295971978985175,-0.10815638023417351,-0.10440725901484793,0.0010722823794122593,-0.015724815724815766,-0.055714558290402505
2022-01-24,-0.04925337480438563,-0.03797638217928079,0.041764705882352926,0.07238883143743546,0.0004378283712784814,-0.14090097241516175,-0.09804383690784813,0.021287441991281186,-0.03194103194103204,-0.06525472238122487
2022-01-25,-0.052763463872895766,-0.06799069601001961,0.0039215686274509665,0.05274043433298847,-0.017513134851138257,-0.15022821988489776,-0.12267263728493982,-0.00576571508929824,-0.05012285012285023,-0.079374165235642
2022-01-26,-0.04691331542537891,-0.07832349257470028,0.016274509803921644,0.054808686659772565,-0.011821366024518332,-0.16471522127406224,-0.08897006834786703,0.03273098017156517,-0.044717444717444765,-0.06067544361763022
2022-01-27,-0.042038191719114826,-0.09017713365539448,-0.004117647058823559,0.050051706308169575,-0.020140105078809145,-0.18456042865647937,-0.1229083195851991,0.010740402193784249,-0.06339066339066357,-0.07975577179927495
2022-01-28,-0.08006415662797439,-0.11263195562712469,-0.02019607843137261,0.01778697001034124,-0.04028021015761818,-0.18733875769001784,-0.17381569644119732,0.041695963999437646,-0.06461916461916473,-0.09444762449914135
2022-02-07,-0.0893463921647012,-0.12497763463947043,0.019215686274509647,0.06204756980351611,-0.019702276707530664,-0.18356816828735856,-0.13716709875088384,0.018562790043594513,-0.047665847665847805,-0.12402213318069066
2022-02-08,-0.10346475041804182,-0.15011629987475394,0.03921568627450989,0.069493278179938,0.016637478108581405,-0.17205794800555674,-0.15319349516851288,-0.049254675854310204,-0.05036855036855048,-0.11772562488074789
2022-02-09,-0.07568629553974937,-0.12336732868133837,0.040000000000000036,0.06763185108583247,0.02145359019264448,-0.16630283786465572,-0.1612066933773273,-0.03810997046828846,-0.018918918918918948,-0.10360618202633087
2022-02-10,-0.08688932981674413,-0.13651816067275013,0.0623529411764705,0.069493278179938,0.04115586690017525,-0.17503472911291929,-0.19278812161206693,-0.08926311348614813,-0.016953316953317032,-0.10341537874451434
2022-02-11,-0.0981167397122702,-0.1310162819824655,0.09000000000000008,0.09120992761116842,0.03940455341506133,-0.18118674340146856,-0.2322649069054913,-0.1386759949374209,-0.02137592137592148,-0.12230490364434266
2022-02-14,-0.08900025838155645,-0.114286992306316,0.056862745098039236,0.058945191313340306,0.024080560420315367,-0.21115300654891844,-0.23014376620315813,-0.10701729714526786,-0.017199017199017286,-0.12612096928067162
2022-02-15,-0.07829936184630693,-0.10628019323671489,0.04470588235294115,0.03867631851085829,0.011383537653240072,-0.18237745584441356,-0.19196323356115963,-0.07361833778652793,-0.020147420147420103,-0.11829803472619727
2022-02-16,-0.07735846297099791,-0.10802469135802473,0.0556862745098039,0.056256463288521186,0.010945709281961369,-0.19487993649533641,-0.19785529106764088,-0.06693854591477999,-0.010073710073710163,-0.12249570692615908
2022-02-17,-0.08006903175168067,-0.11683664340669175,0.05196078431372553,0.06432264736297832,0.017513134851138368,-0.19408612820003968,-0.18100400659910443,-0.05955561805653209,-0.006633906633906728,-0.12058767410799454
2022-02-18,-0.07031390921544634,-0.10985865092145286,0.06862745098039214,0.07673216132368155,0.017075306479859886,-0.18714030561619366,-0.1921989158614188,-0.0727394178034032,-0.003439803439803435,-0.11276473955352029
2022-02-21,-0.08494415545794476,-0.10896403650026842,0.061960784313725314,0.07052740434332971,0.009194395796847665,-0.1877356618376662,-0.19514494461465948,-0.10350161721276896,0.007616707616707519,-0.09044075558099585
2022-02-22,-0.11864101051564191,-0.13490785471461797,0.04058823529411759,0.05935884177869699,0.0,-0.20400873189124824,-0.185835493754419,-0.11404865701026579,-0.005159705159705208,-0.10646823125357752
2022-02-23,-0.1093100237418525,-0.12238325281803553,0.03705882352941181,0.05129265770423985,-0.0017513134851138146,-0.18833101805913877,-0.15154371906669806,-0.08768105751652366,-0.011302211302211318,-0.06697195191757299
2022-02-24,-0.13997455185425334,-0.15597602433351232,0.009019607843137267,0.03453981385729055,-0.007880910683012221,-0.21254217106568762,-0.13917039830308742,-0.10754464913514272,-0.028992628992629,-0.0843350505628696
2022-02-25,-0.12293599450086046,-0.14796922526391132,0.007843137254901933,0.030196483971044463,-0.0039404553415061105,-0.20400873189124824,-0.12137638463351397,-0.0704542258472789,-0.029484029484029506,-0.079374165235642
2022-02-28,-0.1271578516304851,-0.15011629987475394,-0.004705882352941226,0.0299896587383659,0.014886164623467701,-0.2046040881127208,-0.08472778694320049,-0.06243847560118121,-0.028992628992629,-0.08032818164472422
2022-03-01,-0.09396800943823946,-0.13584719985686167,0.00764705882352934,0.039089968976215195,0.018826619964973812,-0.18515578487795192,-0.05668159321234978,-0.057481366896357855,-0.029484029484029506,-0.0933028048082426
2022-03-02,-0.10059817767875856,-0.1536947575594919,-0.004705882352941226,0.02316442605997926,0.03196147110332759,-0.19408612820003968,-0.05668159321234978,-0.09675151174237095,-0.03587223587223587,-0.09940850982636895
2022-03-03,-0.12247773287247166,-0.18558776167471824,-0.0015686274509804088,0.028541882109617278,0.04859894921190899,-0.2032149235959516,-0.07506481263257136,-0.09824567571368303,-0.03366093366093381,-0.10684983781721036
2022-03-04,-0.13198422409968658,-0.21108427267847552,-0.01764705882352935,0.007238883143743546,0.04859894921190899,-0.2105576503274459,-0.08319585199151547,-0.13551188299817185,-0.033169533169533194,-0.1266933791261209
2022-03-07,-0.16781638334072724,-0.2574700304168903,-0.04156862745098033,-0.032885211995863584,0.04290718038528896,-0.25481246279023617,-0.09497996700447797,-0.20037617775277738,-0.07739557739557756,-0.16237359282579655
2022-03-08,-0.14529331181778737,-0.2563517623904097,-0.0692156862745098,-0.0593588417786971,0.015761821366024442,-0.2720777932129391,-0.0839028988922933,-0.19939178737167773,-0.09877149877149882,-0.16809769128028995
2022-03-09,-0.13262774042891334,-0.2714260153873681,-0.07999999999999996,-0.08190279214064122,0.0061295971978985175,-0.28477872593768605,-0.07907141173697851,-0.16771551117986216,-0.09999999999999998,-0.17935508490746044
2022-03-10,-0.1251931767768607,-0.22996063696546787,-0.08019607843137266,-0.07549120992761116,-0.005691768826619925,-0.28219884897797176,-0.03676643884044317,-0.13723456616509633,-0.09705159705159716,-0.16046556000763212
2022-03-11,-0.1375857412381839,-0.23166040436571833,-0.07568627450980392,-0.08066184074457083,-0.010507880910682998,-0.253423298273467,-0.05126090030638697,-0.13241808465757277,-0.05896805896805912,-0.13604273993512683
2022-03-14,-0.17122896993511216,-0.2562623009482913,-0.10176470588235287,-0.12823164426059985,-0.01488616462346759,-0.2577892438975987,-0.06104171576714579,-0.18612009562649412,-0.08452088452088469,-0.1799274947529098
2022-03-15,-0.2185176698858734,-0.29705671855430305,-0.1637254901960784,-0.18407445708376413,-0.07399299474605958,-0.2829926572732685,-0.08790949799670034,-0.18576852763324425,-0.13022113022113035,-0.21312726578897145
2022-03-16,-0.18344115481930356,-0.26283771694399705,-0.1315686274509804,-0.11933815925542923,-0.020140105078809145,-0.270887080769994,-0.0454866839500353,-0.11563071297989025,-0.08796068796068812,-0.1995802327800037
2022-03-17,-0.16140559566698998,-0.24745034889962425,-0.10784313725490191,-0.07942088934850056,-0.04115586690017514,-0.25739233974995035,-0.04878623615366484,-0.07801293770215156,-0.08599508599508598,-0.1627551993894294
2022-03-18,-0.16743124856793246,-0.2489711934156379,-0.060196078431372535,-0.04508790072388835,-0.046409807355516586,-0.255804723159357,-0.049257600754183284,-0.10262269722964423,-0.07125307125307134,-0.1724861667620683
2022-03-21,-0.16913266674141858,-0.25876722132760777,-0.0776470588235294,-0.07321613236814895,-0.05210157618213662,-0.25977376463584045,-0.026749941079424855,-0.08592321755027421,-0.09090909090909094,-0.19099408509826366
2022-03-22,-0.1736665317882441,-0.2650742529969583,-0.0627450980392158,-0.058324715615305056,-0.035026269702276736,-0.26691803929351066,-0.051496582606646246,-0.09822809731402049,-0.08796068796068812,-0.1906124785346307
2022-03-23,-0.14578569931212004,-0.25773841474324566,-0.0607843137254902,-0.05356773526370229,-0.04159369527145351,-0.25858305219289546,-0.05137874145651666,-0.09420264379130927,-0.09533169533169539,-0.1766838389620301
2022-03-24,-0.16102533601790148,-0.27822508498836995,-0.05392156862745101,-0.05336091003102372,-0.05560420315236425,-0.2530263941258186,-0.07129389582842327,-0.09647025734777104,-0.10319410319410327,-0.19919862621637086
2022-03-25,-0.17610409364137614,-0.2968777956700662,-0.06607843137254898,-0.0655635987590486,-0.06698774080560421,-0.2782298075014884,-0.1055856705161442,-0.11744128814512722,-0.12162162162162171,-0.21656172486166758
2022-03-28,-0.1903394548636672,-0.32367149758454117,-0.061764705882352944,-0.06825232678386772,-0.04772329246935203,-0.2875570549712245,-0.10617487626679245,-0.1439319364365068,-0.11474201474201473,-0.23678687273421095
2022-03-29,-0.18731687816578346,-0.33270710323850416,-0.0743137254901961,-0.0690796277145812,-0.045096322241681364,-0.28716015082357604,-0.12396888993636568,-0.1441077204331318,-0.12285012285012287,-0.23678687273421095
2022-03-30,-0.15655484757925742,-0.2979513329754876,-0.045098039215686225,-0.043846949327818074,-0.04115586690017514,-0.25739233974995035,-0.11159556917275515,-0.08768105751652366,-0.09238329238329246,-0.21389047891623725
2022-03-31,-0.16196623489321038,-0.30640543925568076,-0.04999999999999993,-0.03205791106514999,-0.03677758318739055,-0.26929946417940065,-0.1493047372142352,-0.0994585852903952,-0.09361179361179361,-0.21770654455256622
2022-04-01,-0.13222310516129343,-0.28475577026301657,-0.040000000000000036,-0.02585315408479838,-0.027145359019264514,-0.2700932724746974,-0.14447325005892064,-0.08785684151314865,-0.08255528255528255,-0.21369967563442083
2022-04-06,-0.13954066584439584,-0.28426373233136526,-0.02862745098039221,-0.01985522233712511,-0.021015761821365997,-0.2806112323873785,-0.19160971011077077,-0.1067184643510054,-0.08599508599508598,-0.21885136424346496
2022-04-07,-0.13954066584439584,-0.28229558060475946,-0.04941176470588238,-0.030816959669079713,-0.00744308231173374,-0.29906727525302634,-0.18889936365778937,-0.12948249191393613,-0.09557739557739553,-0.23297080709788198
2022-04-08,-0.13027793080249417,-0.28166935050993025,-0.03450980392156855,-0.024198552223371306,0.015761821366024442,-0.32665211351458623,-0.19985859061984435,-0.12986921670651108,-0.09189189189189195,-0.24823506964319786
2022-04-11,-0.161478722522584,-0.31266774020397214,-0.06627450980392158,-0.050672182006204824,0.004378283712784592,-0.34907719785671765,-0.22436954984680657,-0.19315145549149204,-0.10270270270270265,-0.287158939133753
2022-04-12,-0.13125295554374694,-0.2669529432814457,-0.04960784313725497,-0.054808686659772454,0.008756567425569184,-0.3318118674340147,-0.2121140702333255,-0.17029953593024894,-0.07985257985257987,-0.269223430643007
2022-04-13,-0.13759061636189018,-0.2739309357666846,-0.06235294117647061,-0.05377456049638063,0.010945709281961369,-0.33240722365548725,-0.2141173697855291,-0.18084657572774576,-0.07420147420147427,-0.26216370921579846
2022-04-14,-0.11809012153683396,-0.23255501878690288,-0.055098039215686345,-0.05356773526370229,0.017513134851138368,-0.32883508632665215,-0.21011077068112183,-0.19174518351849246,-0.0491400491400491,-0.24480061057050184
2022-04-15,-0.11955753377241951,-0.2400250492037932,-0.05294117647058827,-0.03143743536711485,0.024518388791593626,-0.3234768803333994,-0.2175347631392882,-0.20746027281676271,-0.05135135135135138,-0.23812249570692612
2022-04-18,-0.1269530964348221,-0.2521918053319019,-0.07843137254901966,-0.10258531540847982,0.004816112084063073,-0.3260567572931137,-0.18453924110299313,-0.20721417522148788,-0.05823095823095836,-0.2035871016981491
2022-04-19,-0.1272066028675478,-0.2619431025228127,-0.08941176470588241,-0.12926577042399168,0.015323992994746183,-0.34292518356816826,-0.18571765260428952,-0.22609337645900718,-0.0626535626535627,-0.2077847738981109
2022-04-20,-0.12394026998435081,-0.2579173376274826,-0.0998039215686275,-0.14994829369183038,0.02232924693520144,-0.3189124826354436,-0.21282111713410323,-0.2845591337364646,-0.04594594594594603,-0.20721236405266175
2022-04-21,-0.13223773053241228,-0.2727679370191447,-0.09372549019607845,-0.14622543950361944,0.030647985989492144,-0.34173447112522326,-0.26255008248880507,-0.28085009140767825,-0.05577395577395583,-0.22133180690707865
2022-04-22,-0.13564056687938453,-0.26001968151726607,-0.08901960784313723,-0.1209927611168563,0.03721541155866914,-0.3451081563802342,-0.2693848691963233,-0.26989874841794403,-0.057739557739557745,-0.2215226101888953
2022-04-25,-0.16732887097010085,-0.3066738235820361,-0.12058823529411766,-0.19689762150982426,0.003502626970227851,-0.41059734074221077,-0.33290124911619134,-0.3142666291660807,-0.08280098280098291,-0.24632703682503332
2022-04-26,-0.15539456813716646,-0.29101807121130796,-0.1452941176470588,-0.20558428128231654,0.015323992994746183,-0.4494939472117484,-0.3263021447089324,-0.3372943327239488,-0.06953316953316968,-0.2461362335432169
2022-04-27,-0.12495429571525374,-0.2780908928251924,-0.13901960784313727,-0.21323681489141677,0.0017513134851137035,-0.44314348084937494,-0.2776337497053971,-0.2844712417381521,-0.04176904176904184,-0.20816638046174385
2022-04-28,-0.10541479990054747,-0.25814099123277867,-0.1439215686274511,-0.18055842812823175,0.007443082311733962,-0.4354038499702322,-0.23898185246288006,-0.31883701307832935,-0.06486486486486487,-0.22018698721618013
2022-04-29,-0.10864213179409421,-0.2747808194668099,-0.12627450980392152,-0.1741468459152017,-0.005253940455341555,-0.4149632863663425,-0.19915154371906674,-0.2804282098157783,-0.05479115479115493,-0.18927685556191554
2022-05-05,-0.1044397751592947,-0.27741993200930404,-0.11725490196078425,-0.18800413650465364,0.010507880910682887,-0.41099424488985914,-0.18595333490454868,-0.3390521726901983,-0.04864864864864871,-0.27036825033390566
2022-05-06,-0.12589031946685647,-0.29745929504383606,-0.13607843137254894,-0.2159255429162359,-0.005253940455341555,-0.417741615399881,-0.21011077068112183,-0.3390697510898607,-0.07199017199017199,-0.3360045792787636
2022-05-09,-0.14587832666253908,-0.30765789944533906,-0.13039215686274508,-0.24570837642192356,-0.02189141856392296,-0.4185354236951776,-0.183007306151308,-0.3522359724370693,-0.07027027027027022,-0.3344781530242319
2022-05-10,-0.13896052612335041,-0.3051977097870817,-0.12803921568627452,-0.23516028955532586,0.0,-0.41674935503076005,-0.19373085081310393,-0.33347981999718745,-0.04054054054054068,-0.3426826941423392
2022-05-11,-0.13807812873251657,-0.2954464125961711,-0.12294117647058833,-0.23040330920372287,-0.012697022767075294,-0.4056360388966065,-0.15861418807447558,-0.2797250738292786,-0.0491400491400491,-0.3239839725243274
2022-05-12,-0.14067656966795528,-0.29289676149579524,-0.13725490196078427,-0.2428128231644261,-0.023204903677758404,-0.4040484223060131,-0.1777044543954749,-0.29069399521867534,-0.04742014742014744,-0.3482159893150163
2022-05-13,-0.13308600205730226,-0.29799606369654685,-0.13803921568627453,-0.23164426059979326,0.017075306479859886,-0.40504068267513393,-0.17794013669573405,-0.2708479819997187,-0.055282555282555323,-0.38790307193283724
2022-05-16,-0.14295325243878065,-0.30586867060297007,-0.14980392156862743,-0.23702171664943128,0.006567425569176777,-0.4159555467354634,-0.19868017911854818,-0.28454155533680214,-0.08304668304668306,-0.3768364815874833
2022-05-17,-0.13807812873251657,-0.30152979066022545,-0.14078431372549016,-0.20165460186142714,0.007005253940455258,-0.41536019051399087,-0.17145887343860478,-0.2572071438616228,-0.07567567567567579,-0.3858042358328563
2022-05-18,-0.14149071532690138,-0.3085525138665235,-0.14450980392156854,-0.203722854188211,-0.0026269702276706663,-0.41694780710458423,-0.16603818053264208,-0.2634650541414709,-0.07346437346437351,-0.3646250715512307
2022-05-19,-0.14392827718003343,-0.3132939702988011,-0.15117647058823536,-0.2134436401240951,0.019264448336252293,-0.4195276840642985,-0.11418807447560686,-0.2634650541414709,-0.09262899262899271,-0.3688227437511925
2022-05-20,-0.12247285774876537,-0.27325997495079624,-0.13117647058823523,-0.17352637021716655,0.020140105078809034,-0.3998809287557056,-0.09639406080603341,-0.24957811840810018,-0.07420147420147427,-0.36271703873306615
2022-05-23,-0.13174046791437333,-0.28685811415280016,-0.13941176470588235,-0.18324715615305065,0.0026269702276706663,-0.40265925778924383,-0.1055856705161442,-0.2675080860638448,-0.0864864864864866,-0.3604273993512688
2022-05-24,-0.14197822769752788,-0.29965110037573806,-0.15411764705882347,-0.19544984488107553,0.002189141856392407,-0.43222861678904545,-0.1346924345981616,-0.293278019969062,-0.08845208845208852,-0.38637664567830565
2022-05-25,-0.1441671582416404,-0.29571479692252645,-0.1523529411764707,-0.19793174767321609,0.016199649737302924,-0.425878150426672,-0.12821117134103222,-0.2986570102657854,-0.0874692874692875,-0.38160656363289447
2022-05-26,-0.150363440472302,-0.29674360350688855,-0.153921568627451,-0.20517063081695974,0.042031523642731994,-0.42369517761460607,-0.11501296252651427,-0.31442483476304317,-0.0818181818181819,-0.38962030146918525
2022-05-27,-0.14433778757135962,-0.2934782608695653,-0.14647058823529413,-0.1908996897621511,0.038528896672504365,-0.4090097241516174,-0.114777280226255,-0.30670791731120806,-0.07641277641277644,-0.3793169242510971
2022-05-30,-0.13300312495429567,-0.2566648774378243,-0.13431372549019616,-0.19193381592554293,0.03940455341506133,-0.4103988886683866,-0.10075418336082953,-0.2936999015609618,-0.07444717444717452,-0.3705399732875405
2022-05-31,-0.12051305801884726,-0.23331544104490964,-0.1333333333333333,-0.17911065149948302,0.05166374781085814,-0.3982933121651121,-0.06669809097336787,-0.2828012937702151,-0.06633906633906639,-0.36271703873306615
2022-06-01,-0.1282060032273319,-0.2377437824297728,-0.13392156862745097,-0.17911065149948302,0.060858143607705806,-0.40504068267513393,-0.07259014847984913,-0.2528652791449867,-0.10073710073710074,-0.36176302232398383
2022-06-02,-0.12930290606124129,-0.24069601001968155,-0.13725490196078427,-0.19503619441571873,0.04728546409807355,-0.4078190117086724,-0.05750648126325708,-0.2321755027422303,-0.11154791154791166,-0.3705399732875405
2022-06-06,-0.1283278813199885,-0.22642691000178927,-0.13215686274509808,-0.1940020682523268,0.056479859894921214,-0.39412581861480456,-0.28564694791421164,-0.1808641541274082,-0.11154791154791166,-0.33485975958786485
2022-06-07,-0.11375126143825898,-0.22114868491680084,-0.13431372549019616,-0.1861427094105481,0.03633975481611218,-0.38102798174240915,-0.28552910676408194,-0.19315145549149204,-0.10614250614250609,-0.3342873497424155
2022-06-08,-0.09049692135937959,-0.2032116657720523,-0.12568627450980385,-0.18241985522233717,0.04071803852889655,-0.36316729509823376,-0.2904784350695263,-0.1913936155252426,-0.08820638820638826,-0.3190230871970998
2022-06-09,-0.09663957722927219,-0.21269457863660768,-0.1250980392156863,-0.1667011375387798,0.03809106830122588,-0.38579083151418936,-0.2814046665095452,-0.24175573055828992,-0.09017199017199018,-0.3394390383514596
2022-06-10,-0.0734339883874554,-0.20638754696725714,-0.11882352941176477,-0.1702171664943124,0.05166374781085814,-0.3736852550109149,-0.2804619373085081,-0.20194065532273942,-0.08280098280098291,-0.3377218088151116
2022-06-13,-0.09517704011739303,-0.22835033100733593,-0.13450980392156864,-0.20227507755946228,0.019264448336252293,-0.37884500893034334,-0.2842328541126561,-0.2212241597524962,-0.08918918918918928,-0.3466895630604846
2022-06-14,-0.0878643545579969,-0.22258006799069596,-0.1133333333333334,-0.18841778697001033,0.05078809106830118,-0.3724945425679699,-0.30084845628093326,-0.22335114611165796,-0.07223587223587236,-0.3464987597786682
2022-06-15,-0.08586555383842875,-0.20701377706208623,-0.06568627450980391,-0.1627714581178905,0.03633975481611218,-0.353046239333201,-0.3106292717416922,-0.18144424131627057,-0.06461916461916473,-0.32093112001526414
2022-06-16,-0.08493928033423848,-0.20558239398819111,-0.08823529411764708,-0.17352637021716655,0.017075306479859886,-0.35284778725937693,-0.29354230497289646,-0.19086626353536773,-0.06486486486486487,-0.3304712841060865
2022-06-17,-0.048863364907884566,-0.1895687958489891,-0.07784313725490188,-0.17580144777662876,0.03327495621716303,-0.3377654296487399,-0.28293660146123023,-0.14558430600478134,-0.059213759213759265,-0.3407746613241748
2022-06-20,-0.0532412259961097,-0.17923599928430844,-0.11058823529411765,-0.17890382626680457,0.012697022767075294,-0.33597936098432224,-0.2838793306622672,-0.10961890029531718,-0.06879606879606892,-0.3279908414424728
2022-06-21,-0.051427679977379404,-0.18742172123814638,-0.09549019607843134,-0.1658738366080662,0.013572679509632257,-0.3449097043064101,-0.28175818995993396,-0.10728097314020524,-0.07272727272727275,-0.30776569356992933
2022-06-22,-0.05617605046728058,-0.20348005009840764,-0.1098039215686275,-0.1869700103412616,0.015761821366024442,-0.3522524310379044,-0.277044543954749,-0.10877513711151732,-0.08009828009828024,-0.3310436939515359
2022-06-23,-0.04588953944706353,-0.19305779209160845,-0.09313725490196079,-0.1698035160289555,0.011383537653240072,-0.34649732089700336,-0.27174169219891586,-0.05609267332302059,-0.07616707616707619,-0.3260828086243083
2022-06-24,-0.020582772287846773,-0.17248166040436574,-0.08313725490196078,-0.16856256463288521,0.023204903677758404,-0.33478864854137724,-0.24169219891586147,-0.009457179018422135,-0.06633906633906639,-0.3190230871970998
2022-06-27,-0.01983200323708212,-0.13669708355698695,-0.08235294117647063,-0.14684591520165458,0.020577933450087516,-0.29430442548124625,-0.23898185246288006,-0.03494585852903953,-0.0491400491400491,-0.31539782484258716
2022-06-28,-0.007424813404640185,-0.10695115405260336,-0.08039215686274515,-0.14622543950361944,0.011821366024518332,-0.2923199047430046,-0.20339382512373327,-0.043735058360286905,-0.04668304668304679,-0.3010875787063536
2022-06-29,-0.010349887628398613,-0.14117015566290925,-0.08254901960784311,-0.1518097207859359,0.013572679509632257,-0.2950982337765429,-0.24393118076832432,-0.06387990437350588,-0.06511056511056523,-0.3092921198244609
2022-06-30,-0.003037202069002487,-0.09675254965110036,-0.0845098039215687,-0.1271975180972078,0.012259194395796813,-0.263941258186148,-0.21482441668630692,-0.06131345802278165,-0.04299754299754299,-0.3092921198244609
2022-07-01,-0.010813024380493697,-0.09196636249776347,-0.09196078431372545,-0.14415718717683557,0.06479859894921192,-0.2272276245286764,-0.23532877680886166,-0.08128252003937564,-0.05552825552825569,-0.31692425109711886
2022-07-04,-0.01620003607591547,-0.10073358382537134,-0.08901960784313723,-0.15098241985522243,0.06611208406304736,-0.18297281206588611,-0.24145651661560208,-0.0824075376177753,-0.07076167076167084,-0.32093112001526414
2022-07-05,-0.00888247539281306,-0.11160314904276247,-0.086078431372549,-0.15243019648397116,0.06129597197898429,-0.1960706489382814,-0.2440490219184539,-0.0791203768808888,-0.08157248157248154,-0.3075748902881129
2022-07-06,-0.02400023400593787,-0.12891393809268203,-0.10098039215686272,-0.1768355739400208,0.053415061295971844,-0.2177019249851161,-0.25170869667687956,-0.0824075376177753,-0.09041769041769043,-0.33314253005151684
2022-07-07,-0.029850382453454727,-0.1430041152263375,-0.10588235294117643,-0.17786970010341263,0.05516637478108599,-0.2329827346695773,-0.2422814046665096,-0.03318801856279008,-0.10024570024570034,-0.35184125166952873
2022-07-08,-0.02546277111781714,-0.13803900518876366,-0.10156862745098039,-0.17662874870734224,0.05954465849387036,-0.23695177614606067,-0.26726372849399005,-0.04900857825903526,-0.1071253071253071,-0.348979202442282
2022-07-11,-0.042720709037991855,-0.1528896045804259,-0.11019607843137247,-0.1842812823164427,0.08099824868651484,-0.24449295495137924,-0.29012491161913734,-0.08855997749964839,-0.11277641277641282,-0.3720663995420721
2022-07-12,-0.05012602194780691,-0.15011629987475394,-0.10764705882352943,-0.18717683557394005,0.0901926444833625,-0.26830720381027984,-0.30556210228611835,-0.11459358739980308,-0.10614250614250609,-0.37988933409654646
2022-07-13,-0.04501689230364214,-0.1362497763463948,-0.11607843137254903,-0.21613236814891423,0.09325744308231165,-0.26612423099821403,-0.27445203865189727,-0.05252425819153428,-0.1164619164619165,-0.37397443236023653
2022-07-14,-0.04788834016663168,-0.1495348005009841,-0.1450980392156862,-0.24550155118924522,0.08844133099824858,-0.2353641595554673,-0.27044543954749,-0.022623400365630708,-0.11326781326781321,-0.3753100553329517
2022-07-15,-0.0495946334638242,-0.15056360708534622,-0.16254901960784307,-0.2788004136504655,0.06392294220665495,-0.26096447707878545,-0.2689135045958049,-0.0630712979890311,-0.12334152334152337,-0.39534439992367865
2022-07-18,-0.048541606743271126,-0.16205940239756655,-0.14803921568627443,-0.2630816959669079,0.09238178633975469,-0.2472712839849177,-0.26820645769502705,-0.030270004218815982,-0.11425061425061434,-0.39114672772371684
2022-07-19,-0.05271471263583316,-0.1550366791912685,-0.14901960784313728,-0.2614270941054808,0.0967600700525395,-0.2530263941258186,-0.291185481970304,-0.07781957530586414,-0.11154791154791166,-0.39190994085098263
2022-07-20,-0.049302126041448346,-0.15409733404902481,-0.14901960784313728,-0.25853154084798347,0.09194395796847643,-0.24548521532050005,-0.2950742399245817,-0.07537617775277738,-0.10319410319410327,-0.39114672772371684
2022-07-21,-0.05471351335540142,-0.16487743782429776,-0.1619607843137254,-0.2665977249224405,0.05122591943957966,-0.23199047430045638,-0.3032052792835258,-0.08416537758402476,-0.11253071253071267,-0.39687082617821023
2022-07-22,-0.05081341439039011,-0.16841116478797635,-0.15588235294117647,-0.2639089968976215,0.056479859894921214,-0.2260369120857313,-0.2913033231204336,-0.06482913795528056,-0.10859950859950862,-0.40030528525090625
2022-07-25,-0.05195906846136222,-0.1587045983181249,-0.15843137254901962,-0.25853154084798347,0.05516637478108599,-0.23635641992458833,-0.3069761960876738,-0.08284699760933767,-0.1004914004914006,-0.3833237931692425
2022-07-26,-0.04924849968067935,-0.1456879584898908,-0.15294117647058814,-0.2486039296794209,0.05516637478108599,-0.28219884897797176,-0.2970775394767853,-0.0824075376177753,-0.10122850122850136,-0.3835145964510589
2022-07-27,-0.06417125334555374,-0.15861513687600648,-0.16098039215686277,-0.25439503619441584,0.04728546409807355,-0.2810081365350269,-0.27810511430591567,-0.0943608493882716,-0.10540540540540555,-0.37645487502385033
2022-07-28,-0.07470152055108403,-0.16299874753981036,-0.1623529411764706,-0.2599793174767322,0.046409807355516586,-0.28358801349474105,-0.27904784350695266,-0.09365771340177187,-0.09656019656019654,-0.37550085861476823
2022-07-29,-0.07448701510800837,-0.20200393630345315,-0.1741176470588236,-0.27466390899689763,0.04553415061295962,-0.2996626314744989,-0.27527692670280457,-0.10596259316551815,-0.1196560196560198,-0.39057431787826746
2022-08-01,-0.0784553658049073,-0.20119878332438712,-0.17960784313725486,-0.2860392967942088,0.04115586690017525,-0.3018456042865648,-0.2786943200565637,-0.0596962452538321,-0.11941031941031943,-0.3934363671055142
2022-08-02,-0.08348649346977177,-0.21426015387368047,-0.1927450980392157,-0.2986556359875906,0.03415061295971977,-0.3212939075213336,-0.297784586377563,-0.0791203768808888,-0.13267813267813278,-0.4178591871780194
2022-08-03,-0.08103918136922728,-0.21904634102701737,-0.1994117647058824,-0.3162357807652534,0.02626970227670755,-0.311371303830125,-0.3299552203629508,-0.11404865701026579,-0.1361179361179362,-0.41099026903262725
2022-08-04,-0.06592142275610247,-0.20925031311504738,-0.1945098039215687,-0.30382626680455027,0.0442206654991244,-0.27148243699146657,-0.34291774687720955,-0.11949796090563913,-0.1257985257985259,-0.4041213508872352
2022-08-05,-0.06204569940962246,-0.1985149400608338,-0.18549019607843142,-0.29058945191313346,0.05429071803852881,-0.24528676324667587,-0.3314871553146359,-0.11114822106595423,-0.1066339066339067,-0.37988933409654646
2022-08-08,-0.0681054781765088,-0.20419574163535514,-0.1925490196078431,-0.2986556359875906,0.056917688266199695,-0.24409605080373087,-0.3336082960169692,-0.11844325692588942,-0.1071253071253071,-0.3793169242510971
2022-08-09,-0.06885137210356718,-0.20835569869386295,-0.19686274509803925,-0.30506721820062044,0.05210157618213662,-0.259178408414368,-0.31557860004713645,-0.10075938686541974,-0.10614250614250609,-0.3768364815874833
2022-08-10,-0.08542679270486486,-0.22168545356951153,-0.207843137254902,-0.31437435367114797,0.045971978984238104,-0.2687041079579281,-0.3195851991515437,-0.11408381380959076,-0.11670761670761665,-0.3743560389238695
2022-08-11,-0.07036266045250894,-0.20419574163535514,-0.18705882352941172,-0.28934850051706307,0.05078809106830118,-0.2571938876761263,-0.31652132924817344,-0.10350161721276896,-0.10319410319410327,-0.3640526617057813
2022-08-12,-0.06007614943229189,-0.20066201467167655,-0.1841176470588235,-0.2891416752843847,0.060858143607705806,-0.2569954356023021,-0.3096865425406552,-0.11756433694276469,-0.10024570024570034,-0.36252623545124973
2022-08-15,-0.06402987475807198,-0.21273930935766683,-0.19333333333333336,-0.30237849017580154,0.05122591943957966,-0.2677118475888074,-0.2922460523214706,-0.09277879341864714,-0.10933660933660938,-0.3932455638236977
2022-08-16,-0.06502927511785617,-0.21618357487922713,-0.19627450980392158,-0.2986556359875906,0.046409807355516586,-0.2766421909108949,-0.28835729436719304,-0.07924342567852627,-0.10786240786240786,-0.40049608853272267
2022-08-17,-0.06495127313855587,-0.2118446949364824,-0.19039215686274513,-0.29183040330920373,0.031523642732048884,-0.27307005358205994,-0.2857647890643412,-0.038461538461538436,-0.1071253071253071,-0.39610761305094444
2022-08-18,-0.07592030147765005,-0.22423510466988728,-0.19980392156862736,-0.3025853154084799,0.024518388791593626,-0.28477872593768605,-0.28199387226019323,-0.04232878638728732,-0.11547911547911549,-0.40278572791452005
2022-08-19,-0.07615918253925691,-0.22320629808552517,-0.19666666666666666,-0.29989658738366076,0.03283712784588433,-0.2875570549712245,-0.338675465472543,-0.06482913795528056,-0.12088452088452095,-0.4090822362144628
2022-08-22,-0.07666132028100214,-0.23286813383431737,-0.19313725490196076,-0.30465356773526375,0.028021015761821477,-0.3046239333201032,-0.3706104171576715,-0.03049852341442838,-0.11867321867321878,-0.40870062965083
2022-08-23,-0.08834699180491701,-0.24852388620504562,-0.20156862745098036,-0.3154084798345398,0.017075306479859886,-0.3129589204207185,-0.361300966297431,-0.02107650119533122,-0.1294840294840296,-0.4119442854417096
2022-08-24,-0.09605456238452048,-0.25192342100554654,-0.1841176470588235,-0.3207859358841778,0.014010507880910739,-0.31573724945425685,-0.37921282111713406,-0.07889185768527629,-0.1361179361179362,-0.42320167906887995
2022-08-25,-0.08103918136922728,-0.2422168545356952,-0.15490196078431373,-0.303205791106515,0.03283712784588433,-0.305616193689224,-0.3772095215649305,-0.09647025734777104,-0.12039312039312056,-0.4382751383323793
2022-08-26,-0.07470152055108403,-0.23913043478260876,-0.15450980392156866,-0.30299896587383657,0.024080560420315367,-0.3099821393133557,-0.37473485741220836,-0.10916186190409227,-0.1108108108108109,-0.42892577752337335
2022-08-29,-0.08405200781969846,-0.26037752728573993,-0.1554901960784314,-0.31168562564632885,0.020140105078809034,-0.32069855129986113,-0.3706104171576715,-0.11756433694276469,-0.11670761670761665,-0.4285441709597405
2022-08-30,-0.08835186692862329,-0.26628198246555734,-0.1590196078431373,-0.30113753877973115,0.019264448336252293,-0.3318118674340147,-0.3777987273155786,-0.13602165658838417,-0.11228501228501231,-0.4310246136233543
2022-08-31,-0.06202619891479744,-0.25214707461084274,-0.14039215686274498,-0.27507755946225443,0.04991243432574444,-0.31216511212542175,-0.39665331133631865,-0.15096329630150473,-0.12186732186732185,-0.430070597214272
2022-09-01,-0.08304285721250171,-0.2683843263553408,-0.14411764705882357,-0.2864529472595657,0.04684763572679507,-0.3185155784877951,-0.39135045958048553,-0.17813950217972152,-0.15110565110565122,-0.4333142530051517
2022-09-02,-0.08591430507549125,-0.2760780103775273,-0.14313725490196072,-0.29017580144777666,0.04290718038528896,-0.3272474697360588,-0.3995993400895592,-0.18038953733652086,-0.16707616707616713,-0.43713031864148055
2022-09-05,-0.10541479990054747,-0.2886920737162283,-0.14117647058823535,-0.2920372285418822,0.04290718038528896,-0.3306211549910697,-0.40502003299552203,-0.17669807340739696,-0.18009828009828022,-0.45830948292310625
2022-09-06,-0.10053967619428339,-0.2819377348362856,-0.13921568627450986,-0.30465356773526375,0.03984238178633981,-0.32764437388370704,-0.3735564459109121,-0.1998312473632401,-0.17371007371007374,-0.4491509253959167
2022-09-07,-0.11369763507749009,-0.28904991948470216,-0.1450980392156862,-0.309617373319545,0.03196147110332759,-0.3365747172057948,-0.37002121140702326,-0.16692448319504993,-0.1837837837837839,-0.4552566304140431
2022-09-08,-0.11516504731307553,-0.2884684201109322,-0.14039215686274498,-0.31127197518097216,0.03546409807355522,-0.3306211549910697,-0.3708460994579307,-0.20985093517086206,-0.18255528255528253,-0.45334859759587864
2022-09-09,-0.100642053792115,-0.2777777777777778,-0.12372549019607848,-0.2864529472595657,0.04684763572679507,-0.30978368723953165,-0.3733207636106528,-0.20506961046266348,-0.17199017199017197,-0.4470520892959359
2022-09-13,-0.0839642555929857,-0.2680712113079263,-0.1164705882352941,-0.2688728024819028,0.04159369527145351,-0.2950982337765429,-0.3722601932594861,-0.1968253410209534,-0.17100737100737107,-0.43484067925968317
2022-09-14,-0.08883937929924968,-0.27357308999821073,-0.12450980392156863,-0.2790072388831438,0.0376532399299474,-0.29192300059535625,-0.3807447560688193,-0.23657010265785405,-0.1744471744471745,-0.44190040068689174
2022-09-15,-0.08347674322235932,-0.26462694578636603,-0.11588235294117644,-0.2552223371251293,0.038528896672504365,-0.2956935899980154,-0.42658496346924346,-0.27163900998453094,-0.17223587223587233,-0.44686128601411945
2022-09-16,-0.09371450300551376,-0.27947754517802825,-0.1386274509803922,-0.2771458117890382,0.027145359019264514,-0.30879142687041083,-0.43082724487391,-0.2792856138377162,-0.19213759213759218,-0.43140622018698715
2022-09-19,-0.08755234664079592,-0.2707997852925389,-0.1386274509803922,-0.27425025853154084,0.028021015761821477,-0.3115697559039492,-0.43294838557624327,-0.27283434116158056,-0.1916461916461918,-0.4342682694142339
2022-09-20,-0.08445176796361209,-0.258409375559134,-0.152156862745098,-0.2856256463288521,0.02539404553415059,-0.32268307203810276,-0.41032288475135514,-0.2599317958093096,-0.19754299754299764,-0.42320167906887995
2022-09-21,-0.09907713908240423,-0.26887636428699235,-0.153921568627451,-0.28831437435367124,0.02583187390542907,-0.3365747172057948,-0.42033938251237335,-0.2611798621853466,-0.2019656019656021,-0.42301087578706353
2022-09-22,-0.11233260043973614,-0.289228842368939,-0.16705882352941182,-0.29327817993795247,0.02539404553415059,-0.3522524310379044,-0.42045722366250293,-0.2705139924061313,-0.2137592137592138,-0.43541308910513254
2022-09-23,-0.10569268195180448,-0.28820003578457687,-0.15647058823529403,-0.28934850051706307,0.02145359019264448,-0.34649732089700336,-0.427999057270799,-0.26638306848544513,-0.20270270270270274,-0.4457164663232207
2022-09-26,-0.0917644535230081,-0.2748702809089282,-0.16686274509803922,-0.2978283350568769,0.009194395796847665,-0.36693788450089304,-0.42493518736742875,-0.24648432006750098,-0.20491400491400502,-0.4489601221141003
2022-09-27,-0.079576644257348,-0.23586509214528528,-0.16784313725490196,-0.29886246122026894,-0.0061295971978984065,-0.33220877158166306,-0.4226962055149658,-0.24500773449585145,-0.1837837837837839,-0.4380843350505629
2022-09-28,-0.08201420611048005,-0.2413669708355699,-0.17862745098039212,-0.3036194415718717,-0.016637478108581405,-0.33578090891049817,-0.435540890879095,-0.26734988046688224,-0.1828009828009829,-0.42568212173249376
2022-09-29,-0.08330611389264009,-0.24624261943102532,-0.18980392156862746,-0.31437435367114797,-0.019264448336252293,-0.30601309783687247,-0.4098515201508367,-0.2634650541414709,-0.181818181818182,-0.41976721999618394
2022-09-30,-0.08713308600205727,-0.24302200751476122,-0.18470588235294116,-0.3040330920372286,-0.004378283712784703,-0.3034332208771582,-0.4354230497289654,-0.29529953593024894,-0.18968058968058976,-0.4195764167143674
2022-10-10,-0.12930290606124129,-0.289228842368939,-0.1876470588235294,-0.3422957600827301,0.022767075306479923,-0.3201031950783886,-0.4592269620551497,-0.3094149908592322,-0.20638820638820654,-0.4447624499141385
2022-10-11,-0.132232855408706,-0.29061549472177495,-0.19215686274509802,-0.3505687693898656,0.02539404553415059,-0.3232784282595753,-0.4519208107471129,-0.26821122205034453,-0.20491400491400502,-0.4409463842778095
2022-10-12,-0.14197822769752788,-0.2995169082125604,-0.17803921568627445,-0.359875904860393,0.016199649737302924,-0.3401468545346299,-0.4298845156728729,-0.23036492757699345,-0.19999999999999996,-0.43961076130509436
2022-10-13,-0.17123384505881833,-0.31307031669350516,-0.18901960784313732,-0.381799379524302,0.008756567425569184,-0.31454653701131174,-0.4461465943907612,-0.24061313458022782,-0.19999999999999996,-0.43713031864148055
2022-10-14,-0.15289362967585307,-0.288244766505636,-0.1776470588235295,-0.357187176835574,0.005253940455341555,-0.2460805715419726,-0.39641762903605937,-0.2319821403459429,-0.19385749385749385,-0.42224766265979774
2022-10-17,-0.16220999107852363,-0.2948201825013419,-0.17450980392156856,-0.35842812823164427,-0.003502626970227629,-0.2151220480254019,-0.40549139759604047,-0.24527141049078882,-0.188943488943489,-0.4029765311963366
2022-10-18,-0.1683867728143602,-0.2901234567901235,-0.18137254901960786,-0.3629782833505688,-0.012697022767075294,-0.21690811668981935,-0.41020504360122556,-0.2449374208972015,-0.19484029484029486,-0.40755580995993124
2022-10-19,-0.19657961320768513,-0.30891035963499736,-0.1907843137254901,-0.37414684591520164,-0.020577933450087516,-0.2260369120857313,-0.42104642941315107,-0.24177330895795246,-0.20147420147420148,-0.4245373020415951
2022-10-20,-0.19877341887550393,-0.31047593487207015,-0.21549019607843145,-0.37807652533609104,-0.02189141856392296,-0.2224647747568962,-0.44402545368842805,-0.27049641400646884,-0.25552825552825553,-0.41900400686891814
2022-10-21,-0.20827991010271885,-0.31942207908391484,-0.22254901960784312,-0.38821096173733205,-0.0188266199649737,-0.20678706092478671,-0.44025453688427996,-0.27401209393896775,-0.26437346437346443,-0.42415569547796217
2022-10-24,-0.2681074282259912,-0.3593218822687422,-0.26078431372549016,-0.4204756980351603,-0.0442206654991244,-0.22643381623337966,-0.45934480320527926,-0.28979749683588807,-0.28992628992629,-0.4352222858233161
2022-10-25,-0.27860356956557775,-0.364286992306316,-0.2603921568627451,-0.41695966907962767,-0.03633975481611196,-0.24350069458225843,-0.4261135988687249,-0.2938756855575868,-0.2837837837837839,-0.4462888761686701
2022-10-26,-0.2862428884132935,-0.3585614600107353,-0.2613725490196078,-0.4223371251292658,-0.03633975481611196,-0.211748362770391,-0.411619137402781,-0.2950007031359865,-0.28501228501228504,-0.4398015645869109
2022-10-27,-0.3169951687524071,-0.3867418142780462,-0.2615686274509804,-0.42213029989658735,-0.08099824868651495,-0.211748362770391,-0.40666980909733674,-0.31391506117283074,-0.29336609336609343,-0.430070597214272
2022-10-28,-0.3369831759480897,-0.38495258543567723,-0.27980392156862754,-0.43784901758014483,-0.0945709281961471,-0.2270291724548521,-0.4196323356115955,-0.35750949233581775,-0.36412776412776415,-0.4581186796412898
2022-10-31,-0.34185829965435377,-0.4028448738593666,-0.29117647058823537,-0.4452947259565667,-0.11295971978984232,-0.2022226632268307,-0.434598161678058,-0.3445366333848966,-0.3798525798525799,-0.4577370730776569
2022-11-01,-0.2872520390204901,-0.3622293791375917,-0.2654901960784314,-0.41695966907962767,-0.11033274956217165,-0.17662234570351254,-0.39842092858826306,-0.32112220503445366,-0.347911547911548,-0.4495325319595497
2022-11-02,-0.28240129093275745,-0.35757738414743245,-0.2666666666666667,-0.4122026887280248,-0.10420315236427313,-0.16689819408612827,-0.3924110299316521,-0.3118056532133314,-0.3282555282555283,-0.4409463842778095
2022-11-03,-0.2982259424832905,-0.36965467883342285,-0.27588235294117647,-0.41985522233712513,-0.12521891418563924,-0.16471522127406224,-0.40938015555031815,-0.3247785121642526,-0.34545454545454546,-0.4407555809959931
2022-11-04,-0.26065336407911355,-0.3290391841116479,-0.24882352941176467,-0.3985522233712513,-0.11821366024518387,-0.17047033141496337,-0.3825123733207636,-0.2891295176487133,-0.31867321867321874,-0.42720854798702534
2022-11-07,-0.26526523110523936,-0.3239398819108965,-0.23941176470588232,-0.3968976215098242,-0.11821366024518387,-0.16669974201230398,-0.3859297666745227,-0.2784066938545915,-0.31916461916461925,-0.4308338103415379
2022-11-08,-0.27610263110426425,-0.3402665950975129,-0.24137254901960792,-0.39710444674250267,-0.12215411558668998,-0.19230005953562213,-0.3952392175347631,-0.2796371818309661,-0.3277641277641278,-0.4357946956687655
2022-11-09,-0.2882806901225118,-0.3496153157988907,-0.24764705882352944,-0.3964839710444674,-0.11908931698774072,-0.1913077991665013,-0.41126561395239214,-0.3020320630009844,-0.33144963144963147,-0.4472428925777523
2022-11-10,-0.28091925332605316,-0.34800500984075866,-0.24588235294117644,-0.3962771458117891,-0.12434325744308228,-0.20242111530065499,-0.43012019797313217,-0.3227042610040781,-0.31916461916461925,-0.45277618775042927
2022-11-11,-0.2550079708272597,-0.3289497226695294,-0.20921568627450982,-0.35387797311271985,-0.10464098073555173,-0.22167096646159956,-0.43035588027339144,-0.2925045703839122,-0.3017199017199017,-0.43121541690517073
2022-11-14,-0.25264353582972165,-0.3276972624798711,-0.1843137254901961,-0.3145811789038263,-0.11690017513134843,-0.19110934709267713,-0.44202215413622437,-0.3193995218675292,-0.3031941031941032,-0.4163327609234878
2022-11-15,-0.22583035544526942,-0.31047593487207015,-0.16686274509803922,-0.31168562564632885,-0.08012259194395788,-0.20142885493153395,-0.43471600282818756,-0.3035789621712839,-0.2825552825552826,-0.39362717038733064
2022-11-16,-0.22717101446449206,-0.3102075505457148,-0.1705882352941177,-0.309617373319545,-0.07837127845884406,-0.1962691010121056,-0.45027103464529816,-0.32486640416256507,-0.2825552825552826,-0.40049608853272267
2022-11-17,-0.23606811522842397,-0.3174091966362498,-0.1654901960784313,-0.3317476732161323,-0.0691768826619964,-0.19825362175034733,-0.45239217534763143,-0.34059907186049776,-0.2815724815724817,-0.39763403930547603
2022-11-18,-0.2360047386202424,-0.3128913938092681,-0.17333333333333345,-0.33671147880041363,-0.07837127845884406,-0.2008334987100615,-0.4461465943907612,-0.3306321192518633,-0.28452088452088453,-0.3810341537874451
2022-11-21,-0.25899094689527746,-0.3338253712649848,-0.19196078431372543,-0.3408479834539814,-0.07661996497373025,-0.19051399087120457,-0.4373085081310394,-0.3278019969062017,-0.29385749385749393,-0.37912612096928067
2022-11-22,-0.24925532485386814,-0.3280103775272858,-0.17705882352941182,-0.32885211995863495,-0.06523642732049029,-0.20777932129390753,-0.45133160499646474,-0.3408100126564477,-0.2955773955773956,-0.3915283342873497
2022-11-23,-0.24484333789969925,-0.33006799069601,-0.18098039215686268,-0.33360910031023794,-0.06479859894921192,-0.21611430839452273,-0.43919396653311327,-0.3328645760090002,-0.30049140049140055,-0.40259492463270363
2022-11-24,-0.2589860717715712,-0.33883521202361777,-0.18039215686274512,-0.33360910031023794,-0.06392294220665506,-0.21869418535423701,-0.4443789771388169,-0.3379623119111236,-0.3002457002457003,-0.4046937607326846
2022-11-25,-0.25800129678290584,-0.3407586330291644,-0.16176470588235292,-0.31706308169596686,-0.045096322241681364,-0.21353443143480844,-0.46111242045722367,-0.3457319645619463,-0.2997542997542998,-0.410417859187178
2022-11-28,-0.26391482183860415,-0.3395509035605654,-0.18803921568627457,-0.33898655635987596,-0.05866900175131351,-0.2224647747568962,-0.4745463115720009,-0.3490542820981578,-0.30049140049140055,-0.4205304331234496
2022-11-29,-0.22046771936837894,-0.30645016997674,-0.12196078431372548,-0.2790072388831438,-0.06436077057793343,-0.20519944433419335,-0.47018618901720477,-0.33571227675432436,-0.2847665847665848,-0.39629841633276086
2022-11-30,-0.22046771936837894,-0.2983539094650205,-0.11862745098039207,-0.27693898655635985,-0.07092819614711032,-0.20956538995832508,-0.46052321470657553,-0.323231612993953,-0.29115479115479115,-0.39877885899637466
2022-12-01,-0.20496482598245935,-0.26377706208624085,-0.12098039215686274,-0.27611168562564636,-0.0713660245183887,-0.19686445723357815,-0.4460287532406316,-0.305213753339896,-0.2651105651105652,-0.3884754817782866
2022-12-02,-0.20346328788092993,-0.27062086240830197,-0.1250980392156863,-0.28872802481902793,-0.06436077057793343,-0.1962691010121056,-0.434598161678058,-0.31113767402615666,-0.2692874692874694,-0.39038351459645104
2022-12-05,-0.18834065414409884,-0.24624261943102532,-0.07294117647058818,-0.2533609100310238,-0.0564798598949211,-0.20857312958920415,-0.4536884279990573,-0.3103818028406694,-0.24717444717444725,-0.3621446288876168
2022-12-06,-0.17707911838262902,-0.21542315262122025,-0.06980392156862747,-0.25853154084798347,-0.06873905429071803,-0.20857312958920415,-0.45958048550553854,-0.296828856700886,-0.23390663390663402,-0.348979202442282
2022-12-07,-0.17902916786513456,-0.22311683664340665,-0.084313725490196,-0.26949327817993796,-0.08406304728546399,-0.19468148442151223,-0.4587555974546311,-0.2646779637181831,-0.22407862407862422,-0.3550849074604083
2022-12-08,-0.17755688050584284,-0.2182859187690106,-0.07549019607843144,-0.26680455015511884,-0.08493870402802106,-0.22861678904544558,-0.45203865189724246,-0.26088102939108415,-0.23267813267813275,-0.35699294027857265
2022-12-09,-0.15660359881632002,-0.1802200751476113,-0.06666666666666665,-0.23991726990692863,-0.08406304728546399,-0.2296090494145664,-0.454395474899835,-0.25362115033047383,-0.21400491400491406,-0.3409654646059912
2022-12-12,-0.15220623723326976,-0.20222758990874934,-0.0947058823529412,-0.25977249224405385,-0.0945709281961471,-0.22841833697162128,-0.46394060806033466,-0.27163900998453094,-0.21990171990171992,-0.34382751383323784
2022-12-13,-0.14685335140379185,-0.19721774915011636,-0.084313725490196,-0.2525336091003102,-0.09632224168126091,-0.23834094066282985,-0.4708932359179826,-0.2873540992828012,-0.23120393120393123,-0.3394390383514596
2022-12-14,-0.13667896822881886,-0.17659688674181429,-0.08058823529411763,-0.2366080661840746,-0.09588441330998254,-0.23715022821988496,-0.47407494697148245,-0.2928209815778371,-0.22063882063882068,-0.33237931692425104
2022-12-15,-0.12882026881432118,-0.18607979960636967,-0.0896078431372549,-0.2486039296794209,-0.10157618213660247,-0.24667592776344516,-0.46759368371435306,-0.2550274223034734,-0.22948402948402957,-0.33390574317878274
2022-12-16,-0.12887877029879635,-0.18357487922705307,-0.08039215686274515,-0.23288521199586343,-0.08669001751313488,-0.24588211946814842,-0.47407494697148245,-0.26520531570805794,-0.22800982800982805,-0.34478153024232006
2022-12-19,-0.13564056687938453,-0.19507067453927363,-0.10254901960784313,-0.2450879007238883,-0.10464098073555173,-0.2619567374479064,-0.4744284704218713,-0.26100407818872173,-0.2287469287469288,-0.3474527761877503
2022-12-20,-0.16391628437571604,-0.22835033100733593,-0.11901960784313725,-0.2612202688728025,-0.10770577933450087,-0.27545147846795004,-0.4720716474192789,-0.28012937702151597,-0.2506142506142507,-0.36176302232398383
2022-12-21,-0.15221598748068232,-0.21949364823760953,-0.11254901960784314,-0.2564632885211996,-0.10420315236427313,-0.2827942051994443,-0.4860947442847042,-0.2848755449303896,-0.24004914004914013,-0.35775615340583855
2022-12-22,-0.13807812873251657,-0.1970835569869387,-0.10039215686274505,-0.2450879007238883,-0.10858143607705784,-0.27307005358205994,-0.5185010605703512,-0.29334833356771195,-0.24201474201474205,-0.35126884182407936
2022-12-23,-0.1366155916206374,-0.19354983002325998,-0.10509803921568628,-0.24777662874870743,-0.10639229422066554,-0.27068862869616983,-0.5222719773744993,-0.2995359302489101,-0.23587223587223594,-0.3392482350696431
2022-12-26,-0.15072419962656558,-0.20110932188226882,-0.12431372549019615,-0.2564632885211996,-0.10814360770577924,-0.254614010716412,-0.505067169455574,-0.28997328083251295,-0.24889434889434892,-0.3337149398969661
2022-12-27,-0.15514106170444075,-0.19015029522275895,-0.10627450980392161,-0.2415718717683557,-0.10070052539404561,-0.26433816233379637,-0.5004713646005186,-0.2905885248207003,-0.23439803439803442,-0.34153787445144057
2022-12-28,-0.15514106170444075,-0.1940418679549114,-0.09254901960784312,-0.22792140641158232,-0.09500875656742547,-0.2577892438975987,-0.4956398774452039,-0.3074110532977078,-0.24004914004914013,-0.35126884182407936
2022-12-29,-0.16196623489321038,-0.20043836106638035,-0.10156862745098039,-0.2299896587383662,-0.08931698774080554,-0.24330224250843413,-0.49776101814753715,-0.30748136689635774,-0.24152334152334154,-0.3464987597786682
2022-12-30,-0.15806613592819918,-0.191760601180891,-0.07843137254901966,-0.22936918304033094,-0.08056042031523647,-0.2353641595554673,-0.5020032995522037,-0.3084306004781324,-0.23832923832923836,-0.338294218660561
2023-01-03,-0.15659872369261374,-0.2028985507246377,-0.07549019607843144,-0.22275077559462264,-0.08450087565674258,-0.23715022821988496,-0.504713646005185,-0.3150752355505555,-0.24570024570024573,-0.3457355466514024
2023-01-04,-0.15903628554574578,-0.2010198604401503,-0.048431372549019636,-0.2006204756980352,-0.08800350262697032,-0.2306013097836872,-0.5209757247230733,-0.32497187456054,-0.24864864864864877,-0.35279526807861084
2023-01-05,-0.12199022050184527,-0.15458937198067635,-0.0405882352941177,-0.203722854188211,-0.09063047285464099,-0.2151220480254019,-0.516026396417629,-0.2836626353536774,-0.22506142506142512,-0.34459072696050363
2023-01-06,-0.12063981123521006,-0.14805868670602973,-0.024705882352941133,-0.20620475698035157,-0.08537653239929943,-0.2198848977971819,-0.497171812396889,-0.26757839966249464,-0.22604422604422614,-0.35603892386949054
2023-01-09,-0.10239222320266372,-0.12381463589193065,-0.0017647058823530015,-0.1975180972078594,-0.0901926444833625,-0.2151220480254019,-0.501885458402074,-0.2676838700604697,-0.2235872235872236,-0.3690135470330089
2023-01-10,-0.09593268429186386,-0.1266774020397209,-0.035098039215686216,-0.2088934850051707,-0.0967600700525394,-0.21849573328041272,-0.4983502238981853,-0.24061313458022782,-0.20122850122850133,-0.3638618584239648
2023-01-11,-0.10056405181281469,-0.1317767042404724,-0.00588235294117645,-0.19503619441571873,-0.08844133099824869,-0.23695177614606067,-0.5003535234503889,-0.24789059204050057,-0.20270270270270274,-0.37244800610570494
2023-01-12,-0.10590231227117386,-0.13495258543567734,-0.0017647058823530015,-0.19234746639089972,-0.0945709281961471,-0.2500496130184561,-0.48868724958755594,-0.23797637463085364,-0.2081081081081082,-0.3768364815874833
2023-01-13,-0.08006415662797439,-0.11173734120594014,0.026470588235294246,-0.17973112719751816,-0.08362521891418562,-0.22067870609247864,-0.48856940843742636,-0.2274293348333568,-0.1992628992628992,-0.3581377599694714
2023-01-16,-0.06743758622875051,-0.0762211486849168,0.021372549019607945,-0.16297828335056885,-0.0818739054290718,-0.14407620559634848,-0.48149893942964883,-0.21489593587399802,-0.17936117936117946,-0.3384850219423773
2023-01-17,-0.06982639684481995,-0.09259259259259256,0.009803921568627416,-0.15863495346432266,-0.0945709281961471,-0.1629291526096448,-0.4781993872260193,-0.21668893263957245,-0.17076167076167081,-0.3369585956878458
2023-01-18,-0.07713908240421596,-0.0794417606011808,0.010784313725490158,-0.16483971044467427,-0.09369527145359025,-0.17503472911291929,-0.4728965354701862,-0.21160877513711152,-0.2081081081081082,-0.32913566113337156
2023-01-19,-0.08337436562452771,-0.08167829665414206,0.01588235294117646,-0.1592554291623579,-0.10595446584938695,-0.13395514983131573,-0.4728965354701862,-0.21464983827872308,-0.2034398034398035,-0.29803472619729054
2023-01-20,-0.09322211551118109,-0.06638039005188767,0.021568627450980316,-0.15098241985522243,-0.07924693520140103,-0.13593967056955747,-0.4443789771388169,-0.20545633525523832,-0.20565110565110578,-0.2991795458881893
2023-01-30,-0.079576644257348,-0.026659509751297272,0.00941176470588223,-0.1307135470527404,-0.08450087565674258,-0.14169478071045838,-0.4343624793777987,-0.17267261988468574,-0.18304668304668315,-0.29307384087006294
2023-01-31,-0.10016916679260734,-0.06512792986222937,-0.00039215686274518546,-0.14767321613236817,-0.08975481611208413,-0.16233379638817225,-0.4325948621258544,-0.18225284770074535,-0.19950859950859956,-0.31597023468803653
2023-02-01,-0.10055430156540224,-0.06038647342995174,0.006862745098039191,-0.16153050672182012,-0.08975481611208413,-0.15380035721373286,-0.4262314400188546,-0.16186190409225143,-0.19950859950859956,-0.3083381034153787
2023-02-02,-0.1048736611691522,-0.049427446770441974,-0.0033333333333334103,-0.17207859358841782,-0.08274956217162877,-0.14665608255606277,-0.42670280461937304,-0.18067079173112077,-0.20098280098280097,-0.30566685746994837
2023-02-03,-0.11370251020119637,-0.06065485775630708,-0.027450980392156876,-0.18717683557394005,-0.08406304728546399,-0.15062512403254624,-0.4460287532406316,-0.19807340739699064,-0.21302211302211305,-0.29975195573363855
2023-02-06,-0.1249152947256037,-0.09778135623546258,-0.05568627450980401,-0.2068252326783867,-0.08143607705779332,-0.1567771383210954,-0.45321706339853873,-0.20791731120798762,-0.23538083538083543,-0.30318641480633457
2023-02-07,-0.12394026998435081,-0.0912059402397567,-0.045098039215686225,-0.20558428128231654,-0.06742556917688258,-0.16451676920023817,-0.45745934480320527,-0.21231191112361125,-0.23783783783783785,-0.28906697195191755
2023-02-08,-0.13027793080249417,-0.10739846126319552,-0.0490196078431373,-0.20392967942088935,-0.06436077057793343,-0.1474498908513594,-0.45934480320527926,-0.2138763886935734,-0.231941031941032,-0.2959358900973097
2023-02-09,-0.11370251020119637,-0.07232957595276446,-0.03294117647058825,-0.20392967942088935,-0.06786339754816118,-0.13375669775749155,-0.4551025218006127,-0.2037160736886514,-0.22604422604422614,-0.28009921770654456
2023-02-10,-0.11760260916620757,-0.08436213991769559,-0.03333333333333344,-0.21075491209927621,-0.0713660245183887,-0.13474895812661236,-0.4652368607117605,-0.21609126705104764,-0.22702702702702704,-0.29975195573363855
2023-02-13,-0.0950064107876738,-0.0499194847020934,-0.03431372549019607,-0.21985522233712518,-0.0757443082311734,-0.10756102401270096,-0.4624086731086495,-0.1913936155252426,-0.22383292383292386,-0.301659988551803
2023-02-14,-0.10112956616274138,-0.064054392556808,-0.021568627450980427,-0.21406411582213036,-0.0735551663747811,-0.10259972216709667,-0.4645298138109828,-0.2071262832231754,-0.22285012285012296,-0.3096737263880939
2023-02-15,-0.10248972567678905,-0.056181785650384675,-0.04156862745098033,-0.23123061013443635,-0.07837127845884406,-0.11073625719388769,-0.46688663681357523,-0.21143299114048653,-0.23390663390663402,-0.3096737263880939
2023-02-16,-0.09233971812034736,-0.05712113079262837,-0.03529411764705881,-0.22916235780765248,-0.08274956217162877,-0.1309783687239532,-0.4763139288239453,-0.22092532695823375,-0.2412776412776414,-0.28658652928830375
2023-02-17,-0.11234722581085499,-0.06893004115226331,-0.04313725490196085,-0.24074457083764222,-0.09106830122591936,-0.12343718991863462,-0.4889229318878152,-0.26137322458163403,-0.245945945945946,-0.3033772180881511
2023-02-20,-0.08591430507549125,-0.04745929504383617,-0.020588235294117574,-0.20392967942088935,-0.07267950963222414,-0.10259972216709667,-0.4800848456280934,-0.26088102939108415,-0.22972972972972971,-0.2615912993703491
2023-02-21,-0.08981440404050256,-0.060297011987833216,-0.01941176470588235,-0.19979317476732172,-0.06873905429071803,-0.11688827148243697,-0.4674758425642235,-0.2704788356068064,-0.2262899262899264,-0.26044647967945045
2023-02-22,-0.10492728752992109,-0.07183753802111292,-0.035686274509803884,-0.21075491209927621,-0.07443082311733795,-0.12462790236157972,-0.4771388168748527,-0.28021726901982835,-0.23685503685503695,-0.2717038733066208
2023-02-23,-0.11370251020119637,-0.0825729110753266,-0.03960784313725496,-0.20847983453981378,-0.07661996497373025,-0.13633657471720573,-0.46040537355644595,-0.27360779074673036,-0.23832923832923836,-0.279908414424728
2023-02-24,-0.1283278813199885,-0.100465199499016,-0.05490196078431364,-0.2252326783867632,-0.0796847635726795,-0.1428854931534035,-0.47313221777044545,-0.28737167768246386,-0.247911547911548,-0.28105323411562677
2023-02-27,-0.11740272909425076,-0.08387010198604405,-0.0627450980392158,-0.23143743536711492,-0.08274956217162877,-0.14407620559634848,-0.4791421164270563,-0.2949303895373365,-0.2506142506142507,-0.28983018507918334
2023-02-28,-0.11577931290006482,-0.08561460010735378,-0.05490196078431364,-0.228335056876939,-0.0735551663747811,-0.1367334788648541,-0.47867075182653784,-0.29000843763183803,-0.2515970515970516,-0.26769700438847543
2023-03-01,-0.10369388123223633,-0.07237430667382361,-0.019803921568627425,-0.2088934850051707,-0.06961471103327499,-0.13137527287160145,-0.4798491633278341,-0.27615665869779216,-0.23538083538083543,-0.2404121350887234
2023-03-02,-0.10882738649493229,-0.077473608874575,-0.015686274509803866,-0.2088934850051707,-0.07005253940455347,-0.1428854931534035,-0.48856940843742636,-0.2954577415272114,-0.23488943488943492,-0.24823506964319786
2023-03-03,-0.11368300970637135,-0.07962068348541784,-0.014117647058823457,-0.2088934850051707,-0.06611208406304736,-0.13871799960309594,-0.4890407730379448,-0.2927858247785121,-0.23685503685503695,-0.24880747948864723
2023-03-06,-0.1189968945461991,-0.08489890857040616,-0.047450980392156894,-0.23474663908996896,-0.0691768826619964,-0.13832109545544746,-0.46947914211642705,-0.2820630009843903,-0.24496314496314497,-0.2386949055523755
2023-03-07,-0.12818162760880059,-0.1033726963678655,-0.06058823529411772,-0.24384694932781792,-0.07486865148861654,-0.1641198650525899,-0.4763139288239453,-0.2929967655744621,-0.26437346437346443,-0.2573936271703873
2023-03-08,-0.1368983487956007,-0.10851672928967615,-0.07392156862745103,-0.25542916235780766,-0.08231173380035017,-0.16729509823377653,-0.48314871553146355,-0.3008543102235972,-0.2660933660933661,-0.2558672009158557
2023-03-09,-0.13709335374385123,-0.11433172302737526,-0.08549019607843134,-0.26411582213029994,-0.08931698774080554,-0.17185949593173255,-0.49304737214235206,-0.3021199549992969,-0.273955773955774,-0.26884182407937407
2023-03-10,-0.14685335140379185,-0.1266774020397209,-0.0980392156862745,-0.2754912099276111,-0.09150612959719784,-0.16927961897201826,-0.5036530756540184,-0.28668612009562644,-0.2847665847665848,-0.27857279145201286
2023-03-13,-0.141003202956275,-0.11164787976382184,-0.08823529411764708,-0.27507755946225443,-0.08318739054290714,-0.17801151022028183,-0.5051850106057034,-0.3109267332302067,-0.275921375921376,-0.2518603319977103
2023-03-14,-0.13905315347376945,-0.12649847915548396,-0.10862745098039217,-0.28479834539813864,-0.07749562171628721,-0.17682079777733684,-0.5064812632571294,-0.3193116298692167,-0.2742014742014742,-0.2577752337340202
2023-03-15,-0.1464048400228155,-0.13973877258901413,-0.09901960784313724,-0.2785935884177869,-0.08012259194395788,-0.17880531851557846,-0.5022389818524629,-0.3179580930952046,-0.28280098280098287,-0.2543407746613242
2023-03-16,-0.14588320178624536,-0.14474861334764721,-0.1131372549019608,-0.2833505687693899,-0.0713660245183887,-0.18257590791823775,-0.528635399481499,-0.32303825059766555,-0.28501228501228504,-0.274756725815684
2023-03-17,-0.15075345036880317,-0.1568259080336375,-0.09411764705882353,-0.28934850051706307,-0.07180385288966729,-0.18991863464973213,-0.5365307565401838,-0.33908732948952325,-0.29066339066339064,-0.23010875787063534
2023-03-20,-0.15679860376457055,-0.1684558955090356,-0.10627450980392161,-0.2943123061013444,-0.08274956217162877,-0.19825362175034733,-0.5379448503417393,-0.33210870482351285,-0.2987714987714989,-0.2127456592253386
2023-03-21,-0.13466554213813176,-0.14009661835748788,-0.09784313725490201,-0.2920372285418822,-0.08318739054290714,-0.17443937289144673,-0.5351166627386283,-0.30779777809028275,-0.28796068796068797,-0.21770654455256622
2023-03-22,-0.1354699375496654,-0.14219896224727135,-0.08823529411764708,-0.2856256463288521,-0.0818739054290718,-0.15399880928755705,-0.5359415507895356,-0.29827028547321055,-0.2904176904176905,-0.18336195382560583
2023-03-23,-0.1347337938700195,-0.12962962962962954,-0.08078431372549011,-0.2719751809720785,-0.08406304728546399,-0.1532050009922603,-0.5344096158378506,-0.2997117142455351,-0.2872235872235872,-0.14520129746231636
2023-03-24,-0.13290074735646418,-0.13660762211486843,-0.09411764705882353,-0.28790072388831445,-0.0901926444833625,-0.172454852153205,-0.5280461937308508,-0.3081493460835326,-0.2842751842751844,-0.14901736309864522
2023-03-27,-0.13818050633034817,-0.1482823403113258,-0.09823529411764698,-0.2924508790072389,-0.11033274956217165,-0.14109942448898594,-0.5252180061277398,-0.30301645338208405,-0.28452088452088453,-0.16790688799847353
2023-03-28,-0.13135045801787226,-0.1389336196099481,-0.10039215686274505,-0.2885211995863496,-0.11646234676007006,-0.14665608255606277,-0.5304030167334433,-0.309872029250457,-0.28746928746928757,-0.19004006868918133
2023-03-29,-0.12735285657873574,-0.12649847915548396,-0.10941176470588232,-0.2943123061013444,-0.09281961471103328,-0.14348084937487604,-0.5282818760311101,-0.2965476023062861,-0.29484029484029495,-0.18336195382560583
2023-03-30,-0.12247773287247166,-0.11258722490606554,-0.1082352941176471,-0.2895553257497414,-0.07092819614711032,-0.1464576304822386,-0.5226255008248881,-0.29667065110392343,-0.2825552825552826,-0.20625834764357942
2023-03-31,-0.1127274854599436,-0.11880479513329756,-0.10588235294117643,-0.2912099276111685,-0.06961471103327499,-0.15022821988489776,-0.5238039123261844,-0.28622908170440164,-0.28452088452088453,-0.18603319977103605
2023-04-03,-0.12146858226527502,-0.12690105564501697,-0.10431372549019613,-0.2891416752843847,-0.07618213660245177,-0.15538797380432623,-0.5212114070233325,-0.29913162705667284,-0.2877149877149878,-0.19042167525281428
2023-04-04,-0.11536492738503246,-0.1226069064233315,-0.1064705882352941,-0.29100310237849014,-0.06873905429071803,-0.14367930144870023,-0.5263964176290361,-0.3179580930952046,-0.2847665847665848,-0.1431024613623354
2023-04-06,-0.12395977047917595,-0.14770084093755598,-0.11607843137254903,-0.3009307135470528,-0.07180385288966729,-0.1510220281801945,-0.5252180061277398,-0.31792293629587964,-0.2894348894348895,-0.16313680595306235
2023-04-07,-0.12687021933181553,-0.154320987654321,-0.10529411764705876,-0.2938986556359876,-0.07705779334500884,-0.10398888668386586,-0.5230968654254066,-0.31354591477991844,-0.284029484029484,-0.13031864148063343
2023-04-10,-0.13627433296119884,-0.17404723564143854,-0.09686274509803916,-0.29183040330920373,-0.07005253940455347,-0.08176225441555862,-0.514140938015555,-0.2933307551680495,-0.290909090909091,-0.14043121541690518
2023-04-11,-0.14904715707161065,-0.19247629271783862,-0.1047058823529412,-0.30237849017580154,-0.06830122591943955,-0.0869220083349872,-0.5232147065755361,-0.29695190549852346,-0.2992628992628993,-0.15321503529860703
2023-04-12,-0.17410529292180799,-0.21354446233673285,-0.10588235294117643,-0.3021716649431231,-0.0630472854640981,-0.09446318714030555,-0.5332312043365544,-0.31090915483054427,-0.3081081081081082,-0.11524518221713409
2023-04-13,-0.16001618541070484,-0.20432993379853281,-0.11529411764705888,-0.2965873836608067,-0.07399299474605958,-0.060329430442548126,-0.5359415507895356,-0.3175010547039797,-0.3095823095823096,-0.1375691661896583
2023-04-14,-0.1646865539213057,-0.21457326892109496,-0.1080392156862745,-0.28872802481902793,-0.0713660245183887,-0.05298670371105385,-0.5373556445910912,-0.301627759808747,-0.31400491400491404,-0.149780576225911
2023-04-17,-0.1453908142919127,-0.2029880121667561,-0.06901960784313732,-0.2719751809720785,-0.06742556917688258,-0.021829728120658864,-0.5331133631864247,-0.2830122345661651,-0.3076167076167077,-0.16141957641671423
2023-04-18,-0.14295325243878065,-0.202361782071927,-0.046666666666666745,-0.26204756980351607,-0.0691768826619964,-0.028974002778329067,-0.5285175583313693,-0.28104345380396567,-0.30000000000000004,-0.1692425109711887
2023-04-19,-0.14246574006815427,-0.21144211844694938,-0.050980392156862786,-0.265770423991727,-0.07705779334500884,-0.03433220877158172,-0.5412444025453689,-0.2786352130502039,-0.30663390663390666,-0.17649303568021368
2023-04-20,-0.15081195185327823,-0.22392198962247267,-0.043333333333333335,-0.2763185108583247,-0.07486865148861654,-0.051399087120460485,-0.5567994343624794,-0.3038953733652088,-0.3100737100737102,-0.20587674107994658
2023-04-21,-0.15881202985525755,-0.23063159778135622,-0.08352941176470585,-0.2864529472595657,-0.07793345008756569,-0.06092478666402068,-0.558802733914683,-0.288092392068626,-0.3120393120393121,-0.2421293646250715
2023-04-24,-0.16879140808198012,-0.24852388620504562,-0.09019607843137256,-0.30506721820062044,-0.07924693520140103,-0.040484223060131,-0.5730615130803677,-0.3023484741949093,-0.3277641277641278,-0.2510971188704445
2023-04-25,-0.15641834411548183,-0.24047235641438536,-0.09627450980392149,-0.2961737331954498,-0.07311733800350251,-0.047826949791625384,-0.587438133396182,-0.3216495570243285,-0.3240786240786241,-0.285441709597405
2023-04-26,-0.1498223017409066,-0.24579531222043294,-0.10215686274509805,-0.300517063081696,-0.07267950963222414,-0.043461004167493544,-0.5727079896299788,-0.6053649275769935,-0.32530712530712536,-0.2921198244609806
2023-04-27,-0.1429922534284307,-0.24329039184111656,-0.012352941176470678,-0.325129265770424,-0.04159369527145351,-0.043461004167493544,-0.5761253829837379,-0.5939389677963718,-0.31695331695331697,-0.27685556191566496
2023-04-28,-0.14172472126480207,-0.24405081409912333,0.015686274509803866,-0.30506721820062044,-0.042031523642732105,-0.0345306608454059,-0.5890879094979967,-0.5942026437913093,-0.27371007371007383,-0.2797176111429116
2023-05-04,-0.14690210264085446,-0.2442744677044194,0.05294117647058827,-0.29410548086866595,-0.012259194395796924,-0.022226632268307123,-0.5982795192081074,-0.6035719308114189,-0.2665847665847666,-0.2902117916428162
2023-05-05,-0.14685335140379185,-0.22298264448022898,0.05549019607843131,-0.28252326783867643,-0.03239929947460585,-0.05794800555665813,-0.6092387461701627,-0.6009703276613697,-0.27002457002457003,-0.31196336576989114
2023-05-08,-0.1612252160898583,-0.23331544104490964,0.07686274509803925,-0.26370217166494314,-0.02189141856392296,-0.07699940464377852,-0.6048786236153665,-0.5942729573899592,-0.2597051597051597,-0.3146346117153215
2023-05-09,-0.16050369778133122,-0.21824118804795134,0.04862745098039212,-0.2763185108583247,-0.0039404553415061105,-0.08850962492558045,-0.6107706811218477,-0.6030270004218816,-0.26535626535626544,-0.3140622018698721
2023-05-10,-0.15904116066945195,-0.2247271426015388,0.025686274509803875,-0.2885211995863496,-0.019702276707530664,-0.08017463782496526,-0.606292717416922,-0.5912670510476725,-0.2670761670761672,-0.30547605418813206
2023-05-11,-0.1629071337685194,-0.22808194668098059,0.026470588235294246,-0.28748707342295754,-0.0017513134851138146,-0.07858702123437189,-0.6022861183125148,-0.5774152721136268,-0.2732186732186733,-0.30795649685174575
2023-05-12,-0.1681088907631031,-0.242395777419932,0.0052941176470588935,-0.2959669079627715,0.0030647985989491477,-0.09684461202619576,-0.6134810275748291,-0.5816692448319505,-0.2685503685503686,-0.32360236596069447
2023-05-15,-0.16328251829390172,-0.22866344605475042,0.05313725490196086,-0.28231644260599786,0.007005253940455258,-0.05854336177813069,-0.6013433891114777,-0.5811243144424132,-0.25651105651105655,-0.3253195954970425
2023-05-16,-0.16962505423575125,-0.23738593666129892,0.04313725490196085,-0.2798345398138573,0.005253940455341555,-0.025004961301845596,-0.6035823709639405,-0.579876248066376,-0.26167076167076175,-0.32360236596069447
2023-05-17,-0.17074145756448567,-0.24252996958310968,0.017843137254901942,-0.2864529472595657,0.0017513134851137035,-0.03750744195276845,-0.603464529813811,-0.5781184081001265,-0.26732186732186736,-0.3321885136424346
2023-05-18,-0.17561658127074975,-0.24557165861513686,0.01607843137254905,-0.28748707342295754,0.010507880910682887,-0.047033141496328534,-0.6101814753711996,-0.5914779918436226,-0.27100737100737105,-0.3220759397061629
2023-05-19,-0.1714727261204253,-0.23599928430846306,0.0007843137254901489,-0.2978283350568769,-0.0008756567425568518,-0.025004961301845596,-0.611595569172755,-0.5956968077626212,-0.2665847665847666,-0.3203587101698149
2023-05-22,-0.1488034008862975,-0.20553766326713185,0.008235294117647118,-0.2926577042399172,0.017075306479859886,-0.03353840047628498,-0.6069997643176996,-0.5951694557727465,-0.25184275184275196,-0.31539782484258716
2023-05-23,-0.1592605412362339,-0.22168545356951153,-0.021568627450980427,-0.30506721820062044,0.008756567425569184,-0.02560031752331815,-0.6123026160735329,-0.6037477148080439,-0.2464373464373465,-0.3001335622972715
2023-05-24,-0.1659150850952843,-0.23801216675612813,-0.04960784313725497,-0.3189245087900724,-0.009194395796847665,-0.04822385393927364,-0.6098279519208107,-0.6040465476023062,-0.2628992628992629,-0.3131081854607899
2023-05-25,-0.17074145756448567,-0.24762927178386118,-0.050980392156862786,-0.3294725956566701,-0.0061295971978984065,-0.04623933320103191,-0.6177233089794957,-0.6060856419631557,-0.2695331695331695,-0.33314253005151684
2023-05-26,-0.1758310867138254,-0.23913043478260876,-0.05019607843137264,-0.3228541882109617,-0.012259194395796924,-0.039491962691010185,-0.62891821824181,-0.613275207425116,-0.275921375921376,-0.323793169242511
2023-05-29,-0.17659160601200252,-0.24736088745750584,-0.05803921568627457,-0.3238883143743537,0.002189141856392407,-0.04147648342925192,-0.6435305208578836,-0.6184432569258895,-0.2830466830466831,-0.35126884182407936
2023-05-30,-0.18668798720767543,-0.26118268026480596,-0.0590196078431372,-0.32492244053774566,-0.0039404553415061105,-0.041674935503075994,-0.6523686071176055,-0.6045035859935312,-0.28280098280098287,-0.32913566113337156
2023-05-31,-0.2058910994866494,-0.279030237967436,-0.07843137254901966,-0.33195449844881086,-0.014448336252189109,-0.09605080373089903,-0.66038180532642,-0.6112185346646042,-0.2921375921375923,-0.33485975958786485
2023-06-01,-0.20246876264485203,-0.2694578636607623,-0.06960784313725488,-0.336918304033092,-0.020140105078809145,-0.08850962492558045,-0.662620787178883,-0.6081774715229925,-0.2852579852579853,-0.31501621827895443
2023-06-02,-0.18556183363152845,-0.2489711934156379,-0.03725490196078429,-0.31602895553257504,-0.02232924693520144,-0.08652510418733872,-0.6554324770209757,-0.5984390381099705,-0.26879606879606877,-0.314825414997138
2023-06-05,-0.18829190290703623,-0.2610484881016283,-0.04882352941176471,-0.3166494312306102,-0.017075306479859886,-0.07719785671760271,-0.6652132924817347,-0.613626775418366,-0.274938574938575,-0.3131081854607899
2023-06-06,-0.18732175328948975,-0.2591697978171408,-0.043921568627451,-0.31602895553257504,-0.02276707530647981,-0.08096844612026188,-0.6740513787414565,-0.6145408522008156,-0.27518427518427524,-0.33409654646059905
2023-06-07,-0.19516582733286858,-0.266416174628735,-0.039019607843137294,-0.31127197518097216,-0.02189141856392296,-0.09704306410001984,-0.6759368371435306,-0.6355997749964843,-0.27518427518427524,-0.3375310055332952
2023-06-08,-0.18682936579515708,-0.26274825550187875,-0.02607843137254895,-0.295139607032058,-0.007880910683012221,-0.09525699543560229,-0.6778222955456046,-0.6343517086204472,-0.27248157248157256,-0.3407746613241748
2023-06-09,-0.18780439053640985,-0.26377706208624085,-0.029803921568627545,-0.3021716649431231,0.0008756567425569628,-0.09128795395911893,-0.6747584256422343,-0.6272676135564619,-0.26683046683046685,-0.3825605800419767
2023-06-12,-0.1731790194176177,-0.2377437824297728,-0.028039215686274543,-0.30237849017580154,-0.020140105078809145,-0.1129192300059535,-0.6721659203393825,-0.6274258191534243,-0.2656019656019656,-0.39419958023278
2023-06-13,-0.17171648230573855,-0.22580067990696007,-0.02686274509803921,-0.30237849017580154,-0.023642732049036774,-0.1069656677912284,-0.6729908083902899,-0.6254043031922374,-0.28918918918918923,-0.35928257966037014
2023-06-14,-0.15812463741267435,-0.20522454821971725,-0.05784313725490198,-0.30941054808686663,-0.02583187390542907,-0.08712046040881127,-0.6780579778458637,-0.6248769512023625,-0.2857493857493858,-0.36328944857851553
2023-06-15,-0.1444157895506598,-0.18590087672213274,-0.0505882352941176,-0.3025853154084799,-0.024518388791593626,-0.06866441754316333,-0.6561395239217535,-0.5941499085923218,-0.2800982800982801,-0.36195382560580047
2023-06-16,-0.12360388644861864,-0.17659688674181429,-0.04705882352941171,-0.2982419855222337,-0.028021015761821366,-0.05735264933518558,-0.6508366721659203,-0.5937631837997468,-0.2783783783783784,-0.3295172676970043
2023-06-19,-0.14977842562755028,-0.20585077831454646,-0.06862745098039214,-0.30548086866597735,-0.02889667250437833,-0.06965667791228414,-0.658496346924346,-0.5994234284910702,-0.2862407862407863,-0.31024613623354325
2023-06-20,-0.15004168230768855,-0.22164072284845238,-0.08058823529411763,-0.3135470527404344,-0.03283712784588444,-0.07164119865052587,-0.6614423756775867,-0.5992124876951203,-0.2918918918918919,-0.3066208738790306
2023-06-21,-0.15376140169556807,-0.23331544104490964,-0.08549019607843134,-0.31396070320579106,-0.03239929947460585,-0.07918237745584444,-0.6701626207871789,-0.6046442131908312,-0.2923832923832924,-0.32913566113337156
2023-06-26,-0.16684135859947447,-0.25451780282698155,-0.09941176470588231,-0.3255429162357808,-0.02626970227670755,-0.07997618575114107,-0.6699269384869195,-0.6041871747996063,-0.2941031941031942,-0.3543216943331424
2023-06-27,-0.1658419582396904,-0.25693326176417963,-0.09215686274509804,-0.3211995863495346,-0.031523642732048995,-0.08811272077793209,-0.6679236389347161,-0.6071755027422303,-0.29729729729729726,-0.3493608090059148
2023-06-28,-0.15739336885673472,-0.2544730721059224,-0.08745098039215693,-0.31644260599793184,-0.015761821366024442,-0.0831514189323278,-0.6544897478199387,-0.6053649275769935,-0.29901719901719903,-0.35622972715130696
2023-06-29,-0.16454517533382407,-0.2672660583288603,-0.09215686274509804,-0.32409513960703207,-0.031085814360770625,-0.06628299265727333,-0.660028281876031,-0.6088806075094924,-0.3063882063882064,-0.36328944857851553
2023-06-30,-0.17561658127074975,-0.26833959563428167,-0.09019607843137256,-0.322440537745605,-0.034150612959719884,-0.04941456638221875,-0.6621494225783644,-0.5978237941217832,-0.30417690417690424,-0.36825033390574313
2023-07-03,-0.15947992180301584,-0.25138665235283586,-0.05529411764705883,-0.3025853154084799,-0.031523642732048995,-0.06013097836872394,-0.6596747584256423,-0.5959077485585713,-0.2842751842751844,-0.36271703873306615
2023-07-04,-0.15631109139394417,-0.24753981034174277,-0.05980392156862735,-0.30692864529472597,-0.034588441330998254,-0.030561619368922432,-0.66038180532642,-0.5970151877373084,-0.284029484029484,-0.34001144819690887
2023-07-05,-0.16373102967487796,-0.26024333512256226,-0.07156862745098036,-0.3168562564632885,-0.03371278458844129,-0.0238142488589006,-0.6682771623851049,-0.6000738292785825,-0.2931203931203932,-0.3461171532150352
2023-07-06,-0.16977618307064546,-0.2650742529969583,-0.07254901960784321,-0.32616339193381594,-0.03677758318739055,-0.045247072831911095,-0.6713410322884752,-0.6047496835888061,-0.29680589680589686,-0.35355848120587663
2023-07-07,-0.1760894682702574,-0.26793701914474866,-0.0743137254901961,-0.3317476732161323,-0.03677758318739055,-0.03969041476483426,-0.6775866132453453,-0.6093200675010547,-0.29533169533169534,-0.3646250715512307
2023-07-10,-0.17079020880154827,-0.2637323313651816,-0.086078431372549,-0.32885211995863495,-0.03677758318739055,-0.05516967652311966,-0.6501296252651425,-0.5978062157221207,-0.30270270270270283,-0.35031482541499714
2023-07-11,-0.16635384622884808,-0.2613168724279836,-0.07450980392156858,-0.32347466390899693,-0.03677758318739055,-0.042667195872196806,-0.6554324770209757,-0.5972964421319082,-0.2997542997542998,-0.3474527761877503
2023-07-12,-0.16450129922046774,-0.2598854893540884,-0.0727450980392157,-0.3133402275077559,-0.030647985989492144,-0.05199444334193282,-0.6399952863539948,-0.6009879060610321,-0.3031941031941032,-0.3457355466514024
2023-07-13,-0.15250849490305818,-0.22772410091250672,-0.046666666666666745,-0.34126163391933817,-0.01838879159369522,-0.04723159357015283,-0.6385811925524393,-0.5956968077626212,-0.2877149877149878,-0.3344781530242319
2023-07-14,-0.1453908142919127,-0.23067632850241537,-0.04627450980392156,-0.3396070320579111,-0.016199649737303035,-0.05695574518753721,-0.6460051850106057,-0.5987202925045704,-0.31031941031941035,-0.33886662850601024
2023-07-17,-0.15661822418743876,-0.24109858650921456,-0.05784313725490198,-0.3453981385729059,-0.017513134851138257,-0.06330621154991067,-0.6489512137638463,-0.6033434116158065,-0.3230958230958231,-0.34726197290593397
2023-07-18,-0.16011368788483016,-0.24673465736267663,-0.06666666666666665,-0.3493278179937952,-0.0188266199649737,-0.06330621154991067,-0.6523686071176055,-0.603607087610744,-0.3292383292383293,-0.3499332188513642
2023-07-19,-0.16001618541070484,-0.2470925031311505,-0.06333333333333324,-0.34684591520165464,-0.01488616462346759,-0.07342726731494353,-0.6554324770209757,-0.6141541274082407,-0.3307125307125308,-0.3457355466514024
2023-07-20,-0.15952867304007845,-0.24601896582572913,-0.07019607843137254,-0.3445708376421923,-0.019264448336252293,-0.0879142687041079,-0.6516615602168278,-0.611429475460554,-0.3321867321867322,-0.3547033008967754
2023-07-21,-0.13646933790944948,-0.23389694041867948,-0.07901960784313733,-0.3422957600827301,-0.05429071803852881,-0.08850962492558045,-0.6619137402781051,-0.6104802418787794,-0.32628992628992626,-0.3623354321694332
2023-07-24,-0.1365424647650434,-0.24244050814099116,-0.08588235294117652,-0.34953464322647365,-0.05604203152364273,-0.061520142885493234,-0.6660381805326421,-0.6150682041906905,-0.32997542997543006,-0.3713031864148062
2023-07-25,-0.10855925469108785,-0.1970835569869387,-0.028431372549019618,-0.3118924508790072,-0.06611208406304736,-0.05219289541575711,-0.655668159321235,-0.6021129236394318,-0.317936117936118,-0.3419194810150734
2023-07-26,-0.10855925469108785,-0.20468777956700657,-0.03019607843137251,-0.3102378490175801,-0.06348511383537647,-0.04584242905338365,-0.6548432712703276,-0.6015679932498945,-0.318918918918919,-0.3491700057240984
2023-07-27,-0.10393763741754947,-0.2017355519770978,-0.02196078431372539,-0.30382626680455027,-0.07049036777583184,-0.045247072831911095,-0.6623851048786236,-0.6010054844606947,-0.317936117936118,-0.33810341537874455
2023-07-28,-0.07518903292171042,-0.1895687958489891,0.018235294117647127,-0.2740434332988625,-0.06567425569176888,-0.026592577892439073,-0.6523686071176055,-0.5956089157643087,-0.3002457002457003,-0.3222667429879793
2023-07-31,-0.08319398604739603,-0.19037394882805514,0.031372549019607954,-0.2645294725956566,-0.060420315236427324,-0.11530065489184371,-0.6482441668630685,-0.5820735480241879,-0.29582309582309585,-0.30700248044266354
2023-08-01,-0.07908913188672162,-0.19538378958668812,0.014509803921568754,-0.2763185108583247,-0.049036777583187474,-0.1391149037507442,-0.6547254301201979,-0.5860286879482492,-0.3058968058968059,-0.3131081854607899
2023-08-02,-0.08347674322235932,-0.20388262658794065,0.008039215686274526,-0.2961737331954498,-0.0547285464098074,-0.16094463187140307,-0.6572000942729201,-0.5842708479819998,-0.3058968058968059,-0.3195954970425492
2023-08-03,-0.08422263714941769,-0.20110932188226882,0.027647058823529358,-0.28273009307135477,-0.05166374781085814,-0.16114308394522714,-0.636460051850106,-0.5796301504711011,-0.29950859950859954,-0.3220759397061629
2023-08-04,-0.07690995159002156,-0.19806763285024154,0.01764705882352935,-0.2785935884177869,-0.056917688266199695,-0.18495733280412785,-0.6375206222012726,-0.568432709886092,-0.3044226044226045,-0.3026140049608853
2023-08-07,-0.07961077012329187,-0.20687958489890856,0.013725490196078383,-0.2864529472595657,-0.04028021015761818,-0.223457035126017,-0.6404666509545133,-0.5667100267191675,-0.30933660933660945,-0.30204159511543593
2023-08-08,-0.07860161951609523,-0.20880300590445522,0.005098039215686301,-0.29369183040330926,-0.03239929947460585,-0.2034133756697758,-0.6437662031581428,-0.5655674307411054,-0.30982800982800984,-0.3068116771608471
2023-08-09,-0.07846511605231987,-0.2074610842726784,0.005098039215686301,-0.29638055842812816,-0.03196147110332748,-0.2020242111530065,-0.6451802969596983,-0.5658135283363803,-0.3081081081081082,-0.31348979202442284
2023-08-10,-0.08591430507549125,-0.21135265700483097,0.007058823529411784,-0.2938986556359876,-0.03283712784588444,-0.2081762254415559,-0.644001885458402,-0.566692448319505,-0.3152334152334153,-0.3092921198244609
2023-08-11,-0.10590231227117386,-0.22902129182322417,-0.03196078431372551,-0.31437435367114797,-0.04772329246935203,-0.22206787060924782,-0.6533113363186425,-0.5754816481507523,-0.32432432432432434,-0.327227628315207
2023-08-14,-0.12101519576059239,-0.2457505814993738,-0.048431372549019636,-0.3286452947259566,-0.045096322241681364,-0.1938876761262156,-0.6546075889700684,-0.5905990718604979,-0.3272727272727274,-0.3329517267697004
2023-08-15,-0.11614982230174087,-0.25523349436392917,-0.04549019607843141,-0.3307135470527405,-0.03590192644483359,-0.1962691010121056,-0.6654489747819938,-0.5934116158064969,-0.3275184275184275,-0.33562297271513064
2023-08-16,-0.1127274854599436,-0.25433887994274473,-0.05196078431372542,-0.3387797311271976,-0.042469352014010475,-0.18614804524707285,-0.670751826537827,-0.5911264238503726,-0.33267813267813273,-0.35622972715130696
2023-08-17,-0.10880301087640099,-0.24655573447843981,-0.06058823529411772,-0.34250258531540856,-0.031523642732048995,-0.19487993649533641,-0.6679236389347161,-0.5864681479398115,-0.32899262899262904,-0.3436367105514214
2023-08-18,-0.12121507583254931,-0.2685185185185185,-0.06823529411764695,-0.34064115822130303,-0.034150612959719884,-0.20718396507243497,-0.6711053499882158,-0.5853782871607369,-0.33783783783783794,-0.3531768746422438
2023-08-21,-0.12686534420810924,-0.2754965110037574,-0.08490196078431367,-0.35615305067218206,-0.04334500875656733,-0.23000595356221476,-0.6817110534998821,-0.5904936014625228,-0.346928746928747,-0.3442091203968708
2023-08-22,-0.1283278813199885,-0.27469135802469136,-0.07843137254901966,-0.35222337125129266,-0.03677758318739055,-0.22306013097836874,-0.6954984680650483,-0.5943784277879343,-0.3432432432432433,-0.3285632512879222
2023-08-23,-0.13515305450875814,-0.28426373233136526,-0.08901960784313723,-0.3619441571871769,-0.038966725043782846,-0.23199047430045638,-0.7076361065283998,-0.600091407678245,-0.35233415233415244,-0.34783438275138334
2023-08-24,-0.11453128123126133,-0.27419932009303993,-0.08823529411764708,-0.3576008273009308,-0.04684763572679507,-0.1974598134550507,-0.6964411972660853,-0.5975425397271832,-0.3488943488943489,-0.3476435794695669
2023-08-25,-0.11029967385422401,-0.2773752012882448,-0.07823529411764707,-0.34725956566701144,-0.02977232924693518,-0.19190315538797387,-0.6991515437190667,-0.5986148221065954,-0.3427518427518428,-0.36500667811486354
2023-08-28,-0.10542942527166621,-0.2955358740382895,-0.05666666666666664,-0.33278179937952435,-0.031523642732048995,-0.16808890652907316,-0.6879566344567523,-0.5948178877794965,-0.3410319410319411,-0.35050562869681356
2023-08-29,-0.0974537228882183,-0.28699230631597783,-0.04784313725490197,-0.3373319544984489,-0.04028021015761818,-0.16153998809287562,-0.6806504831487155,-0.5807551680495008,-0.34594594594594597,-0.3253195954970425
2023-08-30,-0.09517704011739303,-0.29405976024333513,-0.05392156862745101,-0.34519131334022757,-0.038091068301225994,-0.16352450883111735,-0.6835965119019561,-0.5825130080157502,-0.34766584766584774,-0.32360236596069447
2023-08-31,-0.09956465145303062,-0.3026033279656468,-0.043333333333333335,-0.3474663908996898,-0.034150612959719884,-0.17086723556261163,-0.6871317464058448,-0.5841829559836873,-0.3611793611793612,-0.32684602175157407
2023-09-01,-0.09759022635199366,-0.2854714617999642,-0.01764705882352935,-0.3325749741468459,-0.045096322241681364,-0.1758285374082159,-0.686778222955456,-0.5844466319786247,-0.35995085995085996,-0.32169433314253004
2023-09-04,-0.09030191641112895,-0.24883700125246022,0.008823529411764675,-0.30651499482936917,-0.05122591943957966,-0.18237745584441356,-0.6813575300494933,-0.5822493320208129,-0.3503685503685504,-0.3167334478153023
2023-09-05,-0.09386075671670169,-0.2587224906065486,-0.015686274509803866,-0.31520165460186145,-0.04159369527145351,-0.18217900377058938,-0.668866368135753,-0.5837083391928,-0.36044226044226046,-0.3220759397061629
2023-09-06,-0.09273947826426099,-0.2588566827697263,0.0005882352941177782,-0.31003102378490177,-0.045096322241681364,-0.19170470331414968,-0.6715767145887344,-0.5879271551117986,-0.3565110565110565,-0.3289448578515549
2023-09-07,-0.10395226278866831,-0.27044193952406514,-0.015294117647058791,-0.3145811789038263,-0.04334500875656733,-0.20043659456241325,-0.684892764553382,-0.601831669244832,-0.36412776412776415,-0.34554474336958596
2023-09-08,-0.11345875401588312,-0.2757201646090536,-0.017254901960784386,-0.31396070320579106,-0.04378283712784592,-0.19468148442151223,-0.6898420928588263,-0.6081071579243426,-0.3665847665847666,-0.3516504483877123
2023-09-11,-0.11166958361568424,-0.2648505993916622,-0.01254901960784316,-0.3193381592554293,-0.03721541155866903,-0.14665608255606277,-0.6858354937544191,-0.6105857122767544,-0.35847665847665855,-0.35126884182407936
2023-09-12,-0.11274698595476862,-0.27097870817677583,-0.020588235294117574,-0.3199586349534643,-0.03371278458844129,-0.14844215122048032,-0.6835965119019561,-0.6169139361552525,-0.356019656019656,-0.3556573173058576
2023-09-13,-0.11277136157329992,-0.2679817498658078,-0.02941176470588236,-0.32264736297828334,-0.02583187390542907,-0.16253224846199643,-0.6887815225076597,-0.6192518633103643,-0.3567567567567568,-0.36596069452394586
2023-09-14,-0.11336612666546408,-0.2753623188405797,-0.0354901960784314,-0.31602895553257504,-0.006567425569176777,-0.15479261758285368,-0.6920810747112892,-0.6221874560540008,-0.3550368550368551,-0.36576989124212933
2023-09-15,-0.13125783066745322,-0.28560565396314186,-0.03529411764705881,-0.31830403309203725,-0.014010507880910739,-0.13474895812661236,-0.690549139759604,-0.6347911686120096,-0.35798525798525804,-0.37893531768746425
2023-09-18,-0.10824237165018058,-0.27178386115584174,-0.03333333333333344,-0.31706308169596686,-0.0188266199649737,-0.11966660051597544,-0.6898420928588263,-0.6254746167908873,-0.35429975429975435,-0.3800801373783629
2023-09-19,-0.10934414960779626,-0.28023796743603513,-0.0337254901960784,-0.31830403309203725,-0.013572679509632146,-0.11430839452272268,-0.6942022154136225,-0.626775418365912,-0.3555282555282555,-0.39229154741461547
2023-09-20,-0.11077743597743794,-0.285024154589372,-0.04137254901960785,-0.32306101344364024,-0.012259194395796924,-0.11986505258979951,-0.6966768795663446,-0.6310293910842357,-0.3577395577395578,-0.3892386949055524
2023-09-21,-0.12326262778918007,-0.29477545178028275,-0.049215686274509785,-0.33050672182006213,-0.020140105078809145,-0.12899384798571145,-0.700919160971011,-0.6366017437772465,-0.36461916461916466,-0.3909559244419003
2023-09-22,-0.09858962671177784,-0.2846663088208983,-0.013137254901960826,-0.31044467425025846,-0.015761821366024442,-0.12562016273070054,-0.6942022154136225,-0.6292188159189986,-0.34643734643734647,-0.366533104369395
2023-09-25,-0.10669208231158867,-0.289228842368939,-0.03803921568627444,-0.31747673216132366,-0.015323992994746072,-0.10994244889859095,-0.6914918689606411,-0.6321192518633103,-0.34496314496314495,-0.3693951535966419
2023-09-26,-0.11467753494244914,-0.2992932546072643,-0.04784313725490197,-0.3216132368148915,-0.0188266199649737,-0.1129192300059535,-0.6919632335611596,-0.6405217269019828,-0.3422604422604423,-0.36099980919671815
2023-09-27,-0.11565255968370203,-0.29956163893361965,-0.045882352941176485,-0.3211995863495346,-0.027583187390542885,-0.10081365350267901,-0.6731086495404195,-0.6419983124736324,-0.34545454545454546,-0.36176302232398383
2023-09-28,-0.12318462580987999,-0.30175344426552164,-0.05294117647058827,-0.3180972078593589,-0.02626970227670755,-0.10815638023417351,-0.6785293424463823,-0.6431057516523695,-0.34815724815724813,-0.3550849074604083
2023-10-09,-0.13369051739687898,-0.30993916621935946,-0.0574509803921569,-0.32616339193381594,-0.012259194395796924,-0.11172851756300861,-0.6806504831487155,-0.656342286598228,-0.34717444717444723,-0.35107803854226294
2023-10-10,-0.1371031039912638,-0.31378600823045266,-0.06666666666666665,-0.3259565667011375,-0.010070052539404517,-0.11946814844215126,-0.6852462880037709,-0.6577134017719026,-0.3417690417690419,-0.3548941041785918
2023-10-11,-0.13295924884093935,-0.3124888173197352,-0.06490196078431376,-0.32885211995863495,-0.009194395796847665,-0.10597340742210759,-0.6823002592505303,-0.6576255097735901,-0.3353808353808354,-0.34783438275138334
2023-10-12,-0.12930290606124129,-0.30340848094471284,-0.05039215686274512,-0.31602895553257504,-0.009632224168126036,-0.10795792816034921,-0.6780579778458637,-0.6555688370130783,-0.33415233415233414,-0.33982064491509245
2023-10-13,-0.14636583903316547,-0.3128019323671498,-0.059411764705882386,-0.3255429162357808,-0.004378283712784703,-0.11391149037507442,-0.6841857176526043,-0.6649557024328505,-0.34029484029484025,-0.3434459072696051
2023-10-16,-0.15665235005338252,-0.3284129540168188,-0.06784313725490199,-0.3317476732161323,-0.0026269702276706663,-0.12224647747568973,-0.6897242517086967,-0.6752214878357474,-0.34963144963144965,-0.3556573173058576
2023-10-17,-0.15855364829882557,-0.32720522454821976,-0.06509803921568624,-0.3274043433298862,0.005253940455341555,-0.11748362770390952,-0.6910205043601225,-0.6740261566586978,-0.34029484029484025,-0.3524136615149781
2023-10-18,-0.1575786235575728,-0.3324387189121488,-0.07078431372549021,-0.32802481902792135,0.004816112084063073,-0.13038301250248063,-0.6951449446146594,-0.6725144142877233,-0.3466830466830467,-0.3571837435603893
2023-10-19,-0.20535483587896042,-0.35475934872070136,-0.09705882352941186,-0.347052740434333,-0.012697022767075294,-0.13851954752927176,-0.699976431769974,-0.6788426381662214,-0.3572481572481573,-0.36576989124212933
2023-10-20,-0.1980421503195644,-0.3572195383789587,-0.1011764705882352,-0.3453981385729059,-0.021453590192644367,-0.1522127406231395,-0.6989158614188075,-0.6818309661088455,-0.36216216216216224,-0.3762640717420339
2023-10-23,-0.19853941293760324,-0.3569958847736625,-0.09921568627450983,-0.3540847983453982,-0.024080560420315256,-0.14526691803929348,-0.7089323591798256,-0.6884052875826185,-0.3712530712530713,-0.3550849074604083
2023-10-24,-0.19904155067934848,-0.3556539631418858,-0.09607843137254901,-0.35263702171664946,-0.010507880910682998,-0.14209168485810686,-0.7089323591798256,-0.6898818731542681,-0.37076167076167077,-0.35374928448769316
2023-10-25,-0.18219799827420624,-0.33199141170155666,-0.10764705882352943,-0.3501551189245088,-0.04071803852889666,-0.14328239730105174,-0.7095215649304738,-0.6906553227394179,-0.35995085995085996,-0.3270368250333905
2023-10-26,-0.18476718846740736,-0.3243424584004294,-0.10392156862745094,-0.3485005170630817,-0.02232924693520144,-0.11788053185155778,-0.7183596511901956,-0.6869814372099564,-0.36093366093366097,-0.3257012020606753
2023-10-27,-0.18258313304700102,-0.31566469851494006,-0.11411764705882355,-0.3478800413650466,-0.02626970227670755,-0.09902758483826157,-0.7056328069761961,-0.6752918014343974,-0.3395577395577396,-0.31501621827895443
2023-10-30,-0.18049170497701383,-0.2995169082125604,-0.1115686274509804,-0.36091003102378494,-0.017075306479859886,-0.07561024012700934,-0.7035116662738629,-0.669490929545774,-0.3447174447174447,-0.3024232016790688
2023-10-31,-0.17874641069017128,-0.3022007514761138,-0.10862745098039217,-0.3638055842812823,-0.011821366024518332,-0.04862075808692201,-0.7156493047372142,-0.6737449022640979,-0.32628992628992626,-0.30452203777904974
2023-11-01,-0.1317453430380796,-0.2843084630524244,-0.11549019607843136,-0.37021716649431236,-0.007880910683012221,-0.04802540186544957,-0.7250765967475843,-0.6703346927295739,-0.3287469287469288,-0.3098645296699103
2023-11-02,-0.13247173647031296,-0.29370191447486127,-0.1164705882352941,-0.3654601861427095,-0.003502626970227629,-0.04941456638221875,-0.7359179825595098,-0.6737976374630854,-0.3282555282555283,-0.3155886281244037
2023-11-03,-0.11699809382663084,-0.2857845768473788,-0.11294117647058821,-0.3590486039296795,-0.005691768826619925,-0.057154197261361395,-0.730497289653547,-0.6705104767261989,-0.3218673218673219,-0.3167334478153023
2023-11-06,-0.1166275844249548,-0.285024154589372,-0.09686274509803916,-0.3559462254395036,-0.02626970227670755,-0.040881127207779366,-0.7236625029460287,-0.6535648994515539,-0.3230958230958231,-0.2953634802518603
2023-11-07,-0.12678246710510277,-0.28739488280551084,-0.11176470588235299,-0.3629782833505688,-0.02495621716287222,-0.03889660646953763,-0.723898185246288,-0.6638306848544508,-0.3218673218673219,-0.2966991032245754
2023-11-08,-0.12328700340771148,-0.290436571837538,-0.1249019607843137,-0.36711478800413644,-0.020577933450087516,-0.02202818019448305,-0.7240160263964176,-0.6627759808747011,-0.3223587223587224,-0.28983018507918334
2023-11-09,-0.1253491807354612,-0.29079441760601177,-0.15137254901960784,-0.36587383660806616,-0.011821366024518332,-0.03988886683865844,-0.7143530520857884,-0.6634615384615385,-0.32113022113022116,-0.29269223430643
2023-11-10,-0.13425603174680567,-0.2981749865807837,-0.16960784313725485,-0.3762150982419855,-0.011821366024518332,-0.03969041476483426,-0.7227197737449917,-0.6677155111798622,-0.32383292383292384,-0.29059339820644914
2023-11-13,-0.14002817821502223,-0.3072105922347469,-0.1688235294117647,-0.3832471561530507,-0.013572679509632146,-0.06132169081166905,-0.7190666980909733,-0.6697897623400366,-0.3260442260442261,-0.2894485785155504
2023-11-14,-0.13940903750432665,-0.30264805868670597,-0.16450980392156866,-0.37538779731127203,-0.020577933450087516,-0.06648144473109752,-0.7203629507423992,-0.6771199549992968,-0.32997542997543006,-0.30375882465178394
2023-11-15,-0.1356746927453284,-0.2966094113437109,-0.14980392156862743,-0.36628748707342296,-0.010507880910682998,-0.060726334590196496,-0.712585434833844,-0.6757136830262973,-0.3302211302211302,-0.3007059721427209
2023-11-16,-0.14195385207899658,-0.3005457147969225,-0.15941176470588236,-0.3683557394002068,-0.005691768826619925,-0.07124429450287761,-0.7205986330426585,-0.681567290113908,-0.33611793611793617,-0.3131081854607899
2023-11-17,-0.1451860590962495,-0.3066738235820361,-0.16352941176470592,-0.372699069286453,-0.009632224168126036,-0.06449692399285567,-0.722012726844214,-0.6823055828997329,-0.33783783783783794,-0.31864148063346687
2023-11-20,-0.14075944677096186,-0.3093576668455895,-0.15862745098039222,-0.36752843846949335,-0.008318739054290814,-0.05755110140900965,-0.7231911383455103,-0.68306145408522,-0.33267813267813273,-0.3171150543789353
2023-11-21,-0.12735285657873574,-0.3053319019502594,-0.1554901960784314,-0.37063081695966915,-0.0061295971978984065,-0.05576503274459221,-0.7255479613481028,-0.6825165236956827,-0.3255528255528256,-0.3155886281244037
2023-11-22,-0.1314918366053539,-0.3133387010198605,-0.1621568627450981,-0.3762150982419855,-0.0061295971978984065,-0.06449692399285567,-0.731440018854584,-0.6888623259738433,-0.3316953316953317,-0.32169433314253004
2023-11-23,-0.12930290606124129,-0.3153068527464663,-0.15588235294117647,-0.3766287487073423,-0.009632224168126036,-0.06390156777138323,-0.7303794485034174,-0.6876318379974687,-0.32899262899262904,-0.31597023468803653
2023-11-24,-0.13369051739687898,-0.3145911612095188,-0.16294117647058826,-0.37952430196483977,-0.007005253940455369,-0.06866441754316333,-0.7346217299080839,-0.6923780059063422,-0.32800982800982803,-0.3167334478153023
2023-11-27,-0.1405156905856486,-0.3323939881910897,-0.17941176470588227,-0.391933815925543,-0.010070052539404517,-0.07124429450287761,-0.7422814046665096,-0.699936717761215,-0.3321867321867322,-0.32684602175157407
2023-11-28,-0.13757111586706516,-0.3346305242440508,-0.18294117647058816,-0.3968976215098242,-0.01488616462346759,-0.05735264933518558,-0.7419278812161207,-0.6977921530023907,-0.32997542997543006,-0.32684602175157407
2023-11-29,-0.1348069207256134,-0.3366434066917158,-0.2009803921568627,-0.4043433298862461,-0.016637478108581405,-0.05397896408017466,-0.7471128918218242,-0.7067044016312756,-0.3353808353808354,-0.33180690707880167
2023-11-30,-0.1266215880227961,-0.33284129540168184,-0.20000000000000007,-0.40455015511892456,-0.0004378283712784814,-0.047033141496328534,-0.7498232382748056,-0.7064407256363381,-0.33046683046683056,-0.33619538256058
2023-12-01,-0.1418417242337524,-0.3415190552871712,-0.19568627450980391,-0.41551189245087894,-0.004816112084063073,-0.07561024012700934,-0.7500589205750647,-0.7090774855857123,-0.3353808353808354,-0.32264834955161226
2023-12-04,-0.1465072176206471,-0.34760243335122565,-0.20823529411764696,-0.41923474663909,-0.0061295971978984065,-0.08731891248263546,-0.7518265378270093,-0.7158451694557728,-0.3415233415233415,-0.33409654646059905
2023-12-05,-0.16684135859947447,-0.3618268026480588,-0.22490196078431368,-0.43102378490175797,-0.011383537653239961,-0.10200436594562412,-0.7571293895828424,-0.7208374349599213,-0.35061425061425067,-0.3550849074604083
2023-12-06,-0.1697664328232329,-0.3554303095365897,-0.22490196078431368,-0.4258531540847983,-0.01488616462346759,-0.0988291327644375,-0.7513551732264907,-0.713683026297286,-0.35061425061425067,-0.3589009730967372
2023-12-07,-0.17122896993511216,-0.362497763463947,-0.22862745098039206,-0.42481902792140647,-0.010507880910682998,-0.11133161341536013,-0.7551260900306387,-0.7108529039516243,-0.3525798525798526,-0.368631940469376
2023-12-08,-0.16883040907163016,-0.3606638039005189,-0.2315686274509804,-0.4312306101344364,-0.009632224168126036,-0.09525699543560229,-0.7557152957812868,-0.7124349599212487,-0.35233415233415244,-0.3770272848692997
2023-12-11,-0.17220399467636494,-0.37734836285560924,-0.22352941176470587,-0.4258531540847983,-0.0008756567425568518,-0.07660250049613015,-0.7548904077303794,-0.7093411615806497,-0.3530712530712532,-0.34783438275138334
2023-12-12,-0.16635872135255436,-0.37690105564501697,-0.2198039215686275,-0.41985522233712513,0.0061295971978985175,-0.09108950188529474,-0.7546547254301201,-0.7123646463225988,-0.35012285012285016,-0.3508872352604464
2023-12-13,-0.19072946476016828,-0.4015924136697083,-0.23745098039215684,-0.43702171664943124,0.006567425569176777,-0.09466163921412984,-0.7609003063869904,-0.7198882013781465,-0.3653562653562654,-0.3608090059149017
2023-12-14,-0.2024785128922646,-0.40664698514940056,-0.24117647058823521,-0.4409513960703205,0.007443082311733962,-0.09247866640206392,-0.7604289417864718,-0.7246695260863452,-0.36412776412776415,-0.36424346498759774
2023-12-15,-0.1980421503195644,-0.4019502594381822,-0.23941176470588232,-0.4368148914167529,-0.0026269702276706663,-0.11371303830125035,-0.756304501531935,-0.7275348052313317,-0.3732186732186732,-0.36443426826941416
2023-12-18,-0.1897544400189155,-0.4006083378064055,-0.24294117647058822,-0.43578076525336096,0.010070052539404628,-0.09724151617384402,-0.7620787178882866,-0.741650260160315,-0.371007371007371,-0.36767792406029376
2023-12-19,-0.18341677920077226,-0.4036052961173734,-0.24098039215686273,-0.4355739400206825,0.009194395796847665,-0.11133161341536013,-0.7599575771859534,-0.7380818450288286,-0.3746928746928747,-0.36424346498759774
2023-12-20,-0.19570696606426385,-0.40897298264448023,-0.24607843137254892,-0.4403309203722855,0.020140105078809034,-0.12224647747568973,-0.7610181475371199,-0.7390486570102658,-0.37764127764127775,-0.37416523564205306
2023-12-21,-0.1858543410539043,-0.4001610305958132,-0.23921568627450984,-0.4268872802481902,0.013572679509632257,-0.11708672355626115,-0.7492340325241574,-0.728607087610744,-0.3695331695331696,-0.37263880938752136
2023-12-22,-0.18553745801299704,-0.4032027196278405,-0.23333333333333328,-0.4289555325749742,0.014886164623467701,-0.12661242309982146,-0.7499410794249353,-0.7252671916748699,-0.3611793611793612,-0.3760732684602174
2023-12-25,-0.18487931631265142,-0.39814814814814814,-0.23176470588235298,-0.4306101344364013,0.024518388791593626,-0.12681087517364553,-0.7492340325241574,-0.7230698917170582,-0.3587223587223587,-0.37149398969662284
2023-12-26,-0.1858543410539043,-0.39917695473251036,-0.23333333333333328,-0.4359875904860393,0.030210157618213662,-0.127207779321294,-0.7527692670280461,-0.7255484460694699,-0.3658476658476659,-0.37416523564205306
2023-12-27,-0.18728762742354588,-0.40136876006441213,-0.23529411764705888,-0.43536711478800416,0.030210157618213662,-0.12502480650922798,-0.756304501531935,-0.7287125580087188,-0.35798525798525804,-0.37149398969662284
2023-12-28,-0.15904603579315824,-0.3733225979602791,-0.21058823529411763,-0.4210961737331955,0.019264448336252293,-0.11192696963683268,-0.7319113834551025,-0.7134896639009984,-0.34029484029484025,-0.354130891051326
2023-12-29,-0.15855364829882557,-0.3723832528180354,-0.20980392156862748,-0.424612202688728,0.02189141856392296,-0.1024012700932726,-0.7301437662031582,-0.7130150471101111,-0.3427518427518428,-0.3375310055332952
2024-01-02,-0.1785367803708019,-0.3916621935945608,-0.22607843137254902,-0.42957600827300935,0.03677758318739044,-0.11748362770390952,-0.7383926467122319,-0.7243179580930952,-0.3545454545454546,-0.3556573173058576
2024-01-03,-0.1741540441588706,-0.39667203435319376,-0.22745098039215694,-0.42564632885211995,0.04028021015761829,-0.12224647747568973,-0.7361536648597691,-0.7261285332583322,-0.3597051597051598,-0.36920435031482535
2024-01-04,-0.1863418534245307,-0.40812309894435506,-0.23725490196078436,-0.42481902792140647,0.042031523642731994,-0.1309783687239532,-0.7409851520150836,-0.7342145971030798,-0.361916461916462,-0.3783629078420149
2024-01-05,-0.1890914231948636,-0.4129540168187511,-0.23588235294117654,-0.4148914167528439,0.03940455341506133,-0.1674935503076007,-0.7456987980202687,-0.7347419490929545,-0.3582309582309583,-0.3812249570692615
2024-01-08,-0.19853453781389707,-0.4269994632313473,-0.24607843137254892,-0.41820062047569806,0.03327495621716303,-0.1841635245088311,-0.7453452745698799,-0.7363240050625791,-0.35749385749385754,-0.39553520320549507
2024-01-09,-0.19999219980206995,-0.42829665414206475,-0.24745098039215685,-0.41737331954498447,0.030647985989492144,-0.18237745584441356,-0.7379212821117134,-0.7386091970187034,-0.3535626535626536,-0.4056477771417668
2024-01-10,-0.1997484436167568,-0.4238683127572016,-0.2584313725490196,-0.41985522233712513,0.02189141856392296,-0.17642389362968847,-0.7380391232618431,-0.7351638306848545,-0.34717444717444723,-0.4209120396870826
2024-01-11,-0.1972767558976809,-0.42020039363034534,-0.2464705882352941,-0.4130299896587384,0.014886164623467701,-0.17682079777733684,-0.7365071883101579,-0.7278512164252566,-0.34643734643734647,-0.4111810723144438
2024-01-12,-0.1989879243185796,-0.4240919663624978,-0.25431372549019604,-0.40972078593588424,0.030210157618213662,-0.1843619765826553,-0.7394532170633985,-0.7281852060188441,-0.3427518427518428,-0.419385613432551
2024-01-15,-0.20047971217269633,-0.4244050814099123,-0.2515686274509804,-0.40496380558428136,0.028896672504378218,-0.17622544155586428,-0.7426349281168985,-0.7333356771199551,-0.3437346437346438,-0.4180499904598358
2024-01-16,-0.20075759422395345,-0.4256128108785113,-0.24117647058823521,-0.39751809720785936,0.031085814360770625,-0.17820996229410602,-0.7393353759132689,-0.7241070172971453,-0.3390663390663391,-0.4148063346689562
2024-01-17,-0.23119299152215989,-0.44023975666487747,-0.2547058823529412,-0.3962771458117891,0.021015761821365997,-0.20400873189124824,-0.7489983502238982,-0.7323864435381803,-0.3513513513513514,-0.4088914329326464
2024-01-18,-0.21468094752904365,-0.42789407765253173,-0.23549019607843136,-0.38821096173733205,0.021015761821365997,-0.180591387179996,-0.7313221777044544,-0.7282203628181689,-0.3427518427518428,-0.3964892196145774
2024-01-19,-0.20291727402582838,-0.4234657362676687,-0.2313725490196078,-0.38510858324715613,0.028896672504378218,-0.17820996229410602,-0.7395710582135282,-0.7277105892279567,-0.33980343980343986,-0.39553520320549507
2024-01-22,-0.19950468743144356,-0.43191984254786187,-0.22588235294117653,-0.3743536711478801,0.017075306479859886,-0.19071244294502876,-0.7440490219184539,-0.7263746308536071,-0.34447174447174456,-0.4106086624689944
2024-01-23,-0.2107174719558509,-0.4302200751476114,-0.2282352941176471,-0.3797311271975181,0.01795096322241685,-0.20023814248858907,-0.7400424228140468,-0.7294508507945436,-0.3498771498771499,-0.41347071169624117
2024-01-24,-0.20730488536146607,-0.4272231168366434,-0.21235294117647052,-0.37766287487073424,0.0442206654991244,-0.19587219686445723,-0.7433419750176762,-0.730206721980031,-0.3415233415233415,-0.4012593016599886
2024-01-25,-0.20145473691394922,-0.41353551619252094,-0.19313725490196076,-0.36091003102378494,0.04816112084063051,-0.18237745584441356,-0.7372142352109357,-0.7275348052313317,-0.3348894348894349,-0.3882846784964701
2024-01-26,-0.20178624532597522,-0.41402755412417247,-0.19117647058823528,-0.3563598759048604,0.056479859894921214,-0.20023814248858907,-0.7412208343153429,-0.7363240050625791,-0.3316953316953317,-0.3951535966418622
2024-01-29,-0.19560458846643236,-0.410538557881553,-0.19647058823529417,-0.3516028955532575,0.06260945709281951,-0.221075610240127,-0.7596040537355645,-0.7415623681620025,-0.3245700245700247,-0.3989696622781912
2024-01-30,-0.21364254617960932,-0.428743961352657,-0.21196078431372556,-0.35884177869700107,0.05516637478108599,-0.23218892637428068,-0.7616073532877681,-0.7525840247503868,-0.3297297297297298,-0.39286395726006484
2024-01-31,-0.21758652125797684,-0.43505099302200756,-0.20568627450980392,-0.3648397104446742,0.06830122591943955,-0.2567969835284778,-0.7719773744991751,-0.7335290395162424,-0.3343980343980344,-0.3909559244419003
2024-02-01,-0.21509045792036974,-0.434156378600823,-0.20980392156862748,-0.3708376421923475,0.057355516637477955,-0.2625520936693789,-0.769149186896064,-0.7380466882295036,-0.3375921375921376,-0.3917191375691662
2024-02-02,-0.22193025648025821,-0.446144211844695,-0.21372549019607845,-0.3747673216132368,0.06304728546409821,-0.2865647946021035,-0.7776337497053971,-0.743355364927577,-0.3375921375921376,-0.406983400114482
2024-02-05,-0.20534996075525414,-0.4338432635534085,-0.20235294117647062,-0.3648397104446742,0.08406304728546421,-0.2577892438975987,-0.7858826302144709,-0.7329137955280551,-0.32063882063882077,-0.406601793550849
2024-02-06,-0.18292926683014588,-0.4051261406333869,-0.18509803921568624,-0.3520165460186143,0.08231173380035028,-0.18634649732089703,-0.7690313457459345,-0.721681198143721,-0.3085995085995087,-0.37893531768746425
2024-02-07,-0.16587120898192786,-0.4011898371801753,-0.1690196078431372,-0.3524301964839711,0.08143607705779332,-0.16967652311966652,-0.7670280461937309,-0.7194487413865842,-0.30515970515970514,-0.37168479297843915
2024-02-08,-0.16830389571135373,-0.4024422973698336,-0.16117647058823525,-0.3505687693898656,0.07880910683012265,-0.1690811668981942,-0.7618430355880274,-0.7137533398959359,-0.3076167076167077,-0.35794695668765497
2024-02-19,-0.1734569014688747,-0.3909912327786724,-0.1621568627450981,-0.34601861427094105,0.10332749562171628,-0.17324866044850173,-0.7620787178882866,-0.7185873998031219,-0.303931203931204,-0.3550849074604083
2024-02-20,-0.1858543410539043,-0.398908570406155,-0.16960784313725485,-0.3505687693898656,0.11821366024518376,-0.16927961897201826,-0.7645533820410086,-0.721681198143721,-0.29533169533169534,-0.35298607136042737
2024-02-21,-0.16261950146984971,-0.36920737162283057,-0.1452941176470588,-0.31747673216132366,0.11164623467600698,-0.16213534431434806,-0.7596040537355645,-0.716636197440585,-0.29115479115479115,-0.3516504483877123
2024-02-22,-0.1622684925629987,-0.3688495258543568,-0.14313725490196072,-0.3216132368148915,0.11865148861646246,-0.15796785076404052,-0.7570115484327127,-0.718130361411897,-0.28599508599508605,-0.345163136805953
2024-02-23,-0.1643599206329861,-0.36612095186974414,-0.13588235294117645,-0.3185108583247156,0.12478108581436076,-0.15876165905933715,-0.7539476785293424,-0.7178666854169596,-0.28796068796068797,-0.34001144819690887
2024-02-26,-0.17367628203565666,-0.37484344247629275,-0.15784313725490196,-0.3329886246122027,0.09238178633975469,-0.16491367334788654,-0.756304501531935,-0.7257769652650823,-0.2950859950859951,-0.3457355466514024
2024-02-27,-0.17634784982668938,-0.37484344247629275,-0.15450980392156866,-0.3344364012409514,0.09150612959719795,-0.16114308394522714,-0.752533584727787,-0.7225601181268457,-0.30196560196560196,-0.33314253005151684
2024-02-28,-0.18022357317316928,-0.37587224906065486,-0.1637254901960784,-0.33774560496380557,0.10770577933450087,-0.161936892240524,-0.7570115484327127,-0.7240015468991703,-0.30712530712530717,-0.341728677733257
2024-02-29,-0.1736665317882441,-0.36370549293254606,-0.1588235294117647,-0.3373319544984489,0.0967600700525395,-0.15380035721373286,-0.7497053971246759,-0.7125755871185487,-0.3034398034398035,-0.33314253005151684
2024-03-01,-0.1785124047522706,-0.3621846484165324,-0.1570588235294117,-0.33940020682523264,0.0945709281961471,-0.15618178209962286,-0.7454631157200093,-0.7107474335536492,-0.30565110565110565,-0.31921389047891624
2024-03-04,-0.18278301311895795,-0.3722937913759169,-0.16980392156862734,-0.3480868665977249,0.11427320490367765,-0.12879539591188727,-0.7462880037709168,-0.7118900295317114,-0.3085995085995087,-0.3321885136424346
2024-03-05,-0.1736177805511815,-0.3666577205224548,-0.1605882352941176,-0.3344364012409514,0.13572679509632235,-0.11569755903949197,-0.7522979024275277,-0.7105716495570243,-0.29115479115479115,-0.3222667429879793
2024-03-06,-0.18071108554379567,-0.37797459295043834,-0.16666666666666663,-0.3408479834539814,0.1322241681260945,-0.12760468346894227,-0.747466415272213,-0.7123470679229363,-0.2997542997542998,-0.34325510398778847
2024-03-07,-0.17920954744226625,-0.38159778135623545,-0.15568627450980388,-0.33815925542916236,0.13397548161120842,-0.1674935503076007,-0.7548904077303794,-0.718481929405147,-0.2985257985257985,-0.35222285823316146
2024-03-08,-0.18515719836390843,-0.3808373590982287,-0.15921568627450977,-0.3449844881075491,0.13091068301225905,-0.1686842627505457,-0.7462880037709168,-0.7222612853325834,-0.30466830466830475,-0.3526044647967944
2024-03-11,-0.17391516309726363,-0.3685811415280015,-0.1537254901960785,-0.3489141675284385,0.12784588441331013,-0.13474895812661236,-0.7388640113127505,-0.6820946421037829,-0.2997542997542998,-0.3474527761877503
2024-03-12,-0.1492909132569239,-0.3365986759706566,-0.14098039215686275,-0.3391933815925543,0.08712784588441314,-0.10835483230799758,-0.7369785529106764,-0.6733230206721981,-0.29582309582309585,-0.34459072696050363
2024-03-13,-0.15784675536141723,-0.33905886562891396,-0.16411764705882348,-0.3480868665977249,0.08975481611208402,-0.11331613415360187,-0.7420457223662502,-0.6744831950499226,-0.3078624078624078,-0.35107803854226294
2024-03-14,-0.16312163921159495,-0.3310073358382537,-0.16764705882352937,-0.3536711478800414,0.08099824868651484,-0.06667989680492159,-0.7460523214706576,-0.6768914358036844,-0.3081081081081082,-0.3613814157603511
2024-03-15,-0.1627023785728563,-0.3179012345679012,-0.16705882352941182,-0.3551189245087901,0.0818739054290718,-0.06469537606667985,-0.7477020975724723,-0.6818309661088455,-0.2918918918918919,-0.3653882846784965
2024-03-18,-0.16720211775373806,-0.31338343174091965,-0.1654901960784313,-0.35615305067218206,0.0801225919439581,-0.06171859495931731,-0.744638227669102,-0.6643228800450007,-0.2847665847665848,-0.3606182026330853
2024-03-19,-0.1673191207226884,-0.2960726426910002,-0.17980392156862746,-0.3629782833505688,0.08231173380035028,-0.08771581663028383,-0.7507659674758426,-0.6708444663197862,-0.2852579852579853,-0.36424346498759774
2024-03-20,-0.16654885117709872,-0.2979513329754876,-0.17803921568627445,-0.3551189245087901,0.0945709281961471,-0.09446318714030555,-0.751237332076361,-0.6669244831950499,-0.28746928746928757,-0.3613814157603511
2024-03-21,-0.16684135859947447,-0.2994721774915011,-0.1758823529411765,-0.3474663908996898,0.09194395796847643,-0.09446318714030555,-0.7543012019797313,-0.6676276191815497,-0.28992628992629,-0.36348025186033195
2024-03-22,-0.17057082823476655,-0.31369654678833425,-0.20470588235294118,-0.3547052740434333,0.09500875656742558,-0.08850962492558045,-0.7632571293895829,-0.6721452678948109,-0.2960687960687961,-0.37550085861476823
2024-03-25,-0.17658673088829635,-0.3213455000894615,-0.20705882352941185,-0.3516028955532575,0.09369527145359013,-0.08394522722762465,-0.7650247466415272,-0.6751511742370975,-0.30270270270270283,-0.3770272848692997
2024-03-26,-0.16669998001199282,-0.30568974771873325,-0.19803921568627458,-0.3298862461220269,0.08756567425569184,-0.08176225441555862,-0.7617251944378978,-0.6628462944733511,-0.3044226044226045,-0.3827513833237931
2024-03-27,-0.17074145756448567,-0.31714081230989444,-0.2029411764705883,-0.33195449844881086,0.08712784588441314,-0.08890652907322893,-0.7697383926467123,-0.6695260863450991,-0.3085995085995087,-0.38084335050562856
2024-03-28,-0.1704294496472848,-0.31517266058328863,-0.20215686274509803,-0.3344364012409514,0.08800350262697032,-0.08295296685850362,-0.7689135045958049,-0.6681549711714245,-0.3167076167076168,-0.37893531768746425
2024-03-29,-0.1698151840602955,-0.3133387010198605,-0.19980392156862736,-0.3340227507755946,0.09150612959719795,-0.08771581663028383,-0.7700919160971011,-0.6657291520180002,-0.31449631449631454,-0.38637664567830565
2024-04-01,-0.16083033106965094,-0.2964752191805332,-0.19117647058823528,-0.32492244053774566,0.08274956217162877,-0.08076999404643781,-0.7625500824888051,-0.6522289410772043,-0.30835380835380843,-0.37321121923297074
2024-04-02,-0.1644086718700487,-0.30443728752907495,-0.196078431372549,-0.3267838676318512,0.07880910683012265,-0.09783687239531658,-0.7637284939901013,-0.6489593587399803,-0.3176904176904177,-0.3858042358328563
2024-04-03,-0.16386265801494715,-0.3084630524244051,-0.20588235294117652,-0.3334022750775596,0.07005253940455347,-0.11172851756300861,-0.7660853169926938,-0.6525629306707917,-0.32014742014742015,-0.39362717038733064
2024-04-08,-0.1874826323717964,-0.34116120951869744,-0.2113725490196079,-0.3298862461220269,0.11033274956217154,-0.09902758483826157,-0.7712703275983974,-0.6579243425678527,-0.32997542997543006,-0.39706162946002665
2024-04-09,-0.18964718729737762,-0.34478439792449456,-0.21352941176470586,-0.3317476732161323,0.10113835376532387,-0.09624925580472321,-0.768206457695027,-0.6554633666151033,-0.3277641277641278,-0.3924823506964319
2024-04-10,-0.1965893634550977,-0.3598139202003936,-0.2313725490196078,-0.32802481902792135,0.12215411558668987,-0.09803532446914065,-0.7740985152015083,-0.6611939249050767,-0.33194103194103197,-0.40507536729631743
2024-04-11,-0.19657961320768513,-0.36330291644301305,-0.2362745098039215,-0.33195449844881086,0.12127845884413313,-0.10815638023417351,-0.7758661324534528,-0.6614400225003516,-0.33611793611793617,-0.4039305476054188
2024-04-12,-0.20339016102533602,-0.3715780998389694,-0.25921568627450975,-0.3356773526370218,0.11295971978984243,-0.12502480650922798,-0.7812868253594155,-0.6688405287582619,-0.34717444717444723,-0.41003625262354504
2024-04-15,-0.1844015541894376,-0.34102701735551977,-0.24784313725490192,-0.32099276111685626,0.13353765323992994,-0.11569755903949197,-0.7797548904077304,-0.653459429053579,-0.33562653562653566,-0.404884564014501
2024-04-16,-0.1858543410539043,-0.35153873680443726,-0.24941176470588233,-0.32264736297828334,0.13528896672504387,-0.12165112125421718,-0.785529106764082,-0.6534418506539165,-0.33095823095823096,-0.39782484258729245
2024-04-17,-0.18731687816578346,-0.3500626230094829,-0.2362745098039215,-0.31127197518097216,0.13747810858143605,-0.11907124429450289,-0.780815460758897,-0.6554809450147658,-0.3277641277641278,-0.38733066208738787
2024-04-18,-0.1854740814048157,-0.3514940060833781,-0.22156862745098038,-0.3040330920372286,0.1361646234676006,-0.15955546735463388,-0.7785764789064341,-0.6562368162002532,-0.3194103194103195,-0.3900019080328182
2024-04-19,-0.19724263003173703,-0.36079799606369656,-0.22705882352941176,-0.30465356773526375,0.13835376532399302,-0.17285175630085337,-0.7825830780108414,-0.6646041344396005,-0.3203931203931204,-0.3875214653692043
2024-04-22,-0.18338752845853468,-0.3533726963678654,-0.21901960784313734,-0.31044467425025846,0.1322241681260945,-0.16927961897201826,-0.7731557860004714,-0.6649557024328505,-0.3147420147420148,-0.37321121923297074
2024-04-23,-0.174992565436348,-0.3423242082662372,-0.2178431372549019,-0.309617373319545,0.1282837127845884,-0.12542171065687635,-0.7786943200565637,-0.6661334552102376,-0.31400491400491404,-0.3779813012783819
2024-04-24,-0.17434904910712112,-0.3336017176596887,-0.20392156862745092,-0.3079627714581179,0.1282837127845884,-0.13276443738837063,-0.7819938722601932,-0.6667135423991,-0.3125307125307125,-0.37969853081473004
2024-04-25,-0.17462205603467196,-0.3336017176596887,-0.19490196078431365,-0.2885211995863496,0.12434325744308228,-0.12085731295892044,-0.7847042187131746,-0.6603853185206019,-0.3100737100737102,-0.3772180881511161
2024-04-26,-0.16663172828010508,-0.31897477187332257,-0.1856862745098039,-0.2868665977249225,0.1195271453590192,-0.09486009128795403,-0.7805797784586377,-0.6511039234988047,-0.31179361179361176,-0.3728296126693379
2024-04-29,-0.1692789204526065,-0.32121130792628383,-0.17490196078431375,-0.2785935884177869,0.1155866900175131,-0.08354832307997617,-0.776101814753712,-0.6315040078751231,-0.304914004914005,-0.3653882846784965
2024-04-30,-0.16879140808198012,-0.32711576310610124,-0.18901960784313732,-0.290382626680455,0.12915936952714535,-0.08394522722762465,-0.785529106764082,-0.6438616228378569,-0.2970515970515971,-0.36825033390574313
2024-05-06,-0.14188072522340256,-0.30662909286097695,-0.16686274509803922,-0.2785935884177869,0.11514886164623461,-0.06410001984520741,-0.7818760311100637,-0.6361622837856842,-0.2923832923832924,-0.3558481205876741
2024-05-07,-0.1371031039912638,-0.30246913580246915,-0.16490196078431363,-0.2788004136504655,0.10989492119089328,-0.06271085532843823,-0.7788121612066934,-0.6363380677823092,-0.3034398034398035,-0.3583285632512878
2024-05-08,-0.14004280358614096,-0.3066738235820361,-0.1774509803921568,-0.285005170630817,0.10814360770577935,-0.07878547330819607,-0.7818760311100637,-0.6427541836591197,-0.3063882063882064,-0.3753100553329517
2024-05-09,-0.14392827718003343,-0.3073895151189837,-0.16980392156862734,-0.2794208893485005,0.11033274956217154,-0.06925977376463588,-0.7765731793542305,-0.6319083110673605,-0.30663390663390666,-0.3693951535966419
2024-05-10,-0.1522257377280949,-0.30922347468241185,-0.15823529411764703,-0.26328852119958646,0.1155866900175131,-0.07759476086525108,-0.7805797784586377,-0.6422795668682323,-0.3132678132678134,-0.3671055142148444
2024-05-13,-0.16830389571135373,-0.32411880479513333,-0.1637254901960784,-0.2572905894519132,0.12171628721541161,-0.09644770787854728,-0.777044543954749,-0.6495746027281677,-0.3120393120393121,-0.3661514978057623
2024-05-14,-0.17026369544127185,-0.32304526748971196,-0.170392156862745,-0.26907962771458116,0.11996497373029769,-0.10041674935503075,-0.7781051143059157,-0.6501722683166924,-0.31547911547911556,-0.36023659606945235
2024-05-15,-0.17122896993511216,-0.3229110753265343,-0.17960784313725486,-0.27507755946225443,0.1155866900175131,-0.11351458622742605,-0.7799905727079897,-0.6521410490788919,-0.31695331695331697,-0.3663423010875787
2024-05-16,-0.16903516426729326,-0.3109232420826623,-0.15588235294117647,-0.250258531540848,0.11295971978984243,-0.11311768207977779,-0.7815225076596748,-0.6490120939389679,-0.3176904176904177,-0.368631940469376
2024-05-17,-0.16391628437571604,-0.30036679191268567,-0.11372549019607836,-0.23784901758014476,0.12872154115586687,-0.11192696963683268,-0.7805797784586377,-0.6431584868513571,-0.30933660933660945,-0.3571837435603893
2024-05-20,-0.16684135859947447,-0.2963857577384147,-0.10862745098039217,-0.24756980351602897,0.13791593695271454,-0.13058146457630482,-0.7819938722601932,-0.6423674588665448,-0.2982800982800984,-0.35355848120587663
2024-05-21,-0.16879140808198012,-0.2997852925389157,-0.1098039215686275,-0.2504653567735263,0.1427320490367776,-0.1307799166501291,-0.7843506952627858,-0.6456897764027563,-0.28353808353808363,-0.37187559626025557
2024-05-22,-0.17234537326384658,-0.3061370549293254,-0.1098039215686275,-0.25418821096173727,0.13747810858143605,-0.13593967056955747,-0.769502710346453,-0.6398361693151455,-0.28181818181818186,-0.3697767601602747
2024-05-23,-0.17512419377641708,-0.3129361245303275,-0.12196078431372548,-0.265770423991727,0.1449211908931698,-0.14566382218694196,-0.7769267028046194,-0.6408029812965828,-0.28034398034398045,-0.3802709406601794
2024-05-24,-0.18240275346986934,-0.32389515118983714,-0.13941176470588235,-0.2814891416752844,0.1514886164623468,-0.15776939869021633,-0.778930002356823,-0.646709323583181,-0.2904176904176905,-0.3802709406601794
2024-05-27,-0.18579583956942913,-0.3219717301842905,-0.1352941176470588,-0.2732161323681489,0.16068301225919446,-0.15260964477078776,-0.7816403488098044,-0.6484144283504429,-0.28697788697788706,-0.3783629078420149
2024-05-28,-0.18846740736046175,-0.3289049919484702,-0.1419607843137255,-0.27962771458117897,0.16943957968476364,-0.14129787656281,-0.7821117134103229,-0.6522992546758544,-0.2931203931203932,-0.37817210456019834
2024-05-29,-0.18390429157139865,-0.3325729110753265,-0.14764705882352946,-0.285005170630817,0.16856392294220668,-0.1462591784084143,-0.776101814753712,-0.6505589931092673,-0.2886977886977887,-0.3760732684602174
2024-05-30,-0.19609210083705875,-0.3457684737877975,-0.153921568627451,-0.28976215098241975,0.16900175131348516,-0.14903750744195277,-0.7772802262550083,-0.6495746027281677,-0.29950859950859954,-0.3768364815874833
2024-05-31,-0.1963602326409033,-0.3438003220611917,-0.1554901960784314,-0.29100310237849014,0.16506129597197905,-0.1593570152808097,-0.7809333019090267,-0.6523695682745043,-0.3044226044226045,-0.3777904979965655
2024-06-03,-0.20077709471877847,-0.3470209339774558,-0.15431372549019606,-0.29369183040330926,0.20096322241681253,-0.15657868624727134,-0.781758189959934,-0.6440374068344819,-0.2977886977886979,-0.3768364815874833
2024-06-04,-0.19404454888042788,-0.33896940418679544,-0.15156862745098032,-0.2856256463288521,0.20315236427320493,-0.13018456042865656,-0.7804619373085081,-0.6379377021515962,-0.29680589680589686,-0.3713031864148062
2024-06-05,-0.1985296626901908,-0.34800500984075866,-0.1552941176470588,-0.2970010341261634,0.22416812609457093,-0.1283984917642389,-0.7845863775630451,-0.6411897060891576,-0.3287469287469288,-0.3623354321694332
2024-06-06,-0.20057233952311548,-0.35185185185185186,-0.16764705882352937,-0.29679420889348507,0.2272329246935203,-0.14844215122048032,-0.7975489040773038,-0.6400119533117705,-0.3250614250614251,-0.3680595306239267
2024-06-07,-0.21062971972913813,-0.36330291644301305,-0.1741176470588236,-0.2970010341261634,0.2394921190893169,-0.16352450883111735,-0.8027339146830073,-0.6603853185206019,-0.33513513513513526,-0.3680595306239267
2024-06-11,-0.23509309048717109,-0.38056897477187335,-0.17980392156862746,-0.31003102378490177,0.23380035026269708,-0.1522127406231395,-0.8045015319349517,-0.6681725495710871,-0.34348894348894354,-0.3608090059149017
2024-06-12,-0.2337865573338923,-0.38316335659330825,-0.18823529411764706,-0.31561530506721813,0.24255691768826626,-0.16451676920023817,-0.8037944850341739,-0.6737449022640979,-0.33611793611793617,-0.37263880938752136
2024-06-13,-0.24191338855223454,-0.3981034174270889,-0.19019607843137265,-0.3211995863495346,0.2565674255691768,-0.1653105774955348,-0.8054442611359887,-0.6744831950499226,-0.33980343980343986,-0.3802709406601794
2024-06-14,-0.24191826367594083,-0.3930935766684559,-0.1790196078431373,-0.30072388831437435,0.22154115586690004,-0.16848581067672164,-0.8029695969832665,-0.674992968640135,-0.3324324324324325,-0.37168479297843915
2024-06-17,-0.2484996806793972,-0.3928699230631598,-0.18470588235294116,-0.30237849017580154,0.22110332749562178,-0.15598333002579878,-0.8029695969832665,-0.6691745183518493,-0.3395577395577396,-0.38561343255103975
2024-06-18,-0.2582499280919254,-0.401100375738057,-0.18176470588235305,-0.3027921406411582,0.21716287215411567,-0.16709664615995246,-0.8027339146830073,-0.6654303192237379,-0.3513513513513514,-0.38065254722381214
2024-06-19,-0.2682439316897667,-0.3996242619431025,-0.17647058823529416,-0.29369183040330926,0.22767075306479856,-0.17920222266322683,-0.8072118783879331,-0.6677506679791871,-0.35331695331695334,-0.3850410227055906
2024-06-20,-0.26868269282333046,-0.40865986759706574,-0.1860784313725491,-0.2965873836608067,0.24080560420315233,-0.19428458027386386,-0.8164034880980439,-0.6695436647447617,-0.36977886977886987,-0.39610761305094444
2024-06-21,-0.2828693028085588,-0.41760601180891044,-0.18294117647058816,-0.30299896587383657,0.24036777583187385,-0.20539789640801753,-0.8178175818995993,-0.6745183518492477,-0.3665847665847666,-0.39229154741461547
2024-06-24,-0.2801636091515822,-0.4138933619609948,-0.18039215686274512,-0.29534643226473634,0.2648861646234677,-0.20043659456241325,-0.8228847513551732,-0.6713190831106737,-0.361916461916462,-0.40049608853272267
2024-06-25,-0.27523973420825554,-0.4117462873501522,-0.18529411764705883,-0.29058945191313346,0.2543782837127846,-0.21214526691803925,-0.8298373792128211,-0.6724792574883982,-0.36683046683046694,-0.41003625262354504
2024-06-26,-0.27398682741574565,-0.41268563249239576,-0.18333333333333335,-0.2955532574974147,0.2543782837127846,-0.2081762254415559,-0.8272448739099694,-0.6739031078610603,-0.3614250614250615,-0.40774661324174777
2024-06-27,-0.2733676867050502,-0.42006620146716767,-0.18784313725490198,-0.29141675284384705,0.26182136602451833,-0.2212740623139512,-0.8319585199151543,-0.6747996062438475,-0.36683046683046694,-0.41404312154169043
2024-06-28,-0.28462922246652,-0.42726784755770264,-0.18901960784313732,-0.29286452947259567,0.26619964973730315,-0.2367533240722366,-0.8347867075182653,-0.6835360708761075,-0.36511056511056517,-0.41022705590536157
2024-07-01,-0.29779693159713927,-0.42610484881016275,-0.18392156862745102,-0.28934850051706307,0.29071803852889677,-0.24052391347489577,-0.8344331840678765,-0.6904971171424554,-0.361916461916462,-0.412135088723526
2024-07-02,-0.2732653091072186,-0.411522633744856,-0.17313725490196075,-0.2744570837642193,0.29071803852889677,-0.25640007938082954,-0.8371435305208579,-0.6904795387427929,-0.36683046683046694,-0.4253005151688608
2024-07-03,-0.26873144406039307,-0.41402755412417247,-0.17117647058823526,-0.2872802481902792,0.28283712784588455,-0.23258583052192894,-0.836790007070469,-0.6844677260582197,-0.3658476658476659,-0.4243464987597786
2024-07-04,-0.2756833704655256,-0.4158615136876006,-0.17686274509803923,-0.2821096173733195,0.28677758318739066,-0.23695177614606067,-0.8413858119255244,-0.6842919420615947,-0.37076167076167077,-0.43236023659606937
2024-07-05,-0.2916445254798341,-0.42319735194131336,-0.19372549019607843,-0.2992761116856256,0.2837127845884413,-0.2055963484818416,-0.8407966061748763,-0.6877724651947686,-0.3746928746928747,-0.4308338103415379
2024-07-08,-0.3077324337105054,-0.4367954911433173,-0.1992156862745097,-0.2970010341261634,0.30998248686514884,-0.22186941853542363,-0.8457459344803205,-0.6907783715370552,-0.38083538083538093,-0.44037397443236026
2024-07-09,-0.2989425856681114,-0.4316067275004474,-0.1858823529411764,-0.28707342295760085,0.32705779334500873,-0.22623536415955547,-0.8449210464294131,-0.6910244691323302,-0.3857493857493858,-0.4388475481778287
2024-07-10,-0.29915709111118705,-0.4339774557165861,-0.1792156862745098,-0.28273009307135477,0.3178633975481613,-0.2179003770589404,-0.8402074004242281,-0.6958057938405288,-0.3825552825552826,-0.43865674489601214
2024-07-11,-0.2872130380308401,-0.41635355161925214,-0.1776470588235295,-0.31954498448810764,0.3218038528896674,-0.19428458027386386,-0.8324298845156729,-0.6888447475741808,-0.3685503685503686,-0.42568212173249376
2024-07-12,-0.2790569560702604,-0.4301306137054929,-0.16313725490196074,-0.29679420889348507,0.3082311733800349,-0.18098829132764427,-0.8329012491161913,-0.6839403740683447,-0.37346437346437356,-0.4270177447052089
2024-07-15,-0.28096800456311577,-0.4296833064949007,-0.16607843137254896,-0.3013443640124095,0.3323117338003503,-0.19071244294502876,-0.8363186424699505,-0.6868935452116439,-0.3737100737100738,-0.4270177447052089
2024-07-16,-0.2804317409554268,-0.42977276793701913,-0.19235294117647062,-0.30113753877973115,0.3485113835376532,-0.18733875769001784,-0.8341975017676173,-0.6848192940514695,-0.37248157248157254,-0.422820072505247
2024-07-17,-0.26804892674151604,-0.41510109142959384,-0.1707843137254902,-0.29534643226473634,0.3485113835376532,-0.17166104385790826,-0.8338439783172283,-0.6820243285051328,-0.3611793611793612,-0.42224766265979774
2024-07-18,-0.2699453498632528,-0.4135802469135803,-0.1692156862745099,-0.29493278179937943,0.37302977232924683,-0.16352450883111735,-0.8337261371670988,-0.6689108423569119,-0.356019656019656,-0.42720854798702534
2024-07-19,-0.25624137712494466,-0.4032027196278405,-0.15627450980392155,-0.2916235780765254,0.33887915936952706,-0.161936892240524,-0.8304265849634692,-0.6669947967936999,-0.3513513513513514,-0.4218660560961648
2024-07-22,-0.26921895643101945,-0.4130434782608696,-0.1568627450980392,-0.31044467425025846,0.3301225919439579,-0.15122048025401857,-0.8305444261135988,-0.6668541695963999,-0.3587223587223587,-0.4205304331234496
2024-07-23,-0.2906695007385812,-0.4328144569690464,-0.16098039215686277,-0.31044467425025846,0.3428196147110334,-0.17820996229410602,-0.8347867075182653,-0.6726901982843483,-0.37542997542997547,-0.4356038923869491
2024-07-24,-0.2979724360505648,-0.4361245303274289,-0.1654901960784313,-0.3137538779731127,0.3590192644483363,-0.1784084143679302,-0.8391468300730616,-0.6724792574883982,-0.3845208845208845,-0.4405647777141767
2024-07-25,-0.30261842894263447,-0.4373769905170871,-0.1652941176470588,-0.32099276111685626,0.34982486865148865,-0.1772177019249851,-0.8352580721187839,-0.6700007031359865,-0.3847665847665849,-0.4409463842778095
2024-07-26,-0.3066647816188336,-0.4354983002325997,-0.194313725490196,-0.33050672182006213,0.32005253940455347,-0.18495733280412785,-0.8333726137167099,-0.6671530023906624,-0.38378378378378386,-0.43617630223239834
2024-07-29,-0.3184479556168738,-0.4448917516550367,-0.18980392156862746,-0.32885211995863495,0.32224168126094566,-0.19646755308592967,-0.8370256893707282,-0.6756257910279848,-0.39213759213759225,-0.44457164663232207
2024-07-30,-0.3272378036592678,-0.4485149400608338,-0.18960784313725498,-0.3294725956566701,0.31830122591943955,-0.20619170470331416,-0.8364364836200802,-0.674992968640135,-0.40049140049140053,-0.4529669910322457
2024-07-31,-0.30710841787610366,-0.43254607264269096,-0.1654901960784313,-0.32306101344364024,0.3073555166374782,-0.16233379638817225,-0.8291303323120434,-0.6724968358880608,-0.3835380835380836,-0.44533485975958786
2024-08-01,-0.3242298523325029,-0.44533905886562897,-0.16647058823529415,-0.32347466390899693,0.318739054290718,-0.1674935503076007,-0.8306622672637285,-0.68306145408522,-0.3980343980343981,-0.45105895821408126
2024-08-02,-0.32457598611564764,-0.44668098049740557,-0.18000000000000005,-0.33236814891416755,0.3239929947460596,-0.16312760468346887,-0.8324298845156729,-0.6887041203768809,-0.3995085995085995,-0.45850028620492267
2024-08-05,-0.3126026822930632,-0.43639291465378427,-0.17647058823529416,-0.3360910031023785,0.3091068301225919,-0.1536019051399088,-0.833961819467358,-0.6888623259738433,-0.40245700245700244,-0.47471856515932065
2024-08-06,-0.31519137298108935,-0.43684022186437643,-0.19803921568627458,-0.344364012409514,0.2898423817863398,-0.14844215122048032,-0.8297195380626915,-0.6924658979046547,-0.4027027027027028,-0.4709024995229918
2024-08-07,-0.3099262393783242,-0.43191984254786187,-0.20196078431372544,-0.34684591520165464,0.3025394045534151,-0.16352450883111735,-0.8323120433655432,-0.6947159330614541,-0.40761670761670765,-0.4749093684411372
2024-08-08,-0.30252092646850914,-0.4258811952048668,-0.19960784313725488,-0.3396070320579111,0.30385288966725055,-0.15499106965667797,-0.8332547725665802,-0.6969483898185909,-0.4007371007371008,-0.473573745468422
2024-08-09,-0.2995422258839818,-0.4270889246734657,-0.20372549019607844,-0.3313340227507756,0.29334500875656744,-0.1581663028378646,-0.8372613716709875,-0.7011672057375897,-0.4056511056511056,-0.48101507345926353
2024-08-12,-0.2998834845434203,-0.428743961352657,-0.20352941176470596,-0.3356773526370218,0.277583187390543,-0.13415360190513992,-0.835847277869432,-0.7029250457038392,-0.4017199017199017,-0.4823506964319786
2024-08-13,-0.30626502147491996,-0.43818214349615314,-0.20039215686274503,-0.33940020682523264,0.2810858143607706,-0.1532050009922603,-0.834904548668395,-0.6945225706651666,-0.40810810810810816,-0.48196908986834575
2024-08-14,-0.3109987665937023,-0.4438629450706746,-0.206078431372549,-0.3410548086866598,0.2937828371278459,-0.15657868624727134,-0.8371435305208579,-0.6972823794121783,-0.41425061425061427,-0.4800610570501812
2024-08-15,-0.3043734734768895,-0.44108964036500264,-0.18980392156862746,-0.322440537745605,0.3047285464098073,-0.14824369914665603,-0.8341975017676173,-0.6951905498523414,-0.4088452088452089,-0.47624499141385235
2024-08-16,-0.3022722951594896,-0.4408212560386473,-0.1841176470588235,-0.31437435367114797,0.29684763572679507,-0.14427465767017267,-0.8383219420221542,-0.6948038250597666,-0.40958230958230957,-0.47452776187750423
2024-08-19,-0.3050803664142977,-0.44556271247092505,-0.17509803921568623,-0.3087900723888314,0.30166374781085814,-0.16431831712641398,-0.8411501296252651,-0.6913233019265926,-0.4125307125307126,-0.49036443426826937
2024-08-20,-0.3064064000624016,-0.4491411701556629,-0.17803921568627445,-0.3075491209927612,0.2981611208406305,-0.16153998809287562,-0.8432712703275984,-0.6926065251019546,-0.42162162162162165,-0.4955161228773134
2024-08-21,-0.3089122136474214,-0.4533905886562891,-0.17705882352941182,-0.3125129265770423,0.3025394045534151,-0.1603492756499305,-0.8442139995286354,-0.6941182674729293,-0.42530712530712533,-0.4937988933409654
2024-08-22,-0.3125831817982382,-0.4588030059044552,-0.182156862745098,-0.31127197518097216,0.3239929947460596,-0.12820003969041482,-0.8482205986330427,-0.6856982140345942,-0.4341523341523341,-0.4997137950772753
2024-08-23,-0.31017487068734373,-0.45826623725174453,-0.15000000000000002,-0.30299896587383657,0.30954465849387036,-0.1343520539789641,-0.8479849163327834,-0.6804246941358458,-0.4302211302211302,-0.49341728677733254
2024-08-26,-0.3116325326755166,-0.47164072284845227,-0.15000000000000002,-0.30155118924508784,0.30560420315236425,-0.1403056161936892,-0.8469243459816168,-0.6766980734073971,-0.4388206388206388,-0.49666094256821214
2024-08-27,-0.31549850577458405,-0.47351941313293966,-0.153921568627451,-0.30299896587383657,0.3047285464098073,-0.13474895812661236,-0.8440961583785058,-0.6774363661932218,-0.4437346437346438,-0.5012402213318068
2024-08-28,-0.32284531719992393,-0.49006977992485234,-0.15313725490196084,-0.30341261633919336,0.30560420315236425,-0.1367334788648541,-0.8451567287296724,-0.6786316973702714,-0.4533169533169533,-0.5000954016409083
2024-08-29,-0.3109987665937023,-0.4686884952585436,-0.16431372549019618,-0.3189245087900724,0.2854640980735552,-0.12046040881127207,-0.8402074004242281,-0.6821825341020953,-0.43808353808353806,-0.5006678114863575
2024-08-30,-0.29642702183567904,-0.4496779388083736,-0.1366666666666666,-0.33505687693898656,0.28633975481611196,-0.12423099821393124,-0.8372613716709875,-0.6759597806215722,-0.443980343980344,-0.49017363098645295
2024-09-02,-0.3199202429761655,-0.46770441939524066,-0.14803921568627443,-0.3396070320579111,0.3007880910683012,-0.12879539591188727,-0.8445675229790243,-0.6814969765152581,-0.4683046683046683,-0.5006678114863575
2024-09-03,-0.3126075574167695,-0.46179996421542324,-0.15274509803921565,-0.34601861427094105,0.2745183887915936,-0.11530065489184371,-0.8407966061748763,-0.6736570102657854,-0.45429975429975433,-0.4962793360045793
2024-09-04,-0.31748268112303346,-0.46721238146358923,-0.163921568627451,-0.3513960703205792,0.27626970227670755,-0.1166898194086129,-0.8389111477728023,-0.6710202503164111,-0.45528255528255523,-0.49360809005914896
2024-09-05,-0.3151036207543766,-0.46524422973698343,-0.1486274509803921,-0.3547052740434333,0.2749562171628721,-0.1069656677912284,-0.8378505774216356,-0.6716354943045986,-0.4466830466830467,-0.4947529097500477
2024-09-06,-0.31845770586428634,-0.47427983539094654,-0.1519607843137255,-0.3536711478800414,0.27408056042031537,-0.1188727922206787,-0.840560923874617,-0.6731296582759105,-0.45307125307125307,-0.5010494180499905
2024-09-09,-0.32967049038869367,-0.4801395598497048,-0.16313725490196074,-0.37456049638055844,0.28502626970227674,-0.11589601111331616,-0.8431534291774687,-0.6745359302489101,-0.45773955773955777,-0.5166952871589392
2024-09-10,-0.3282079532768144,-0.4792002147074611,-0.16352941176470592,-0.3755946225439504,0.27626970227670755,-0.11728517563008545,-0.845274569879802,-0.6815497117142455,-0.4606879606879607,-0.5067735165044838
2024-09-11,-0.32723292853556163,-0.4810789049919485,-0.16627450980392156,-0.3778697001034127,0.21716287215411567,-0.09843222861678902,-0.8425642234268207,-0.6720573758964984,-0.4538083538083538,-0.5090631558862813
2024-09-12,-0.3491417344715122,-0.4929325460726427,-0.16470588235294115,-0.3747673216132368,0.21978984238178634,-0.10756102401270096,-0.8417393353759133,-0.6671530023906624,-0.462899262899263,-0.5178401068498377
2024-09-13,-0.36422049209498686,-0.5115405260332797,-0.1590196078431373,-0.36711478800413644,0.23905429071803863,-0.11153006548918432,-0.8451567287296724,-0.6774363661932218,-0.4700245700245701,-0.5214653692043503
2024-09-18,-0.3823705776534079,-0.5182948649132224,-0.14313725490196072,-0.35656670113753886,0.23992994746059537,-0.10458424290533841,-0.8472778694320057,-0.6723386302910983,-0.47493857493857494,-0.5205113527952681
2024-09-19,-0.3852469006401037,-0.5039363034532116,-0.1366666666666666,-0.362564632885212,0.24036777583187385,-0.1069656677912284,-0.8430355880273391,-0.6714597103079736,-0.4584766584766585,-0.5197481396680022
2024-09-20,-0.3838233645178746,-0.5067096081588836,-0.13431372549019616,-0.36008273009307135,0.23248686514886163,-0.15241119269696368,-0.8491633278340797,-0.6737449022640979,-0.45995085995085994,-0.5165044838771227
2024-09-23,-0.38498364395996554,-0.4977187332259796,-0.13549019607843127,-0.35077559462254393,0.23467600700525382,-0.15241119269696368,-0.849988215884987,-0.6691745183518493,-0.4621621621621622,-0.5163136805953061
2024-09-24,-0.3308405200781971,-0.4616210413311863,-0.08823529411764708,-0.31478800413650465,0.25919439579684767,-0.13355824568366748,-0.8398538769738393,-0.6527914498664041,-0.42874692874692877,-0.5006678114863575
2024-09-25,-0.31797019349365996,-0.4538378958668814,-0.07137254901960788,-0.29369183040330926,0.2666374781085814,-0.12998610835483226,-0.8380862597218949,-0.6429827028547321,-0.4218673218673219,-0.4865483686319404
2024-09-26,-0.2545935853122273,-0.3992216854535695,-0.011372549019607825,-0.26825232678386757,0.2753940455341506,-0.07799166501289934,-0.8284232854112656,-0.638746308536071,-0.37297297297297305,-0.46155313871398584
2024-09-27,-0.20574484577546148,-0.3391483270710324,0.01764705882352935,-0.2630816959669079,0.26926444833625207,-0.03393530462393335,-0.811925524393118,-0.601304317254957,-0.3218673218673219,-0.4335050562869681
2024-09-30,-0.14782837614504474,-0.2730810520665594,0.11941176470588233,-0.2221302998965874,0.3156742556917689,0.03790434610041671,-0.793070940372378,-0.5572176909014204,-0.2857493857493858,-0.38389620301469185
2024-10-08,-0.16001618541070484,-0.2661925210234388,0.21039215686274493,-0.17269906928645296,0.2793345008756567,0.1115300654891842,-0.7728022625500824,-0.4744058500914077,-0.2884520884520885,-0.35451249761495895
2024-10-09,-0.22234464199529058,-0.3394167113973877,0.09215686274509816,-0.2345398138572906,0.25,0.02560031752331815,-0.7955456045251001,-0.5517508086063845,-0.34815724815724813,-0.3989696622781912
2024-10-10,-0.20047971217269633,-0.3201825013419217,0.1470588235294117,-0.19896587383660813,0.277583187390543,0.04326255209366936,-0.8002592505302852,-0.5464772887076361,-0.3213759213759214,-0.4014501049418049
2024-10-11,-0.2175475202683268,-0.3306047593487207,0.128235294117647,-0.20517063081695974,0.2788966725043782,-0.0037705894026591746,-0.8090973367900071,-0.57497187456054,-0.32800982800982803,-0.43464987597786675
2024-10-14,-0.21901005738020607,-0.33011272141706927,0.1503921568627451,-0.1865563598759049,0.28502626970227674,0.01984520738241713,-0.8026160735328777,-0.5610322036281816,-0.3277641277641278,-0.4195764167143674
2024-10-15,-0.2422838979539106,-0.355877616747182,0.12137254901960781,-0.203722854188211,0.264448336252189,0.004167493550307544,-0.8079189252887108,-0.5759738433413022,-0.3488943488943489,-0.4407555809959931
2024-10-16,-0.257762415721299,-0.3663893361960995,0.1250980392156864,-0.1830403309203723,0.2570052539404555,-0.024012700932724784,-0.8122790478435069,-0.5889291238925608,-0.35749385749385754,-0.4604083190230871
2024-10-17,-0.27136401086177564,-0.3829397029880123,0.11764705882352944,-0.20392967942088935,0.23905429071803863,-0.023218892637428046,-0.816049964647655,-0.5930600478132471,-0.37297297297297305,-0.4659416141957642
2024-10-18,-0.24874343686471045,-0.3603506888531043,0.12117647058823522,-0.19234746639089972,0.24474605954465845,0.0017860686644175505,-0.8061513080367664,-0.5607333708339193,-0.3513513513513514,-0.4491509253959167
2024-10-21,-0.25469108778635263,-0.36030595813204513,0.11568627450980395,-0.19648397104446746,0.22416812609457093,0.0033736852550110275,-0.7936601461230262,-0.5546336661510336,-0.356019656019656,-0.4136615149780576
2024-10-22,-0.24776841212345768,-0.3494363929146538,0.11882352941176477,-0.18986556359875906,0.22942206654991226,0.007342726731494276,-0.7834079660617488,-0.5595731964561945,-0.3461916461916462,-0.4115626788780766
2024-10-23,-0.23582435904311072,-0.3356146001073538,0.1433333333333333,-0.17973112719751816,0.22854640980735552,0.005953562214725094,-0.7692670280461937,-0.5617704964140064,-0.3363636363636364,-0.410417859187178
2024-10-24,-0.24328329831369466,-0.34487385936661297,0.13921568627450975,-0.1869700103412616,0.22591943957968486,-0.03413375669775742,-0.780815460758897,-0.5672901139080297,-0.3484029484029485,-0.41499713795077275
2024-10-25,-0.2400413410490292,-0.33749329039184106,0.13137254901960782,-0.1913133402275078,0.2057793345008756,-0.047430045643977015,-0.7588970068347867,-0.5449303895373365,-0.34447174447174456,-0.4094638427780958
2024-10-28,-0.23704313996967674,-0.3112810878511362,0.12745098039215685,-0.2033092037228541,0.2057793345008756,-0.03572137328835079,-0.7633749705397125,-0.5495710870482351,-0.33366093366093363,-0.41595115435985497
2024-10-29,-0.25331630290118623,-0.32546072642690993,0.13000000000000012,-0.20165460186142714,0.21322241681260956,-0.043857908315141914,-0.773273627150601,-0.5574110532977078,-0.3484029484029485,-0.41728677733257014
2024-10-30,-0.25313104820034804,-0.3344068706387546,0.09745098039215683,-0.21654601861427092,0.21322241681260956,-0.06330621154991067,-0.7731557860004714,-0.5640029531711432,-0.3503685503685504,-0.42739935126884177
2024-10-31,-0.2551834752806853,-0.34321882268742165,0.09647058823529409,-0.22730093071354707,0.20753064798598952,-0.07521333597936097,-0.7673815696441197,-0.5676065251019548,-0.3142506142506143,-0.42549131845067734
2024-11-01,-0.2522779015517519,-0.33834317409196646,0.10098039215686261,-0.21385729058945202,0.2250437828371279,-0.05616193689224047,-0.7759839736035823,-0.5672198003093798,-0.30466830466830475,-0.4253005151688608
2024-11-04,-0.24523334779620032,-0.3353014850599392,0.11705882352941166,-0.19855222337125134,0.22154115586690004,-0.04762849771780109,-0.7730379448503417,-0.5584306004781325,-0.29164619164619177,-0.40850982636901356
2024-11-05,-0.23119786664586617,-0.31651458221506523,0.1519607843137254,-0.19172699069286459,0.21978984238178634,-0.03393530462393335,-0.7686778222955456,-0.5405182112220503,-0.2857493857493858,-0.40049608853272267
2024-11-06,-0.2341180657459183,-0.323447843979245,0.12725490196078426,-0.20248190279214062,0.2040280210157619,-0.03254614010716417,-0.7736271506009899,-0.5491140486570103,-0.28992628992629,-0.4037397443236024
2024-11-07,-0.196023849105171,-0.27428878153515834,0.1929411764705884,-0.18159255429162358,0.2184763572679509,-0.007739630879142645,-0.7739806740513787,-0.5380396568696386,-0.25798525798525807,-0.3926731539782484
2024-11-08,-0.21511970866260732,-0.30009840758633033,0.15921568627450977,-0.1975180972078594,0.20928196147110345,-0.01766223457035132,-0.7733914683007306,-0.5473562086907608,-0.2597051597051597,-0.39706162946002665
2024-11-11,-0.22095035661529916,-0.30747897656110224,0.1450980392156862,-0.2072388831437436,0.20315236427320493,-0.019051399087120502,-0.7640820174404902,-0.5297778090282661,-0.26265356265356266,-0.37263880938752136
2024-11-12,-0.23109548904803456,-0.3098049740561818,0.11784313725490203,-0.22254395036194408,0.1808231173380035,-0.021829728120658864,-0.7631392882394532,-0.520074532414569,-0.26781326781326786,-0.3861858423964891
2024-11-13,-0.23046172296622025,-0.31141528001431384,0.12137254901960781,-0.2177869700103413,0.19921190893169882,-0.020639015677713868,-0.7633749705397125,-0.5042891295176487,-0.26265356265356266,-0.38141576035107794
2024-11-14,-0.23275303110816437,-0.3134281624619788,0.11764705882352944,-0.21282316442605997,0.20052539404553427,-0.03849970232188926,-0.7738628329012491,-0.516594009281395,-0.27248157248157256,-0.3964892196145774
2024-11-15,-0.23996821419343517,-0.32326892109500804,0.09411764705882342,-0.2177869700103413,0.18651488616462353,-0.05338360785870211,-0.781758189959934,-0.53318801856279,-0.28034398034398045,-0.4008776950963556
2024-11-18,-0.23996821419343517,-0.3320361424226158,0.09333333333333327,-0.21613236814891423,0.20052539404553427,-0.06330621154991067,-0.7854112656139524,-0.5378287160736885,-0.28796068796068797,-0.413852318259874
2024-11-19,-0.2482949254837341,-0.33597244587582753,0.09039215686274504,-0.21985522233712518,0.19833625218914186,-0.05874181385195476,-0.7803440961583785,-0.5276332442694416,-0.29066339066339064,-0.40679259683266544
2024-11-20,-0.24688601473262384,-0.3308284129540169,0.08745098039215682,-0.2248190279214065,0.20928196147110345,0.0013891645167691813,-0.780815460758897,-0.5296899170299536,-0.28648648648648656,-0.406601793550849
2024-11-21,-0.24673001077402335,-0.33127572016460904,0.0880392156862746,-0.22585315408479834,0.21147110332749564,-0.00396904147648347,-0.7806976196087674,-0.5284418506539165,-0.28329238329238327,-0.4106086624689944
2024-11-22,-0.2649190973220946,-0.3518965825729111,0.03980392156862744,-0.24612202688728024,0.1935201401050788,-0.04207183965072425,-0.7908319585199152,-0.5445436647447616,-0.3022113022113023,-0.42720854798702534
2024-11-25,-0.26942858675038883,-0.3567722311683664,0.030784313725490176,-0.25087900723888323,0.18782837127845875,-0.05219289541575711,-0.7901249116191374,-0.5357544649135142,-0.30663390663390666,-0.43541308910513254
2024-11-26,-0.26434383272475537,-0.352299159062444,0.040196078431372406,-0.24736297828335063,0.18213660245183894,-0.03393530462393335,-0.7878859297666745,-0.5487273238644353,-0.29803439803439813,-0.43541308910513254
2024-11-27,-0.2594443333999601,-0.3422347468241188,0.050000000000000044,-0.24301964839710444,0.19921190893169882,-0.00793808295296683,-0.7837614895121376,-0.5431373927717621,-0.29066339066339064,-0.42720854798702534
2024-11-28,-0.2599562213891178,-0.355877616747182,0.042549019607843075,-0.24570837642192356,0.20096322241681253,-0.01369319309386774,-0.7847042187131746,-0.5522781605962593,-0.29950859950859954,-0.43140622018698715
2024-11-29,-0.2561828756404694,-0.343487207013777,0.044117647058823595,-0.24839710444674246,0.19614711033274967,0.005953562214725094,-0.7819938722601932,-0.5407818872169877,-0.2977886977886979,-0.4260637282961267
2024-12-02,-0.25654363479473297,-0.340669171587046,0.05901960784313731,-0.24488107549120997,0.20884413309982475,0.0011907124429451077,-0.7828187603111006,-0.5391119392490508,-0.2918918918918919,-0.42320167906887995
2024-12-03,-0.255695363269843,-0.34250313115047415,0.06725490196078421,-0.2322647362978284,0.22373029772329245,-0.015082357610637032,-0.7822295545604525,-0.5397271832372381,-0.2810810810810811,-0.4277809578324747
2024-12-04,-0.2589811966478649,-0.34813920200393633,0.05745098039215679,-0.23867631851085835,0.2456217162872154,-0.019646755308593056,-0.7887108178175819,-0.5447721839403741,-0.2847665847665848,-0.43388666285060096
2024-12-05,-0.2633688079835026,-0.3512703524780819,0.052549019607843084,-0.2366080661840746,0.23905429071803863,-0.028577098630680697,-0.7885929766674522,-0.549992968640135,-0.2914004914004914,-0.43293264644151874
2024-12-06,-0.25848880915353223,-0.3449633208087315,0.08078431372549022,-0.22026887280248186,0.23380035026269708,-0.017066878348878767,-0.7896535470186189,-0.5314477569962031,-0.2815724815724817,-0.4153787445144056
2024-12-09,-0.2595662114926166,-0.34800500984075866,0.07509803921568614,-0.22026887280248186,0.24387040280210148,-0.020043659456241314,-0.7922460523214707,-0.5288109970468289,-0.2918918918918919,-0.4033581377599694
2024-12-10,-0.24601824271290884,-0.33306494900697803,0.09058823529411764,-0.20165460186142714,0.2267950963222416,-0.044850168684262726,-0.7923638934716003,-0.5243812403318802,-0.27469287469287473,-0.3900019080328182
2024-12-11,-0.25137600366609303,-0.3317230273752013,0.07647058823529407,-0.20785935884177875,0.2333625218914186,-0.04445326453661447,-0.7915390054206929,-0.5304809450147658,-0.2685503685503686,-0.39877885899637466
2024-12-12,-0.23665313007317568,-0.3208981928788692,0.08980392156862749,-0.1975180972078594,0.243432574430823,-0.046636237348680276,-0.7904784350695262,-0.5188616228378569,-0.2572481572481573,-0.3974432360236596
2024-12-13,-0.2594687090184914,-0.3378064054392558,0.05372549019607842,-0.22854188210961746,0.25744308231173374,-0.07541178805318505,-0.7994343624793778,-0.5306039938124034,-0.28132678132678135,-0.412135088723526
2024-12-16,-0.25547110757935476,-0.3532385042046877,0.04156862745098033,-0.21944157187176838,0.2819614711033276,-0.08573129589204209,-0.8013198208814518,-0.5303051610181408,-0.2825552825552826,-0.41995802327800036
2024-12-17,-0.24045572656406156,-0.3518965825729111,0.03941176470588226,-0.21716649431230606,0.2815236427320491,-0.07719785671760271,-0.8034409615837851,-0.5187034172408944,-0.27248157248157256,-0.4180499904598358
2024-12-18,-0.23387430956060506,-0.35050993022007515,0.03803921568627455,-0.2033092037228541,0.2880910683012261,-0.07541178805318505,-0.8040301673344332,-0.5229046547602305,-0.27248157248157256,-0.40850982636901356
2024-12-19,-0.2438634380347401,-0.35789049919484694,0.03705882352941181,-0.21365046535677346,0.2810858143607706,-0.07640404842230608,-0.8041480084845628,-0.5257523555055548,-0.2783783783783784,-0.40774661324174777
2024-12-20,-0.2580061719066121,-0.3594113437108606,0.03176470588235292,-0.2159255429162359,0.27845884413309974,-0.08215915856320699,-0.8074475606881923,-0.5381978624666011,-0.2825552825552826,-0.41079946575081094
2024-12-23,-0.25583674185732463,-0.3628108785113616,0.04117647058823537,-0.2068252326783867,0.2946584938704029,-0.09009724151617382,-0.8086259721894886,-0.5368091688932639,-0.2727272727272727,-0.413852318259874
2024-12-24,-0.2498062138326761,-0.35820361424226166,0.05450980392156857,-0.18883143743536712,0.30516637478108577,-0.08057154197261363,-0.8068583549375442,-0.528494585852904,-0.2604422604422605,-0.41347071169624117
2024-12-25,-0.2541060729416009,-0.3599928430846304,0.056862745098039236,-0.18510858324715618,0.3042907180385288,-0.07481643183171272,-0.8072118783879331,-0.5289516242441288,-0.2646191646191647,-0.4037397443236024
2024-12-26,-0.2551834752806853,-0.3626319556271247,0.04803921568627456,-0.1834539813857291,0.2837127845884413,-0.08493748759674535,-0.8092151779401366,-0.5407643088173253,-0.26363636363636367,-0.3989696622781912
2024-12-27,-0.25460821068334605,-0.362497763463947,0.04450980392156878,-0.18634953464322646,0.2964098073555166,-0.08513593967056954,-0.8096865425406552,-0.5394459288426381,-0.25921375921375933,-0.4073650066781148
2024-12-30,-0.25654363479473297,-0.3683574879227053,0.056862745098039236,-0.18055842812823175,0.2876532399299474,-0.08434213137527291,-0.8086259721894886,-0.5313950217972156,-0.260933660933661,-0.4081282198053806
2024-12-31,-0.25703114716535935,-0.37359098228663445,0.03235294117647047,-0.18717683557394005,0.2937828371278459,-0.08910498114705301,-0.8148715531463587,-0.5324145689776403,-0.25847665847665857,-0.41423392482350696
2025-01-02,-0.2745815925079099,-0.38723385220969764,-0.005686274509803857,-0.20351602895553267,0.27845884413309974,-0.10795792816034921,-0.8181711053499883,-0.5451061735339615,-0.27371007371007383,-0.4352222858233161
2025-01-03,-0.28091925332605316,-0.3943460368581141,-0.013725490196078494,-0.20041365046535686,0.26970227670753055,-0.11966660051597544,-0.8232382748055621,-0.5471276894951483,-0.2800982800982801,-0.4499141385231826
2025-01-06,-0.29798218629797735,-0.41478797638217924,-0.012941176470588123,-0.19234746639089972,0.2648861646234677,-0.10676721571740433,-0.8212349752533585,-0.5486745886654478,-0.28648648648648656,-0.4596451058958214
2025-01-07,-0.297884683823852,-0.4146985149400608,-0.016274509803921533,-0.19544984488107553,0.2565674255691768,-0.1260170668783489,-0.8204100872024511,-0.5615068204190691,-0.2904176904176905,-0.4579278763594733
2025-01-08,-0.2967634053714113,-0.4198425478618716,-0.013725490196078494,-0.18759048603929684,0.26970227670753055,-0.1357412184957334,-0.8221777044543954,-0.5687315426803543,-0.2837837837837839,-0.46403358137759965
2025-01-09,-0.2960321368154717,-0.41590624440865986,-0.023333333333333317,-0.19338159255429166,0.2605078809106829,-0.1450684659654694,-0.8234739571058214,-0.565233441147518,-0.2884520884520885,-0.46327036825033385
2025-01-10,-0.2999322357804829,-0.42476292717838615,-0.04019607843137252,-0.19379524301964846,0.26401050788091074,-0.1532050009922603,-0.8296016969125619,-0.5675713683026298,-0.29901719901719903,-0.4695668765502766
2025-01-13,-0.29604188706288426,-0.42207908391483273,-0.0472549019607843,-0.19193381592554293,0.26138353765323985,-0.15042667195872195,-0.8275983973603582,-0.5659717339333428,-0.30098280098280106,-0.4720473192138904
2025-01-14,-0.2821380342526192,-0.40499194847020925,-0.0321568627450981,-0.17580144777662876,0.2626970227670753,-0.12105576503274462,-0.8219420221541363,-0.549641400646885,-0.2960687960687961,-0.4588818927685556
2025-01-15,-0.28273767446848963,-0.4061102164966899,-0.03705882352941181,-0.15946225439503625,0.2609457092819616,-0.12919230005953564,-0.8201744049021918,-0.5590106876669948,-0.3007371007371008,-0.4638427780957832
2025-01-16,-0.29487185737338084,-0.41188047951332984,-0.03431372549019607,-0.1522233712512926,0.2626970227670753,-0.1486406032943045,-0.8185246288003771,-0.5606630572352693,-0.303931203931204,-0.46327036825033385
2025-01-17,-0.29079137883123785,-0.40821256038647336,-0.03176470588235292,-0.15801447776628752,0.27014010507880926,-0.1498313157372494,-0.8213528164034881,-0.5579032484882576,-0.3022113022113023,-0.4619347452776188
2025-01-20,-0.2810167558001785,-0.39926641617462866,-0.023333333333333317,-0.1702171664943124,0.26838879159369533,-0.1164913673347886,-0.8215884987037474,-0.53325833216144,-0.31695331695331697,-0.4604083190230871
2025-01-21,-0.28425871306484396,-0.40333691179101816,-0.021568627450980427,-0.1698035160289555,0.27670753064798603,-0.10438579083151411,-0.8255950978081545,-0.5356138377162143,-0.3226044226044227,-0.45830948292310625
2025-01-22,-0.29749467392735096,-0.4169350509930221,-0.04019607843137252,-0.18407445708376413,0.2561295971978985,-0.11827743599920626,-0.8278340796606175,-0.5464772887076361,-0.3267813267813269,-0.4569738599503911
2025-01-23,-0.2965196491860981,-0.42453927357308996,-0.012352941176470678,-0.17621509824198556,0.24781085814360782,-0.12760468346894227,-0.8287768088616545,-0.5473562086907608,-0.32285012285012293,-0.4537302041595115
2025-01-24,-0.2999322357804829,-0.42869923063159776,-0.002745098039215743,-0.16732161323681494,0.23467600700525382,-0.1141099424488986,-0.8237096394060806,-0.5418717479960624,-0.3221130221130222,-0.4462888761686701
2025-01-27,-0.30042462327481556,-0.43102522812667743,-0.002941176470588225,-0.1592554291623579,0.26532399299474596,-0.11391149037507442,-0.8244166863068584,-0.5482351286738856,-0.3162162162162163,-0.44609807288685355
2025-02-05,-0.31563013411465324,-0.4408212560386473,-0.02509803921568632,-0.17269906928645296,0.24124343257443082,-0.12661242309982146,-0.8222955456045251,-0.556813387709183,-0.34029484029484025,-0.4275901545506582
2025-02-06,-0.3112230222841905,-0.43684022186437643,-0.014705882352941124,-0.16856256463288521,0.2377408056042032,-0.11966660051597544,-0.8181711053499883,-0.5550907045422585,-0.3353808353808354,-0.4205304331234496
2025-02-07,-0.2999322357804829,-0.4291018071211308,-0.0023529411764705577,-0.16856256463288521,0.23161120840630467,-0.10121055765032749,-0.8087438133396182,-0.5407115736183379,-0.32899262899262904,-0.41079946575081094
2025-02-10,-0.3021211663245955,-0.42954911433172305,-0.0019607843137254832,-0.16028955532574973,0.22197898423817874,-0.1093470926771184,-0.8111006363422106,-0.5456862607228239,-0.3334152334152335,-0.40755580995993124
2025-02-11,-0.3087074584517582,-0.4352299159062444,-0.009411764705882342,-0.15243019648397116,0.22154115586690004,-0.12304028577098636,-0.8152250765967476,-0.5573758964983828,-0.33783783783783794,-0.40431215416905164
2025-02-12,-0.2965196491860981,-0.42878869207371617,0.0015686274509802978,-0.13919338159255434,0.22548161120840615,-0.11807898392538207,-0.813221777044544,-0.5512234566165096,-0.33316953316953324,-0.41022705590536157
2025-02-13,-0.28576512629007966,-0.4117462873501522,0.00039215686274518546,-0.13733195449844882,0.2333625218914186,-0.1141099424488986,-0.814753711996229,-0.5405182112220503,-0.32432432432432434,-0.41824079374165235
2025-02-14,-0.28091925332605316,-0.41299874753981036,0.013725490196078383,-0.1307135470527404,0.23511383537653252,-0.09704306410001984,-0.8136931416450625,-0.5258929827028548,-0.3213759213759214,-0.3982064491509254
2025-02-17,-0.2825670451387704,-0.41156736446591513,0.016470588235294237,-0.13712512926577047,0.2333625218914186,-0.10180591387180005,-0.810982795192081,-0.5264379130923922,-0.3260442260442261,-0.3974432360236596
2025-02-18,-0.28091925332605316,-0.41760601180891044,0.006078431372549042,-0.13029989658738372,0.2416812609457093,-0.1105378051200635,-0.8134574593448032,-0.5240296723386303,-0.3302211302211302,-0.3875214653692043
2025-02-19,-0.27311905539603065,-0.41353551619252094,0.008823529411764675,-0.13174767321613245,0.228984238178634,-0.11272077793212942,-0.8073297195380627,-0.5191428772324567,-0.3095823095823096,-0.38465941614195764
2025-02-20,-0.28140676569667955,-0.4162640901771336,-0.004313725490196041,-0.13443640124095135,0.22767075306479856,-0.07719785671760271,-0.810982795192081,-0.5250316411193925,-0.3162162162162163,-0.3877122686510207
2025-02-21,-0.2744792149100783,-0.4134907854714618,0.0039215686274509665,-0.14374353671147888,0.21716287215411567,-0.04187338757690018,-0.8096865425406552,-0.5156271972999578,-0.31965601965601964,-0.3762640717420339
2025-02-24,-0.27893507797760375,-0.41000178922884234,0.019607843137254832,-0.14643226473629778,0.20621716287215408,-0.04564397697955935,-0.8072118783879331,-0.5227464491632682,-0.32383292383292384,-0.39229154741461547
2025-02-25,-0.2911570131092076,-0.4240919663624978,-0.00039215686274518546,-0.1513960703205791,0.19658493870402793,-0.05993252629489987,-0.8061513080367664,-0.5262972858950921,-0.3277641277641278,-0.406601793550849
2025-02-26,-0.288227063761743,-0.4193952406512792,0.012156862745098085,-0.1420889348500518,0.2097197898423817,-0.05636038896606477,-0.7946028753240632,-0.5278090282660666,-0.3260442260442261,-0.40450295745086806
2025-02-27,-0.27577112269223836,-0.4061996779388084,0.012156862745098085,-0.12347466390899686,0.20490367775831864,-0.049216114308394565,-0.7984916332783407,-0.5253832091126424,-0.30712530712530717,-0.4094638427780958
2025-02-28,-0.2683463092875982,-0.41143317230273746,-0.012156862745097974,-0.13029989658738372,0.19877408056042034,-0.0879142687041079,-0.8030874381333961,-0.5354028969202644,-0.30515970515970514,-0.42491890860522796
2025-03-03,-0.27505935463112374,-0.4147432456611201,-0.013137254901960826,-0.13029989658738372,0.18607705779334505,-0.08870807699940464,-0.7995522036295074,-0.5191780340317818,-0.31449631449631454,-0.417668383896203
2025-03-04,-0.2833031888184163,-0.4196188942565754,-0.018039215686274535,-0.1354705274043434,0.1887040280210157,-0.08989878944234975,-0.7946028753240632,-0.5376880888763886,-0.3176904176904177,-0.4113718755962602
2025-03-05,-0.28512648508455907,-0.4247181964573269,-0.012156862745097974,-0.11292657704239917,0.20315236427320493,-0.08751736455645964,-0.7989629978788593,-0.5412213472085501,-0.3171990171990172,-0.4054569738599504
2025-03-06,-0.2658161200840471,-0.4109858650921453,0.012549019607843048,-0.11147880041365044,0.19176882661996486,-0.07680095256995434,-0.798138109827952,-0.5353853185206019,-0.3122850122850124,-0.3589009730967372
2025-03-07,-0.2584936842772385,-0.3970298801216675,0.009803921568627416,-0.09886246122026887,0.1935201401050788,-0.09347092677118474,-0.7955456045251001,-0.5416256504007875,-0.31818181818181823,-0.359664186224003
2025-03-10,-0.25756741077304834,-0.40646806226516374,0.004901960784313708,-0.10920372285418822,0.18651488616462353,-0.09724151617384402,-0.7970775394767853,-0.5491140486570103,-0.3275184275184275,-0.3583285632512878
2025-03-11,-0.24499934185829964,-0.39524065127929864,0.009803921568627416,-0.10010341261633926,0.19045534150612964,-0.10021829728120657,-0.7957812868253594,-0.5513992406131346,-0.3208845208845209,-0.3678687273421102
2025-03-12,-0.24797316731912078,-0.40521560207550544,0.002941176470588225,-0.09948293691830412,0.1873905429071805,-0.1069656677912284,-0.7993165213292481,-0.5526297285895092,-0.3267813267813269,-0.36500667811486354
2025-03-13,-0.2503181018218338,-0.40780998389694045,0.002745098039215632,-0.0932781799379524,0.1930823117338003,-0.10637031156975585,-0.8019090266321,-0.5548797637463085,-0.327027027027027,-0.3672963174966609
2025-03-14,-0.20632498549650702,-0.3701914474861334,0.048431372549019525,-0.06597724922440551,0.2018388791593695,-0.07640404842230608,-0.7935423049728966,-0.5394459288426381,-0.26904176904176913,-0.36367105514214837
2025-03-17,-0.20152298864583695,-0.3744855967078189,0.046666666666666634,-0.06845915201654607,0.19833625218914186,-0.07759476086525108,-0.7917746877209522,-0.549992968640135,-0.2847665847665848,-0.36367105514214837
2025-03-18,-0.20827991010271885,-0.37578278761853634,0.05411764705882338,-0.0663908996897622,0.19089316987740812,-0.07719785671760271,-0.7890643412679708,-0.5482351286738856,-0.2921375921375923,-0.36328944857851553
2025-03-19,-0.20257114024268363,-0.37860082304526754,0.060196078431372646,-0.04819027921406405,0.2097197898423817,-0.061520142885493234,-0.7918925288710817,-0.5334868513570525,-0.29631449631449636,-0.3646250715512307
2025-03-20,-0.2180301575152469,-0.39170692431561993,0.029215686274509878,-0.06432264736297832,0.2101576182136602,-0.07461797975788842,-0.7946028753240632,-0.5391822528477008,-0.303931203931204,-0.3915283342873497
2025-03-21,-0.23277740672669567,-0.39792449454285206,0.014705882352941124,-0.07549120992761116,0.19964973730297708,-0.10994244889859095,-0.7989629978788593,-0.549992968640135,-0.32014742014742015,-0.4022133180690708
2025-03-24,-0.22826791729840146,-0.3992216854535695,0.022156862745098094,-0.06825232678386772,0.21278458844133108,-0.11986505258979951,-0.799080839028989,-0.5461960343130361,-0.31179361179361176,-0.4006868918145392
2025-03-25,-0.23192426007809952,-0.4025764895330113,0.018823529411764683,-0.06742502585315402,0.22285464098073549,-0.10954554475094269,-0.7976667452274334,-0.5438756855575868,-0.30270270270270283,-0.4039305476054188
2025-03-26,-0.23168050389278627,-0.403515834675255,0.014117647058823568,-0.11768355739400216,0.2184763572679509,-0.08255606271085536,-0.7954277633749706,-0.5483757558711855,-0.30515970515970514,-0.40850982636901356
2025-03-27,-0.22534284307464303,-0.40105564501699764,0.020784313725490167,-0.10527404343329894,0.21584938704028023,-0.03969041476483426,-0.7991986801791185,-0.5449303895373365,-0.30196560196560196,-0.406983400114482
2025-03-28,-0.22719051495931708,-0.40405260332796566,0.018823529411764683,-0.10610134436401242,0.21935201401050786,-0.03532446914070253,-0.8012019797313221,-0.5485866966671353,-0.30663390663390666,-0.4090822362144628
2025-03-31,-0.2389931894521824,-0.4124619788870997,0.012352941176470678,-0.1046535677352638,0.21760070052539393,-0.023615796785076304,-0.813221777044544,-0.5553719589368584,-0.3100737100737102,-0.41423392482350696
2025-04-01,-0.24142100105790187,-0.4104938271604939,0.012156862745098085,-0.11334022750775608,0.22154115586690004,0.027981742409208143,-0.810982795192081,-0.5621923780059064,-0.31031941031941035,-0.4188132035871016
2025-04-02,-0.2448335876522867,-0.4133565933082841,0.0168627450980392,-0.11623578076525343,0.2184763572679509,0.009128795395911826,-0.811925524393118,-0.5620517508086065,-0.31597051597051606,-0.4212936462507155
2025-04-03,-0.23515159197164626,-0.4095544820182502,0.00941176470588223,-0.1178903826266805,0.243432574430823,0.012899384798571223,-0.8142823473957106,-0.5727042610040782,-0.304914004914005,-0.4293073840870063
2025-04-07,-0.26873144406039307,-0.4329039184111648,-0.04784313725490197,-0.15553257497414685,0.24036777583187385,-0.03353840047628498,-0.8329012491161913,-0.6216776824637885,-0.3221130221130222,-0.4678496470139286
2025-04-08,-0.2467933873822048,-0.41510109142959384,-0.034117647058823586,-0.14891416752843856,0.27189141856392296,-0.03353840047628498,-0.8288946500117841,-0.614945155393053,-0.2941031941031942,-0.46403358137759965
2025-04-09,-0.24872393636988543,-0.40843621399176955,-0.0405882352941177,-0.1631851085832472,0.2946584938704029,-0.043064100019845286,-0.8266556681593212,-0.628410209534524,-0.2744471744471745,-0.46250715512306806
2025-04-10,-0.24484333789969925,-0.4044104490964394,-0.029803921568627545,-0.14994829369183038,0.2771453590192645,-0.03750744195276845,-0.8228847513551732,-0.61682604415694,-0.2707616707616708,-0.4499141385231826
2025-04-11,-0.23510284073458365,-0.41134371086061905,-0.032352941176470584,-0.14146845915201667,0.27845884413309974,-0.03988886683865844,-0.8255950978081545,-0.6062438475601182,-0.28132678132678135,-0.4562106468231253
2025-04-14,-0.24338567591152627,-0.41384863123993565,-0.029803921568627545,-0.1420889348500518,0.27626970227670755,-0.030164715221274174,-0.8244166863068584,-0.6062438475601182,-0.27985257985257994,-0.45239458118679643
2025-04-15,-0.24045572656406156,-0.4124619788870997,-0.022941176470588243,-0.12926577042399168,0.2815236427320491,-0.04207183965072425,-0.826419985859062,-0.5989488117001829,-0.27813267813267817,-0.4546842205685938
2025-04-16,-0.2398853370904287,-0.40821256038647336,-0.02196078431372539,-0.12616339193381598,0.2872154115586689,-0.02956935899980162,-0.8234739571058214,-0.604679369990156,-0.2702702702702703,-0.4588818927685556
2025-04-17,-0.2346055781165447,-0.40718375380211125,-0.016470588235294237,-0.128852119958635,0.2788966725043782,-0.031950783885691614,-0.823591798255951,-0.6027281676276192,-0.2707616707616708,-0.46174394199580227
2025-04-18,-0.23658487834128794,-0.4106727500447307,-0.01098039215686275,-0.11582213029989663,0.29509632224168114,-0.047430045643977015,-0.8250058920575065,-0.603677401209394,-0.27248157248157256,-0.4586910894867391
2025-04-21,-0.24386831315844637,-0.41697978171408123,-0.014117647058823457,-0.12554291623578073,0.2832749562171628,-0.024211153006548858,-0.8247702097572472,-0.593306145408522,-0.28550368550368554,-0.4489601221141003
2025-04-22,-0.24494084037382446,-0.4180533190195026,-0.0084313725490196,-0.13112719751809732,0.2841506129597198,0.01151022028180182,-0.8255950978081545,-0.5944838981859091,-0.28918918918918923,-0.4564014501049418
2025-04-23,-0.24338080078781998,-0.41863481839327255,-0.00588235294117645,-0.131540847983454,0.27845884413309974,0.013891645167692035,-0.8244166863068584,-0.5898080438756856,-0.28746928746928757,-0.45659225338675824
2025-04-24,-0.24325892269516336,-0.4227053140096618,0.004313725490196152,-0.12699069286452946,0.2898423817863398,0.014685453462988773,-0.8266556681593212,-0.5836204471944875,-0.284029484029484,-0.459454302614005
2025-04-25,-0.24435582552907276,-0.422750044730721,0.006470588235294006,-0.12967942088934858,0.2924693520140105,-0.0023814248858899933,-0.824534527456988,-0.5840950639853748,-0.28820638820638833,-0.46231635184125164
2025-04-28,-0.24435582552907276,-0.4146985149400608,0.004117647058823559,-0.124095139607032,0.30122591943957966,-0.008334987100615199,-0.8238274805562102,-0.5871712839263113,-0.29729729729729726,-0.464605991223049
2025-04-29,-0.24728089975283118,-0.42051350867775983,0.0,-0.13133402275077566,0.2898423817863398,-0.015677713832109474,-0.8248880509073768,-0.5921283926311349,-0.29262899262899267,-0.46307956496851743
2025-04-30,-0.24581836264095203,-0.424315619967794,-0.005686274509803857,-0.15739400206825227,0.2915936952714535,0.014090097241516109,-0.8267735093094508,-0.5930600478132471,-0.26879606879606877,-0.46174394199580227
2025-05-06,-0.24425832305494755,-0.42078189300411517,-0.0039215686274510775,-0.14436401240951402,0.277583187390543,0.012105576503274484,-0.8228847513551732,-0.5928315286176347,-0.2702702702702703,-0.4499141385231826
2025-05-07,-0.24191826367594083,-0.418545356951154,0.003529411764705781,-0.13092037228541875,0.28502626970227674,0.022226632268307123,-0.8220598633042658,-0.5805618056532134,-0.2732186732186733,-0.4497233352413661
2025-05-08,-0.23061285180111446,-0.4104490964394346,0.018823529411764683,-0.1147880041365047,0.2832749562171628,0.023218892637428157,-0.8200565637520623,-0.5700850794543665,-0.2742014742014742,-0.4481969089868345
2025-05-09,-0.2242800661066774,-0.41143317230273746,0.014705882352941124,-0.1007238883143744,0.2937828371278459,0.04802540186544957,-0.8241810040065991,-0.5635810715792434,-0.27469287469287473,-0.45334859759587864
2025-05-12,-0.21778640132993377,-0.40521560207550544,0.031372549019607954,-0.0941054808686661,0.29334500875656744,0.005953562214725094,-0.8186424699505067,-0.5482351286738856,-0.26683046683046685,-0.44781530242320167
2025-05-13,-0.22470907699282872,-0.4051261406333869,0.0286274509803921,-0.07838676318510851,0.3021015761821366,0.016669974201230398,-0.8158142823473957,-0.5451237519336241,-0.26904176904176913,-0.45010494180499905
2025-05-14,-0.20292214914953466,-0.3949722669529433,0.07235294117647051,-0.07321613236814895,0.3169877408056041,0.0498114705298669,-0.816992693848692,-0.5383912248628884,-0.2641277641277642,-0.4464796794504865
2025-05-15,-0.20437493601400136,-0.40208445160135986,0.06372549019607843,-0.07094105480868662,0.32880910683012265,0.06548918436197648,-0.8221777044543954,-0.5426451975812122,-0.26117936117936125,-0.4506773516504484
2025-05-16,-0.21309165720080148,-0.4136697083556986,0.04686274509803923,-0.08438469493278178,0.3178633975481613,0.06866441754316344,-0.8214706575536177,-0.5440866263535368,-0.2631449631449633,-0.4504865483686319
2025-05-19,-0.23022771702831957,-0.42163177670424046,0.045098039215686114,-0.0932781799379524,0.334063047285464,0.060726334590196496,-0.8221777044543954,-0.5429616087751371,-0.26437346437346443,-0.45105895821408126
2025-05-20,-0.2268053801865222,-0.42239219896224733,0.052549019607843084,-0.09203722854188212,0.34325744308231165,0.08057154197261363,-0.8219420221541363,-0.5376880888763886,-0.24815724815724816,-0.46231635184125164
2025-05-21,-0.22925756741077308,-0.4218106995884774,0.055882352941176494,-0.09203722854188212,0.3485113835376532,0.11014090097241502,-0.821706339853877,-0.5182112220503445,-0.2530712530712531,-0.45659225338675824
2025-05-22,-0.22973045441028062,-0.42257112184648415,0.0556862745098039,-0.07942088934850056,0.35858143607705784,0.10339353046239341,-0.8231204336554325,-0.5247328083251301,-0.24914004914004917,-0.45983590917763784
2025-05-23,-0.23333804595291607,-0.4267758096260511,0.04372549019607841,-0.08893485005170643,0.33493870402802095,0.08156380234173444,-0.8241810040065991,-0.5306743074110533,-0.24815724815724816,-0.46231635184125164
2025-05-26,-0.24411206934375962,-0.434558955090356,0.04705882352941182,-0.0941054808686661,0.3283712784588442,0.05874181385195487,-0.8233561159556917,-0.55016875263676,-0.2437346437346437,-0.461171532150353
2025-05-27,-0.2473296509898938,-0.43567722311683665,0.04705882352941182,-0.09534643226473627,0.32486865148861654,0.06013097836872405,-0.8298373792128211,-0.5535262269722965,-0.2474201474201475,-0.4636519748139668
2025-05-28,-0.2506934863472161,-0.4322776883163356,0.044901960784313744,-0.09658738366080666,0.3366900175131349,0.07660250049613015,-0.8308979495639878,-0.5542117845591337,-0.23882063882063886,-0.46556000763213123
2025-05-29,-0.24923094923533684,-0.43048845947396674,0.04941176470588249,-0.10093071354705274,0.32618213660245177,0.07362571938876772,-0.8287768088616545,-0.5572880045000703,-0.25282555282555286,-0.4604083190230871
2025-05-30,-0.2580061719066121,-0.43442476292717835,0.04470588235294115,-0.10175801447776633,0.32224168126094566,0.08632665211351465,-0.8305444261135988,-0.5605400084376319,-0.25552825552825553,-0.46327036825033385
2025-06-03,-0.26434383272475537,-0.4422973698336017,0.055882352941176494,-0.0905894519131335,0.32005253940455347,0.08910498114705301,-0.8308979495639878,-0.5585184924764449,-0.24889434889434892,-0.46498759778668186
2025-06-04,-0.263875820848954,-0.44287886920737163,0.05411764705882338,-0.08872802481902786,0.3086690017513136,0.09724151617384402,-0.8293660146123026,-0.5586942764730698,-0.2484029484029484,-0.46098072886853647
2025-06-05,-0.2619062708716233,-0.4407317945965289,0.058627450980392126,-0.08231644260599802,0.3047285464098073,0.06925977376463588,-0.8291303323120434,-0.5579032484882576,-0.25798525798525807,-0.45659225338675824
2025-06-06,-0.2656162400120903,-0.44046341027017355,0.04725490196078419,-0.08024819027921415,0.313047285464098,0.0676721571740424,-0.8294838557624322,-0.5625087891998313,-0.29582309582309585,-0.4552566304140431
2025-06-09,-0.2755029908883938,-0.4410449096439435,0.05333333333333323,-0.07755946225439503,0.31260945709281973,0.07878547330819607,-0.8293660146123026,-0.5683096610884545,-0.2923832923832924,-0.4571646632322076
2025-06-10,-0.2809143782023469,-0.44359456074431924,0.047647058823529376,-0.0761116856256463,0.3147985989492119,0.09406628299265729,-0.8314871553146359,-0.5725987906061032,-0.2985257985257985,-0.46327036825033385
2025-06-11,-0.2784816914729211,-0.4422079083914833,0.06784313725490199,-0.0628748707342296,0.3213660245183887,0.08573129589204198,-0.8265378270091917,-0.559661088454507,-0.3012285012285012,-0.4634611715321503
2025-06-12,-0.2887194512560757,-0.4520486670245124,0.07470588235294118,-0.06452947259565678,0.3218038528896674,0.10775947608652503,-0.8263021447089324,-0.5608739980312192,-0.3068796068796069,-0.4659416141957642
2025-06-13,-0.3043442227346519,-0.46716765074252997,0.06823529411764695,-0.0655635987590486,0.340630472854641,0.06945822583845995,-0.8300730615130804,-0.5637041203768809,-0.3120393120393121,-0.4703300896775424
2025-06-16,-0.306616030381771,-0.470969762032564,0.06509803921568635,-0.05315408479834538,0.33362521891418573,0.06687834887874566,-0.8274805562102285,-0.566411193924905,-0.3105651105651106,-0.473573745468422
2025-06-17,-0.3043198471161206,-0.4734746824118805,0.06333333333333324,-0.04901758014477775,0.3428196147110334,0.028775550704504882,-0.8281876031110064,-0.5671143299114049,-0.31031941031941035,-0.47300133562297264
2025-06-18,-0.30529487185737336,-0.4707013777062087,0.055098039215686345,-0.05170630816959665,0.3445709281961471,0.02818019448303244,-0.8280697619608768,-0.568327239488117,-0.31400491400491404,-0.4724289257775234
2025-06-19,-0.304807359486747,-0.47539810341742705,0.04313725490196085,-0.056256463288521186,0.3450087565674256,0.023615796785076304,-0.831133631864247,-0.5744269441710026,-0.31916461916461925,-0.47624499141385235
2025-06-20,-0.30351057658088065,-0.46519949901592417,0.07333333333333347,-0.0488107549120993,0.33099824868651484,0.027187934113911405,-0.8321942022154136,-0.5776613697089017,-0.31400491400491404,-0.4798702537683648
2025-06-23,-0.3077324337105054,-0.47092503131150476,0.08039215686274503,-0.04343329886246128,0.3419439579684762,0.031156975590394875,-0.8316049964647655,-0.5788039656869639,-0.3226044226044227,-0.47872543407746604
2025-06-24,-0.2993472209357312,-0.4643496153157989,0.11352941176470588,-0.033092037228541926,0.33887915936952706,0.03492756499305405,-0.8290124911619138,-0.5677119954999297,-0.32014742014742015,-0.4731921389047892
2025-06-25,-0.30000048751237063,-0.4624261943102522,0.13490196078431382,-0.0175801447776629,0.35201401050788084,0.05080373089898793,-0.8274805562102285,-0.5519265926030095,-0.3176904176904177,-0.4693760732684602
2025-06-26,-0.3077324337105054,-0.4644390767579173,0.12901960784313715,-0.009720785935884102,0.36208406304728546,0.03353840047628487,-0.8294838557624322,-0.5556356349317958,-0.3120393120393121,-0.473573745468422
2025-06-27,-0.315976267897798,-0.46689926641617463,0.11686274509803929,-0.04405377456049642,0.3231173380035026,0.0309585235165708,-0.828305444261136,-0.5587997468710448,-0.31400491400491404,-0.4726197290593398
2025-06-30,-0.31284156335467017,-0.4681517266058328,0.087843137254902,-0.04963805584281278,0.319614711033275,0.029966263147449768,-0.8230025925053028,-0.556637603712558,-0.31498771498771505,-0.4709024995229918
2025-07-01,-0.3149963680328389,-0.46935945607443197,0.09215686274509816,-0.039296794208893426,0.3296847635726796,0.04107957928160344,-0.8248880509073768,-0.5579032484882576,-0.32014742014742015,-0.47471856515932065
2025-07-02,-0.31280256236502,-0.46689926641617463,0.09431372549019623,-0.02998965873836612,0.32443082311733806,0.036912085731295896,-0.8166391703983031,-0.5597489804528195,-0.3167076167076168,-0.4751001717229536
2025-07-03,-0.3098774881412616,-0.4649311146895688,0.09411764705882342,-0.03598759048603939,0.3174255691768826,0.041278031355427736,-0.8168748526985623,-0.538408803262551,-0.31818181818181823,-0.47128410608662463
2025-07-04,-0.30665015624771474,-0.46148684916800864,0.10921568627450973,-0.02647362978283352,0.32049036777583195,0.0569557451875371,-0.8165213292481734,-0.5327661369708901,-0.3176904176904177,-0.4731921389047892
2025-07-07,-0.3122662987573309,-0.4636339237788514,0.1064705882352941,-0.0237849017580144,0.32486865148861654,0.044850168684262615,-0.8176997407494697,-0.5413971312051751,-0.3275184275184275,-0.4766265979774852
2025-07-08,-0.30962885683224217,-0.4597423510466989,0.10686274509803928,-0.015098241985522343,0.30998248686514884,0.05973407422107546,-0.8059156257365072,-0.5371431584868513,-0.3245700245700247,-0.47300133562297264
2025-07-09,-0.30827844756560696,-0.45607443191984254,0.0960784313725489,-0.02523267838676313,0.31260945709281973,0.13494741020043644,-0.8070940372378035,-0.5239769371396428,-0.31965601965601964,-0.471856515932074
2025-07-10,-0.3045636033014337,-0.45169082125603865,0.1201960784313727,-0.002275077559462213,0.3091068301225919,0.14308394522722767,-0.8060334668866368,-0.5218675291801435,-0.3203931203931204,-0.46994848311390947
2025-07-11,-0.3043198471161206,-0.44399713723385226,0.1315686274509804,-0.05604963805584284,0.33099824868651484,0.12919230005953564,-0.8085081310393589,-0.5227464491632682,-0.31965601965601964,-0.4676588437321122
2025-07-14,-0.3059773891762504,-0.43903202719627843,0.12882352941176478,-0.057497414684591575,0.3401926444833625,0.13534431434808503,-0.8095687013905255,-0.5280199690620166,-0.3245700245700247,-0.4703300896775424
2025-07-15,-0.3121200450461431,-0.44086598675970656,0.11960784313725492,-0.06473629782833512,0.3345008756567427,0.1355427664219091,-0.8112184774923403,-0.5293383490367036,-0.3272727272727274,-0.4670864338866628
2025-07-16,-0.31210541967502425,-0.43961352657004826,0.11431372549019603,-0.06701137538779733,0.3283712784588442,0.1355427664219091,-0.8125147301437662,-0.5352271129236394,-0.32383292383292384,-0.4710933028048082
2025-07-17,-0.30951185386329183,-0.4371980676328503,0.11392156862745106,-0.06928645294725955,0.32049036777583195,0.14566382218694174,-0.8089794956398775,-0.533293488960765,-0.3095823095823096,-0.4668956306048463
2025-07-18,-0.2994447234098565,-0.4463231347289318,0.11901960784313736,-0.06825232678386772,0.2915936952714535,0.16610438579083153,-0.8106292717416922,-0.523273801153143,-0.31031941031941035,-0.46556000763213123
2025-07-21,-0.2965196491860981,-0.45178028269815707,0.12137254901960781,-0.07238883143743535,0.2920315236427322,0.1510220281801944,-0.8078010841385812,-0.5084024750386724,-0.3073710073710074,-0.46307956496851743
2025-07-22,-0.2858041272797297,-0.43849525854356775,0.11176470588235299,-0.07052740434332994,0.2854640980735552,0.13931335582456827,-0.8047372142352109,-0.49609759527492614,-0.302948402948403,-0.4581186796412898
2025-07-23,-0.2806754971407399,-0.4399713723385221,0.13725490196078427,-0.06680455015511899,0.277583187390543,0.13375669775749155,-0.8072118783879331,-0.49546477288707635,-0.304914004914005,-0.46059912230490363
2025-07-24,-0.2728752992107175,-0.43840579710144933,0.14980392156862754,-0.07176835573940021,0.2670753064798599,0.14109942448898583,-0.8010841385811925,-0.49866404162565037,-0.30614250614250627,-0.45353940087769506
2025-07-25,-0.2906695007385812,-0.4473966720343532,0.13882352941176457,-0.07280248190279215,0.2587565674255692,0.11926969636832707,-0.8053264199858591,-0.5028828575446491,-0.3162162162162163,-0.4531577943140621
2025-07-28,-0.2986354528746167,-0.4450706745392735,0.17823529411764705,-0.08086866597724929,0.2539404553415061,0.23119666600515965,-0.8066226726372849,-0.4967304176627759,-0.31867321867321874,-0.4544934172867773
2025-07-29,-0.29846969866860373,-0.4474861334764717,0.16647058823529415,-0.08707342295760079,0.25350262697022763,0.2661242309982139,-0.8048550553853406,-0.48702714104907885,-0.32383292383292384,-0.45506582713222665
2025-07-30,-0.293380069519264,-0.4430130613705493,0.19039215686274513,-0.08128231644260597,0.2565674255691768,0.2619567374479064,-0.8069761960876738,-0.5129201237519336,-0.31498771498771505,-0.4564014501049418
2025-07-31,-0.3069182880515593,-0.4580873143675076,0.15078431372549006,-0.0800413650465358,0.21891418563922938,0.2482635443540384,-0.8142823473957106,-0.5348403881310646,-0.3265356265356266,-0.4638427780957832
2025-08-01,-0.3091949708223847,-0.45875827518339596,0.14117647058823546,-0.08128231644260597,0.22548161120840615,0.21670966461599517,-0.8123968889936366,-0.5375650400787513,-0.3240786240786241,-0.44457164663232207
2025-08-04,-0.3082199460811318,-0.4591161209518697,0.14137254901960783,-0.07135470527404353,0.23204903677758315,0.23040285770986313,-0.8140466650954513,-0.5315708057938404,-0.32481572481572485,-0.45487502385041023
2025-08-05,-0.303959087961857,-0.45450885668276975,0.15960784313725496,-0.06411582213029987,0.23029772329246945,0.23635641992458822,-0.8123968889936366,-0.5329419209675151,-0.3230958230958231,-0.44037397443236026
2025-08-06,-0.3058408857124749,-0.45356951154052605,0.15803921568627466,-0.06680455015511899,0.2246059544658494,0.22206787060924782,-0.8121612066933773,-0.5341724089438897,-0.3226044226044227,-0.44132799084144236
2025-08-07,-0.3065867796395334,-0.4518250134192163,0.15450980392156866,-0.06618407445708385,0.22854640980735552,0.2067870609247866,-0.8133396181946736,-0.5376001968780761,-0.3226044226044227,-0.4438084335050563
2025-08-08,-0.30725954671099776,-0.4533011272141707,0.14784313725490184,-0.07900723888314376,0.21978984238178634,0.2103591982536217,-0.8135753004949329,-0.5368443256925889,-0.3292383292383293,-0.45105895821408126
2025-08-11,-0.2955446244448453,-0.4456074431919843,0.14647058823529413,-0.08790072388831438,0.2123467600700526,0.21194681484421518,-0.8113363186424699,-0.536527914498664,-0.3226044226044227,-0.4495325319595497
2025-08-12,-0.2994252229150315,-0.4489622472714261,0.1519607843137254,-0.08996897621509825,0.21541155866900175,0.20758086922008334,-0.8133396181946736,-0.5372486288848264,-0.3250614250614251,-0.44190040068689174
2025-08-13,-0.3077080580919741,-0.4489622472714261,0.14921568627450976,-0.09948293691830412,0.2097197898423817,0.2425084342131374,-0.8134574593448032,-0.5190549852341442,-0.32481572481572485,-0.4367487120778477
2025-08-14,-0.3043247222398269,-0.4505278225084989,0.1690196078431372,-0.09451913133402279,0.21103327495621715,0.24667592776344516,-0.8166391703983031,-0.5079981718464351,-0.3316953316953317,-0.4430452203777905
2025-08-15,-0.3067184079796025,-0.4493648237609591,0.1725490196078432,-0.10444674250258545,0.2097197898423817,0.258186148045247,-0.8095687013905255,-0.5066270566727604,-0.33267813267813273,-0.4359854989505819
2025-08-18,-0.30358857856018096,-0.4464573268921095,0.16352941176470592,-0.10010341261633926,0.2101576182136602,0.2518356816828735,-0.8078010841385812,-0.5025312895513993,-0.3316953316953317,-0.42720854798702534
2025-08-19,-0.2989572110392301,-0.4435050993022007,0.14117647058823546,-0.10237849017580147,0.2097197898423817,0.22425084342131374,-0.8118076832429885,-0.5116720573758965,-0.33144963144963147,-0.4302614004960885
2025-08-20,-0.29310706259171326,-0.4373769905170871,0.1607843137254903,-0.10134436401240943,0.2123467600700526,0.2472712839849176,-0.8090973367900071,-0.5092110814231472,-0.32530712530712536,-0.42396489219614575
2025-08-21,-0.2939602092403095,-0.4388531043120415,0.1690196078431372,-0.10093071354705274,0.21935201401050786,0.2698948204008733,-0.8090973367900071,-0.5095626494163972,-0.3208845208845209,-0.4212936462507155
2025-08-22,-0.28630626502147494,-0.43733225979602786,0.18627450980392157,-0.10527404343329894,0.22022767075306482,0.28954157570946615,-0.8053264199858591,-0.49518351849247644,-0.31965601965601964,-0.40679259683266544
2025-08-25,-0.2734456886843504,-0.41881374127750937,0.196078431372549,-0.09265770423991737,0.24124343257443082,0.3149434411589602,-0.8023803912326184,-0.4897342145971031,-0.3078624078624078,-0.40507536729631743
2025-08-26,-0.2776967965562127,-0.41966362497763465,0.18666666666666676,-0.0998965873836608,0.2394921190893169,0.2958920420718396,-0.8014376620315814,-0.4911053297707777,-0.303931203931204,-0.403167334478153
2025-08-27,-0.29408208733296604,-0.43361960994811233,0.15078431372549006,-0.11065149948293695,0.22416812609457093,0.25124032546140107,-0.8049728965354702,-0.5107931373927717,-0.3167076167076168,-0.4113718755962602
2025-08-28,-0.2950083608371563,-0.4387636428699231,0.1537254901960785,-0.11106514994829375,0.22022767075306482,0.2508434213137527,-0.800966297431063,-0.5123576149627338,-0.31965601965601964,-0.40507536729631743
2025-08-29,-0.2784816914729211,-0.42060297011987835,0.1741176470588235,-0.11292657704239917,0.22985989492119097,0.31434808493748756,-0.7976667452274334,-0.4617845591337364,-0.29803439803439813,-0.40526617057813386
2025-09-01,-0.2803829897183642,-0.4235551977097871,0.14725490196078428,-0.13174767321613245,0.2167250437828372,0.3564199245882118,-0.7987273155786001,-0.4656166502601603,-0.3054054054054055,-0.4056477771417668
2025-09-02,-0.27297280168484284,-0.42494185006262297,0.1501960784313725,-0.10155118924508799,0.23511383537653252,0.36673943242706897,-0.8027339146830073,-0.46760300942202215,-0.30565110565110565,-0.4153787445144056
2025-09-03,-0.2782135596690767,-0.43361960994811233,0.13294117647058834,-0.11271975180972083,0.22416812609457093,0.4284580273863863,-0.7975489040773038,-0.45682745042891293,-0.3142506142506143,-0.4294981873688227
2025-09-04,-0.2820600322733189,-0.43858471998568616,0.12745098039215685,-0.10961737331954502,0.23598949211908926,0.36237348680293713,-0.7949563987744521,-0.4655639150611729,-0.3081081081081082,-0.4409463842778095
2025-09-05,-0.27701915436104196,-0.43276972624798715,0.1352941176470588,-0.11561530506721829,0.228984238178634,0.43818217900377054,-0.7867075182653782,-0.42850864857263393,-0.3076167076167077,-0.43484067925968317
2025-09-08,-0.2681318038445225,-0.42257112184648415,0.13137254901960782,-0.12244053774560504,0.23248686514886163,0.4350069458225838,-0.7880037709168042,-0.428051610181409,-0.3068796068796069,-0.4212936462507155
2025-09-09,-0.266293882207261,-0.4238683127572016,0.13725490196078427,-0.11416752843846956,0.22635726795096334,0.41079579281603507,-0.7924817346217299,-0.43749121080016873,-0.2982800982800984,-0.42415569547796217
2025-09-10,-0.25800129678290584,-0.42717838611558423,0.13470588235294123,-0.11065149948293695,0.22635726795096334,0.3955149831315736,-0.7973132217770446,-0.4444522570665166,-0.30147420147420156,-0.4237740889143293
2025-09-11,-0.2572749033506725,-0.4251207729468599,0.15078431372549006,-0.10444674250258545,0.22591943957968486,0.3552292121452669,-0.7963704925760076,-0.4330087188862326,-0.29434889434889444,-0.4106086624689944
2025-09-12,-0.26093124613037055,-0.4310699588477367,0.13098039215686264,-0.12016546018614271,0.22285464098073549,0.36951776146060733,-0.7982559509780816,-0.42870201096892135,-0.3058968058968059,-0.41327990841442463
2025-09-15,-0.26137000726393433,-0.43348541778493466,0.12411764705882344,-0.12678386763185112,0.21716287215411567,0.37130383012502466,-0.797784586377563,-0.3764941639713121,-0.3063882063882064,-0.41824079374165235
2025-09-16,-0.2687411943078055,-0.4372875290749687,0.11019607843137247,-0.13650465356773533,0.2140980735551663,0.3722960904941457,-0.799080839028989,-0.3787441991281113,-0.3100737100737102,-0.41099026903262725
2025-09-17,-0.2721440306547779,-0.4365718375380212,0.10921568627450973,-0.136297828335057,0.21278458844133108,0.39174439372891445,-0.7961348102757483,-0.33711854872732383,-0.3100737100737102,-0.41327990841442463
2025-09-18,-0.284351340415263,-0.4456074431919843,0.08392156862745104,-0.15553257497414685,0.19570928196147097,0.41079579281603507,-0.8017911854819703,-0.355066094782731,-0.317936117936118,-0.41003625262354504
2025-09-19,-0.2843464652915567,-0.4449812130971551,0.08039215686274503,-0.15201654601861425,0.19089316987740812,0.38221869418535426,-0.8008484562809333,-0.3522535508367318,-0.3194103194103195,-0.41404312154169043
2025-09-22,-0.2914738961501149,-0.4520486670245124,0.08137254901960778,-0.15367114788004133,0.1873905429071805,0.4100019845207381,-0.8043836907848221,-0.3495113204893826,-0.3230958230958231,-0.41976721999618394
2025-09-23,-0.2943648445079293,-0.4534353193773484,0.07882352941176474,-0.14064115822130308,0.19614711033274967,0.38321095455447507,-0.8080367664388405,-0.35285121642525663,-0.3272727272727274,-0.4220568593779813
2025-09-24,-0.29700716155672446,-0.45263016639828235,0.08411764705882341,-0.14539813857290596,0.1930823117338003,0.3913474895812661,-0.7949563987744521,-0.3321438616228378,-0.3265356265356266,-0.4090822362144628
2025-09-25,-0.29846969866860373,-0.4564322776883164,0.08019607843137266,-0.1557394002068253,0.19483362521891423,0.4342131375272871,-0.7907141173697855,-0.3094325692588946,-0.33734643734643743,-0.4039305476054188
2025-09-26,-0.3004197481511094,-0.4624709250313115,0.0827450980392157,-0.1561530506721821,0.20271453590192645,0.39075213335979364,-0.7937779872731558,-0.3313176768387006,-0.3302211302211302,-0.41499713795077275
2025-09-29,-0.28781267824671053,-0.4546430488459474,0.09823529411764698,-0.15863495346432266,0.1952714535901927,0.3732883508632665,-0.7928352580721187,-0.301487132611447,-0.33194103194103197,-0.40431215416905164
2025-09-30,-0.296037011939178,-0.4566112005725532,0.08058823529411763,-0.16421923474663913,0.1930823117338003,0.41992458821194667,-0.7878859297666745,-0.29334833356771195,-0.3297297297297298,-0.39858805571455824
2025-10-09,-0.2995519761313944,-0.45804258364644845,0.0792156862745097,-0.1658738366080662,0.21190893169877412,0.41198650525897995,-0.7775159085552675,-0.27947897623400364,-0.32113022113022116,-0.34802518603319965
2025-10-10,-0.3028573100042413,-0.459966004651995,0.08901960784313734,-0.168976215098242,0.2140980735551663,0.3534431434808494,-0.7831722837614895,-0.32859302489101394,-0.31818181818181823,-0.35298607136042737
2025-10-13,-0.30812244360700647,-0.4639023081052067,0.08039215686274503,-0.17042399172699074,0.2167250437828372,0.32923199047430063,-0.7863539948149894,-0.34168893263957245,-0.3230958230958231,-0.36348025186033195
2025-10-14,-0.2926097999736743,-0.45397208803005906,0.10745098039215684,-0.14663908996897623,0.22548161120840615,0.2754514784679498,-0.7728022625500824,-0.37069329208268875,-0.31965601965601964,-0.3655790879603129
2025-10-15,-0.2872569141441964,-0.45397208803005906,0.1335294117647059,-0.141675284384695,0.22285464098073549,0.3177217701924986,-0.767617251944379,-0.3508297004640697,-0.32063882063882077,-0.36328944857851553
2025-10-16,-0.2760880057331454,-0.45097512971909115,0.13764705882352946,-0.13278179937952428,0.2329246935201401,0.32645366144076204,-0.7613716709875088,-0.3522359724370693,-0.3167076167076168,-0.36271703873306615
2025-10-17,-0.2906695007385812,-0.45844516013598147,0.1231372549019607,-0.13981385729058937,0.2307355516637477,0.29192300059535614,-0.7678529342446383,-0.3704471944874139,-0.32800982800982803,-0.36920435031482535
2025-10-20,-0.2892410894926458,-0.46117373412059404,0.1352941176470588,-0.14332988624612197,0.22810858143607704,0.2925183568168286,-0.7753947678529343,-0.3557516523695683,-0.3250614250614251,-0.3825605800419767
2025-10-21,-0.2871301609278335,-0.4609053497942387,0.13882352941176457,-0.13174767321613245,0.22197898423817874,0.30978368723953165,-0.7759839736035823,-0.33922795668682326,-0.3265356265356266,-0.3783629078420149
2025-10-22,-0.2888657049672635,-0.4627840400787261,0.14137254901960783,-0.13236814891416748,0.22767075306479856,0.2950982337765431,-0.7788121612066934,-0.34457179018422157,-0.33046683046683056,-0.3613814157603511
2025-10-23,-0.28434159016785054,-0.4572821613884416,0.1519607843137254,-0.12637021716649433,0.23598949211908926,0.2927168088906529,-0.7756304501531935,-0.33826114470538604,-0.3275184275184275,-0.3621446288876168
2025-10-24,-0.29310706259171326,-0.4619341563786008,0.13490196078431382,-0.13236814891416748,0.23423817863397556,0.2998610835483231,-0.777987273155786,-0.3218780762199409,-0.3297297297297298,-0.3648158748330471
2025-10-27,-0.2977823062260204,-0.4619341563786008,0.13235294117647056,-0.13981385729058937,0.23905429071803863,0.32982734669577307,-0.7753947678529343,-0.32115736183377863,-0.3265356265356266,-0.3531768746422438
2025-10-28,-0.2955446244448453,-0.4627840400787261,0.13254901960784315,-0.13960703205791103,0.2460595446584939,0.2625520936693788,-0.7772802262550083,-0.3206300098439038,-0.32997542997543006,-0.37073077656935705
2025-10-29,-0.30193103650005115,-0.4684648416532474,0.15588235294117658,-0.15677352637021713,0.23861646234676015,0.27049017662234554,-0.7550082488805091,-0.29686401350021097,-0.3321867321867322,-0.36367105514214837
2025-10-30,-0.3044466003324834,-0.4700751476113795,0.1499999999999999,-0.1478800413650465,0.24649737302977237,0.24786664020639027,-0.746523686071176,-0.29986991984249745,-0.3277641277641278,-0.3661514978057623
2025-10-31,-0.30285243488053515,-0.4677491501162999,0.13392156862745086,-0.15429162357807658,0.23029772329246945,0.27307005358206005,-0.751237332076361,-0.31660455632119255,-0.3265356265356266,-0.3728296126693379
2025-11-03,-0.3004197481511094,-0.46779388083735907,0.1433333333333333,-0.13567735263702174,0.2394921190893169,0.258186148045247,-0.7435776573179353,-0.319962030656729,-0.3255528255528256,-0.3779813012783819
2025-11-04,-0.3033448223748678,-0.47593487207013774,0.15568627450980377,-0.11044467425025861,0.2521891418563924,0.22881524111926965,-0.74840914447325,-0.3338665447897624,-0.3348894348894349,-0.3934363671055142
2025-11-05,-0.30769343272085536,-0.4803184827339416,0.1435294117647059,-0.1147880041365047,0.24430823117338019,0.2296090494145664,-0.7425170869667688,-0.31672760511883,-0.33046683046683056,-0.3989696622781912
2025-11-06,-0.3003563715429278,-0.4803632134550009,0.15490196078431362,-0.12430196483971045,0.24781085814360782,0.23873784481047822,-0.7434598161678059,-0.30621572212065806,-0.3312039312039313,-0.3932455638236977
2025-11-07,-0.3012338938100555,-0.477768831633566,0.15470588235294125,-0.12078593588417796,0.24868651488616456,0.22206787060924782,-0.7356823002592505,-0.305002812543946,-0.32948402948402955,-0.4014501049418049
2025-11-10,-0.2871106604330085,-0.4596528896045804,0.16274509803921555,-0.11644260599793177,0.24912434325744304,0.2270291724548521,-0.7313221777044544,-0.32409295457741527,-0.3054054054054055,-0.39305476054188127
2025-11-11,-0.28872432637978185,-0.4597423510466989,0.1607843137254903,-0.11147880041365044,0.25306479859894937,0.21174836277039089,-0.7355644591091208,-0.32217690901420326,-0.3034398034398035,-0.3947719900782293
2025-11-12,-0.28572125017672323,-0.4615315798890678,0.1770588235294117,-0.11209927611168569,0.25262697022767067,0.23238737844810475,-0.7550082488805091,-0.32080579384052876,-0.3002457002457003,-0.40030528525090625
2025-11-13,-0.28317156047834713,-0.4578636607622115,0.19372549019607854,-0.10630816959669076,0.24518388791593693,0.26136138122643393,-0.7489983502238982,-0.26944171002671913,-0.2977886977886979,-0.39534439992367865
2025-11-14,-0.2898894809455791,-0.46229200214707467,0.1892156862745098,-0.10548086866597728,0.24080560420315233,0.2482635443540384,-0.7421635635163799,-0.2896217128392631,-0.3034398034398035,-0.40259492463270363
2025-11-17,-0.2828693028085588,-0.4625603864734299,0.17313725490196075,-0.1178903826266805,0.2329246935201401,0.22643381623337966,-0.7444025453688428,-0.3130712979890311,-0.29803439803439813,-0.4188132035871016
2025-11-18,-0.2804317409554268,-0.4616210413311863,0.1690196078431372,-0.11313340227507751,0.23248686514886163,0.2260369120857313,-0.7507659674758426,-0.323231612993953,-0.27469287469287473,-0.4136615149780576
2025-11-19,-0.28286442768485254,-0.4637233852209698,0.1837254901960783,-0.10610134436401242,0.23598949211908926,0.2127406231395117,-0.7501767617251944,-0.31250878919983116,-0.2732186732186733,-0.4195764167143674
2025-11-20,-0.2847657259302956,-0.46211307926283773,0.18039215686274512,-0.10589451913133408,0.23204903677758315,0.20321492359595172,-0.7631392882394532,-0.3330930952046126,-0.2776412776412778,-0.42320167906887995
2025-11-21,-0.285014357239315,-0.4646627303632135,0.1550980392156862,-0.11065149948293695,0.2329246935201401,0.18078983925382008,-0.777987273155786,-0.3495992124876951,-0.28501228501228504,-0.4310246136233543
2025-11-24,-0.2921320378504605,-0.4698514940060834,0.1450980392156862,-0.11830403309203719,0.23423817863397556,0.20381027981742394,-0.778930002356823,-0.3486324005062579,-0.28968058968058974,-0.4302614004960885
2025-11-25,-0.29571525377456453,-0.46989622472714254,0.16607843137254896,-0.10548086866597728,0.2272329246935203,0.208176225441556,-0.7763374970539713,-0.3454507101673463,-0.28353808353808363,-0.4277809578324747
2025-11-26,-0.29352144810674563,-0.47101449275362317,0.172156862745098,-0.10548086866597728,0.22329246935201397,0.2375471323675331,-0.7783407966061748,-0.34464210378287163,-0.2830466830466831,-0.4294981873688227
2025-11-27,-0.2944233459924046,-0.4724458758275184,0.16352941176470592,-0.10672182006204767,0.22985989492119097,0.23218892637428068,-0.7810511430591562,-0.3474898045281958,-0.2862407862407863,-0.4327418431597023
2025-11-28,-0.2928633064064,-0.4728484523170514,0.15666666666666673,-0.11168562564632878,0.2250437828371279,0.23199047430045638,-0.7811689842092859,-0.3439741245956969,-0.27813267813267817,-0.42720854798702534
2025-12-01,-0.29408208733296604,-0.47374306673823585,0.14960784313725495,-0.10155118924508799,0.228984238178634,0.22921214526691802,-0.7790478435069527,-0.3268000281254394,-0.276904176904177,-0.41652356420530434
2025-12-02,-0.29991761040936415,-0.478573984612632,0.15294117647058814,-0.10279214064115816,0.2373029772329247,0.212939075213336,-0.7842328541126562,-0.33188018562790045,-0.27886977886977893,-0.417668383896203
2025-12-03,-0.3032960711378052,-0.48291286455537663,0.14411764705882346,-0.11044467425025861,0.2377408056042032,0.20996229410597333,-0.7876502474664153,-0.33891154549289837,-0.28083538083538084,-0.421102842968899
2025-12-04,-0.3057921344754123,-0.4880568974771873,0.14803921568627443,-0.10610134436401242,0.23642732049036774,0.21551895217305028,-0.7889465001178412,-0.32613204893826464,-0.2877149877149878,-0.4209120396870826
2025-12-05,-0.30285243488053515,-0.485775630703167,0.21549019607843145,-0.10134436401240943,0.228984238178634,0.22286167890454456,-0.7876502474664153,-0.3160420475319927,-0.2894348894348895,-0.42625453157794313
2025-12-08,-0.3086002057302204,-0.4933351225621757,0.2431372549019608,-0.10692864529472601,0.22022767075306482,0.23953165310577496,-0.7869432005656376,-0.31004781324708197,-0.2914004914004914,-0.419385613432551
2025-12-09,-0.3169902936287008,-0.5040257648953301,0.22450980392156872,-0.10982419855222336,0.2246059544658494,0.2518356816828735,-0.785529106764082,-0.3186788074813669,-0.29336609336609343,-0.4277809578324747
2025-12-10,-0.3161176464852796,-0.5007156915369475,0.22647058823529398,-0.13753877973112716,0.22110332749562178,0.25778924389759883,-0.785529106764082,-0.3278371537055267,-0.2982800982800984,-0.4275901545506582
2025-12-11,-0.3116374077992229,-0.4994632313472893,0.22607843137254902,-0.13795243019648395,0.21978984238178634,0.258186148045247,-0.78930002356823,-0.3162178315286176,-0.30245700245700247,-0.4390383514596451
2025-12-12,-0.30741555066959825,-0.500805152979066,0.2531372549019608,-0.13671147880041368,0.22767075306479856,0.255804723159357,-0.7856469479142116,-0.31127830122345657,-0.29484029484029495,-0.43464987597786675
2025-12-15,-0.304807359486747,-0.497003041689032,0.3152941176470587,-0.1354705274043434,0.22767075306479856,0.21809882913276457,-0.7878859297666745,-0.32235269301082825,-0.29164619164619177,-0.4462888761686701
2025-12-16,-0.30675740896925263,-0.49454285203077475,0.3137254901960784,-0.13753877973112716,0.2246059544658494,0.17384401666997418,-0.7942493518736743,-0.334815778371537,-0.2886977886977887,-0.45258538446861285
2025-12-17,-0.30134602165529956,-0.49275362318840576,0.334313725490196,-0.1412616339193381,0.22241681260945723,0.19666600515975374,-0.7904784350695262,-0.32600900014062717,-0.29115479115479115,-0.44533485975958786
2025-12-18,-0.30236979763361493,-0.5060386473429952,0.3431372549019607,-0.12368148914167532,0.22942206654991226,0.19071244294502887,-0.7914211642705633,-0.3460835325551962,-0.28820638820638833,-0.4462888761686701
2025-12-19,-0.3126075574167695,-0.5055913401324029,0.3480392156862746,-0.131540847983454,0.21935201401050786,0.20758086922008334,-0.7869432005656376,-0.3425678526226972,-0.2830466830466831,-0.4430452203777905
2025-12-22,-0.31345582894165935,-0.5064859545535874,0.34392156862745105,-0.13609100310237843,0.2057793345008756,0.2091684858106766,-0.7865896771152486,-0.3463647869497961,-0.28501228501228504,-0.4438084335050563
2025-12-23,-0.31365083388991,-0.5092145285382,0.36254901960784314,-0.1331954498448812,0.21366024518388782,0.22643381623337966,-0.7876502474664153,-0.3353607087610744,-0.28918918918918923,-0.4439992367868727
2025-12-24,-0.3170439199894697,-0.5111826802648058,0.35352941176470587,-0.13485005170630826,0.2101576182136602,0.2151220480254017,-0.7863539948149894,-0.339755308676698,-0.2904176904176905,-0.44037397443236026
2025-12-25,-0.31057463083125736,-0.5052782250849883,0.388235294117647,-0.13588417786970008,0.2101576182136602,0.21849573328041272,-0.7847042187131746,-0.3443081141892842,-0.2825552825552826,-0.43464987597786675
2025-12-26,-0.3105941313260824,-0.5089461442118447,0.3952941176470588,-0.13753877973112716,0.2101576182136602,0.21174836277039089,-0.7758661324534528,-0.3418119814372099,-0.28501228501228504,-0.4310246136233543
2025-12-29,-0.3165076563817807,-0.5166398282340312,0.3701960784313725,-0.13402275077559467,0.20490367775831864,0.2008334987100615,-0.7796370492576008,-0.35081212206440726,-0.29066339066339064,-0.4352222858233161
2025-12-30,-0.3224943082930729,-0.5197709787081768,0.3490196078431371,-0.12554291623578073,0.19614711033274967,0.19428458027386375,-0.782700919160971,-0.3510054844606947,-0.2950859950859951,-0.43045220377790494
2025-12-31,-0.32860771342072803,-0.5261227410985865,0.3411764705882354,-0.12926577042399168,0.19045534150612964,0.1821790037705895,-0.785529106764082,-0.35441569399521866,-0.29729729729729726,-0.43064300705972136
