Date,600519.SS,000858.SZ,601318.SS,600036.SS,600900.SS,600276.SS,601012.SS,300750.SZ,600887.SS,002415.SZ
2022-01-05,-0.013363861797064835,0.0008495227534668359,0.020763334450482063,0.014373964112068816,-0.002191541530216501,0.010463030996699096,-0.04076798545162852,-0.038307053884606646,0.02427303635620648,-0.020822036241863184
2022-01-06,-0.02085832268643717,-0.019268244964189662,-0.014898214998083859,-0.018519047767237673,-0.03482494771922262,-0.016035184717572815,-0.011356744699567045,-0.0110747984463897,-0.042121799732502296,-0.026852551216097975
2022-01-07,-0.020499058869648756,-0.008326899922859177,0.031468444622231306,0.018519047767237673,0.006791966340712552,0.015249330060233657,-0.0034821574794978716,-0.00290372602002531,0.003744855206571529,-0.0020032057980823303
2022-01-10,0.012282651855841209,-0.01248224796067987,0.0026410126650513455,0.00366300775873718,0.010772096981911172,0.004705891037412702,-0.0071263663473164485,-0.002782158893722908,0.022179322175269522,0.008187764164015565
2022-01-11,-0.013029583675090883,-0.007471084433476882,-0.004153300287863537,0.012515302637738035,0.004454350349380132,-0.01855926913100303,-0.021817202241718014,-0.0031624991477352538,-0.029934207818044456,-0.011602450619463855
2022-01-12,0.013538101357037924,0.021147143087388187,-0.0068337395785649235,-0.001807047976923215,-0.010274827941097797,-0.011827340437233769,0.028071131318017528,0.051457245917883476,0.002508152807212838,-0.009095565484485313
2022-01-13,-0.04662702501574678,-0.04227235439862742,-0.0038167985267008042,-0.008476337329713424,0.00403316701762213,-0.04348063075957542,-0.01191610211507843,-7.079395422504575e-05,-0.023315805313616877,-0.02321147651161981
2022-01-14,-0.005549649831589676,-0.008171158177192162,-0.02321187386121837,-0.027117520308103327,0.0040169659013646886,-0.017635642448114552,0.0,0.02170953608239312,-0.0035962021803523925,0.0037336695520489016
2022-01-17,-0.0028911598448191356,0.00788389815702395,-0.003136027658348084,0.011594332780918926,0.007543856499711232,-0.005157974040268076,0.021965191085009828,0.049746376323535735,0.007690373713015841,0.014388737452099676
2022-01-18,0.0163354618644469,0.0126093075023066,0.0056768283998001046,0.008812435347429926,0.010554187678689875,-0.004318728370909408,-0.018689803929007986,-0.033597597283543834,0.006617484062264367,0.034697153467972086
2022-01-19,0.010372648049996158,-0.003267899377450867,0.004285164328947655,0.013980574181126748,0.003929278139889636,-0.010441687212211281,-0.012656794703228336,-0.02906522945377521,-0.002794362290805097,-0.011299555253933224
2022-01-20,0.02964004360969419,0.01141467985512179,0.03720028368609052,0.03304941137659334,0.0056485051333448055,-0.0008750820947835969,-0.003956357658898568,-0.001509937782487647,0.018899390803903238,-0.008207432720063412
2022-01-21,0.007824018104185093,0.018770296483276105,0.002805050927608743,0.008721830654787599,-0.004342169219289094,-0.016551188817996998,-0.02853630726493428,0.0006323444379967569,0.0,-0.005239834640807128
2022-01-24,-0.017681944924206938,-0.010131236472714633,-0.007874056430905885,0.0005787595415722713,-0.0056731550803958974,-0.03740660530329398,0.007080139711225009,0.01999232152926922,-0.016612513933784268,-0.01015443331331145
2022-01-25,-0.0036987610235783563,-0.031696203655899424,-0.03700220841738977,-0.018492011119059182,-0.018106036685717974,-0.01091637829235248,-0.027685720867538066,-0.02684643041746604,-0.018960342523703044,-0.015220367865488527
2022-01-26,0.006157023042026033,-0.011148495092164978,0.01222960015615282,0.0019627091678486863,0.005776510174948513,-0.017195100379057582,0.037695554202365145,0.03798913143595062,0.005674505812053532,0.020107365985114534
2022-01-27,0.005102051883895342,-0.012944374170366757,-0.020269647388461376,-0.0045200037650228175,-0.008453887945665262,-0.024045399887160812,-0.037964226960563785,-0.021523596676542134,-0.01974090080623725,-0.020521959689228986
2022-01-28,-0.04050397893481161,-0.02499010029661175,-0.016276659457040044,-0.031208774081416202,-0.020768240803964222,-0.0034129725962399604,-0.05979364915294294,0.030166985797692725,-0.0013125083915950242,-0.01609398307326293
2022-02-07,-0.010141340085261241,-0.01401038145550082,0.039436203857230456,0.042568081496680676,0.021214968530848477,0.004629073925732641,0.04340317047321385,-0.02245751525239381,0.017962216628159222,-0.03320429274648662
2022-02-08,-0.015624980678968114,-0.0291499297018607,0.019432884338777878,0.00698625003356268,0.03639954565908221,0.013999745907760541,-0.018748826006717678,-0.06890165456688901,-0.002842011989134363,0.00716226610299131
2022-02-09,0.03051390963180367,0.030988541047186402,0.0007544323254848884,-0.0017419921176622388,0.0047261097635931115,0.006927055048719044,-0.009507901603325486,0.01165390098815866,0.032581146041698705,0.01587675486664475
2022-02-10,-0.012194431792035942,-0.015115191890896718,0.021265490779342144,0.0017419921176622388,0.01910480522929703,-0.010528931916744533,-0.038378134813867426,-0.054646092487598,0.0020015017940138158,0.00021283388395731961
2022-02-11,-0.012372000719418352,0.006351522733913484,0.02569149230842882,0.02010214144098388,-0.0016835020811138968,-0.007485245621440484,-0.05014144169732582,-0.05578329108758506,-0.004509025675590639,-0.021293416625629114
2022-02-14,0.010057525133430723,0.019068590419013987,-0.030872851050426586,-0.03001379580365171,-0.01485280858543403,-0.03728366654276494,0.0027590452818051503,0.03609646484532458,0.004259056920383308,-0.004357305368956066
2022-02-15,0.01167786972950946,0.008999331744750094,-0.011569451682817533,-0.019326178316023235,-0.01247596306833998,0.03582841525514002,0.04840377244361438,0.03671910096288045,-0.0030045090202985847,0.008912133762036145
2022-02-16,0.0010203084542492746,-0.001953859492853205,0.010455659104338544,0.016783886930113567,-0.00043299416134390256,-0.015409379137124812,-0.00731853383641301,0.007184753916689601,0.010228354109618198,-0.0047722433303425404
2022-02-17,-0.0029421591044149764,-0.009928266004576969,-0.0035352162597646064,0.0076075661940455674,0.006475308617306386,0.0009854644798505952,0.020790165110885717,0.007881444437954244,0.0034687844494234454,0.002172025180584569
2022-02-18,0.010548359662974072,0.007870084007469025,0.01571923259249086,0.011592092712821245,-0.0004303852013922693,0.008581639033045985,-0.013763346562423173,-0.014117881545784527,0.0032102756302485602,0.008856305860893254
2022-02-21,-0.015861896678607934,0.0010045204260054064,-0.006258073065179115,-0.005779249373774498,-0.007778777339660259,-0.0007326902269411129,-0.0036536394315787035,-0.03373813963185057,0.011033580121039943,0.024849956623423708
2022-02-22,-0.03752007320967632,-0.029548762131303974,-0.020330831764215684,-0.010487569421265608,-0.009152384654848245,-0.020237610722349864,0.011500235923959323,-0.011834457647002417,-0.012760909359898154,-0.01777824602128364
2022-02-23,0.010531394104642544,0.01437396411206926,-0.003397511761915162,-0.0076433493125680485,-0.0017528488274143328,0.019504383266794267,0.04125611651535177,0.029327615094519643,-0.006193504252586024,0.04325337328537593
2022-02-24,-0.035034436917593226,-0.03902909033164015,-0.027409478224290407,-0.01606380600933832,-0.0061592803605350355,-0.03028278063208356,0.014478019180653057,-0.0220131612125396,-0.018054652911816405,-0.018784740610672035
2022-02-25,0.019617992357334302,0.009441745378984123,-0.0011666343924785494,-0.004207158364280872,0.003963889797099274,0.010778397365289294,0.020460032180626975,0.04071956658412734,-0.000506200972591131,0.00540317191484041
2022-02-28,-0.004825247698857282,-0.002523130018120767,-0.012529529614932589,-0.0002007830545847078,0.018724692514646257,-0.0007482230053521555,0.0408649120542206,0.00858632977232876,0.000506200972591131,-0.0010368067284400873
2022-03-01,0.03731989075504849,0.016650088443976863,0.01233495815795127,0.008796538129336007,0.0038751394025946517,0.02415695481417801,0.030182357011168115,0.005273307281303374,-0.000506200972591131,-0.01420834600216514
2022-03-02,-0.007344714603722657,-0.020869503986685523,-0.01233495815795127,-0.01544509692032614,0.012809739633839357,-0.011020069892580864,0.0,-0.04255799264157112,-0.006604037209913649,-0.006756782462880029
2022-03-03,-0.024627569824730244,-0.0384134281019044,0.003147130843018875,0.0052419474870299965,0.015993606908884406,-0.01139190130543577,-0.019680211304001993,-0.0016555811461502756,0.0022909517465556917,-0.00829703727953035
2022-03-04,-0.010892441166423517,-0.031807167433600014,-0.01623476559838677,-0.020929342638102977,0.0,-0.009258166966944703,-0.008829796954375801,-0.042204555696912394,0.0005083884196941391,-0.02246800064642862
2022-03-07,-0.04215677992339195,-0.06059627272572943,-0.024652693227479094,-0.040650893484676764,-0.005442759929770169,-0.05769089521568249,-0.012936791030719874,-0.0779961646255174,-0.04682259665326871,-0.04171453458442498
2022-03-08,0.026705245750213713,0.001504891179419765,-0.02927038230011325,-0.027755467721532145,-0.026373285254889467,-0.023441730821879503,0.012165285270450354,0.001230309709861821,-0.023441730821879503,-0.006857169726136814
2022-03-09,0.014709894441233828,-0.020478946173805745,-0.011653908777951916,-0.024258450036391377,-0.00952800625165473,-0.017602214648126946,0.005260131443408866,0.0388026114555684,-0.0013640705975408451,-0.013624503559344081
2022-03-10,0.00853483876069383,0.05535245642237552,-0.00021315144490818838,0.006959282773579378,-0.01181891630314258,0.0036006132238695088,0.04491342126864595,0.035968534880929326,0.00327064886812245,0.022756987122616312
2022-03-11,-0.014267354691525291,-0.0022098171355988683,0.0048910251676184124,-0.005608539659609502,-0.004855449839226811,0.03930577790887746,-0.015162077824242282,0.005567083336580403,0.04131167052775453,0.028675799976666472
2022-03-14,-0.03979181701074985,-0.03254339959664598,-0.02861948960933436,-0.05313027751204924,-0.004434597067866086,-0.00586511945239776,-0.010362787035546717,-0.06389711677766297,-0.027529531013157804,-0.05213054268056316
2022-03-15,-0.05875137743475456,-0.056412209808711644,-0.07147513396096272,-0.06620063715598112,-0.06187540371808753,-0.03454715926093721,-0.029031832680661118,0.000431872172551806,-0.05120854503371364,-0.04132623206560515
2022-03-16,0.04390644045780334,0.047531854231794846,0.03773164399741891,0.07635061217344985,0.056527797391492385,0.016742534627430583,0.04546237407675768,0.08263003123848733,0.047444087778270916,0.017069773764456286
2022-03-17,0.026628182239958775,0.02065891391907293,0.02695340802179791,0.04432922356242974,-0.021681066061324028,0.018339241058964006,-0.003462778627085328,0.04165647033907849,0.002152853361101492,0.04498020249381396
2022-03-18,-0.007211359337543577,-0.0020229673109488644,0.05202928721463529,0.03661635349113457,-0.005494519317640556,0.0021356121304214604,-0.0004956629593424466,-0.02705479023163182,0.016000341346440905,-0.011690677559754725
2022-03-21,-0.002045667738579837,-0.013129291441793534,-0.018743309581168432,-0.029898907720845802,-0.0059866630563156775,-0.005347606326595589,0.02339789473661469,0.01843817397075309,-0.021391189981317726,-0.022619595609362442
2022-03-22,-0.0054717284166407865,-0.0085452475984793,0.01602733590703842,0.015940120548639136,0.01785352983621502,-0.009698351878675737,-0.025755654716983933,-0.013552966404703604,0.0032379952737753293,0.00047158689862403236
2022-03-23,0.033183693290366634,0.00993225219291638,0.0020898649194593943,0.005038897724851665,-0.0068290727499422665,0.011305638589548028,0.00012423131887562278,0.004454003803944673,-0.008114732113067902,0.017062468392900598
2022-03-24,-0.01800159174731686,-0.02798838359018241,0.007280323368125341,0.00021850759400798836,-0.014726451133706409,0.00746670135653682,-0.02121729205895928,-0.0025065835195485775,-0.008728915216485778,-0.02772734018393752
2022-03-25,-0.018136313440480833,-0.026182628905810468,-0.012933012972225821,-0.012974343625693496,-0.012127014290539417,-0.034323055718281203,-0.037623207963974004,-0.023483713253524385,-0.020761991448429384,-0.021920665754711965
2022-03-28,-0.017429114945549884,-0.038851800994713415,0.004608303086194532,-0.002881526985510252,0.02043731142416716,-0.013006963504664348,-0.0006589786070430037,-0.030475429119051434,0.007801655619985137,-0.02615495747685115
2022-03-29,0.0037261897792246756,-0.013449833218415641,-0.013465383340768078,-0.0008882967495056349,0.0027548226788445263,0.000556947939765795,-0.02010854092543557,-0.00020535989393444254,-0.009201235974408473,0.0
2022-03-30,0.03715360653868238,0.050773652760945254,0.031073295530348766,0.026744250695292848,0.00411805660891762,0.040911077411944774,0.01402547535450438,0.06384511997723319,0.034144285985500566,0.029558802241544502
2022-03-31,-0.006436483906627544,-0.012115144497149899,-0.0051466917517690725,0.01225426492346715,0.0045558165358610125,-0.016164145041011935,-0.04337310807254102,-0.01299349222073154,-0.0013544631625097558,-0.004866189651172803
2022-04-01,0.03487625586502929,0.030736481049095765,0.010471299867295336,0.006389798098771049,0.009950330853167877,-0.0010869566287565746,0.005663389679680719,0.012800795428536738,0.012124626504992353,0.00510887864641818
2022-04-06,-0.00846829188048126,0.0006876934408746038,0.011776785857143146,0.006138234957124844,0.006280864075414616,-0.014514837875491349,-0.05667238709891009,-0.020895149107293065,-0.0037563768344752724,-0.0065733651175827745
2022-04-07,0.0,0.0027460542750832317,-0.02162908230015459,-0.011246802899847363,0.013768816232539116,-0.0259900055649247,0.003347161678433075,-0.0258139289894439,-0.01053921388817125,-0.018240584608167687
2022-04-08,0.010707343772557998,0.0008721655175332188,0.015554959555193815,0.006805640899879339,0.023109814152826758,-0.04014979693962051,-0.013603661845622561,-0.0004443457082663471,0.004066699382553551,-0.02010117932108768
2022-04-11,-0.0365337433324564,-0.04411216363391013,-0.03345346025753626,-0.027504956913029677,-0.011270166971039774,-0.03387106340604085,-0.031112291049456786,-0.075507552508145,-0.011976191046715545,-0.053165202943246115
2022-04-12,0.03541203822325567,0.06439208323918066,0.017692208798568032,-0.004366819166340186,0.004349724126465837,0.026178717782885386,0.01567713747675903,0.02792877552500972,0.025146654236460453,0.02484928282595833
2022-04-13,-0.007321913870969254,-0.009564757161110826,-0.013501087827105795,0.0010934938213709167,0.002167787538713384,-0.0008913980682359046,-0.0025458643477378473,-0.012793351459909452,0.006122739744933714,0.009614209432605492
2022-04-14,0.022359791235509796,0.055421651077775635,0.007707568622062677,0.00021855535001247262,0.006475308617306386,0.005336508365687109,0.005085263725651323,-0.01339402179656446,0.026710150327573956,0.023259834555213743
2022-04-15,-0.0016652885322541167,-0.009781317917448185,0.002280030006285294,0.02311367612390791,0.006861090379945534,0.007951742679377372,-0.009443223887477536,-0.019634742303094477,-0.0023282897595908736,0.008803980900710329
2022-04-18,-0.008435302365607633,-0.016138952406876683,-0.027283958948468356,-0.07629502338519112,-0.019418085857101808,-0.0038207247066650574,0.04130380614123563,0.0003104694766919991,-0.007278430883681519,0.044331980573924845
2022-04-19,-0.0002904119402060701,-0.01312560237042959,-0.01198644488036793,-0.03018125912192371,0.01040321476088657,-0.025348009883991995,-0.0014461318499998654,-0.024101878017493306,-0.004707121661997604,-0.005284662791421368
2022-04-20,0.0037354042263322285,0.005439723295818766,-0.011478198568559694,-0.0240396191861465,0.006875832847465624,0.03589292306060665,-0.03385165023102399,-0.07855227604259074,0.017667386013109798,0.0007222824438239961
2022-04-21,-0.00951647951560819,-0.02021500887797245,0.006729646585103666,0.004369999671117952,0.008104117717224302,-0.03408242166080022,-0.06525734230186409,0.005170883095257928,-0.010354739166823279,-0.017970371883742953
2022-04-22,-0.003929101193743456,0.0173779563004981,0.0051791224960284765,0.029125954757064143,0.00635191633856369,-0.0051382914924809064,-0.009311353195644578,0.015113393376980255,-0.0020838767634874245,-0.0002450680075982703
2022-04-25,-0.03734993172569201,-0.06512302769967793,-0.03526813883745783,-0.09031093218679542,-0.03304312632415529,-0.10536051565782634,-0.0909487369965234,-0.06269434540222196,-0.026957234886772596,-0.032381409503039915
2022-04-26,0.014230812637365808,0.022329476398088133,-0.028495822254503977,-0.010875301385762537,0.011711259420901676,-0.06827163092196864,0.009843637227311852,-0.03415792906459991,0.01436194898721066,0.00025313251622316457
2022-04-27,0.035406544698179054,0.018069202730395695,0.007314318323325075,-0.009679604680623566,-0.013457984755843366,0.011469659787629372,0.06975055766628557,0.07669084057197573,0.02940240421594309,0.049139622813353157
2022-04-28,0.0220840288046098,0.027259969345331037,-0.005709733451828569,0.04069580359321501,0.005665737535677451,0.013803085898025369,0.0521249223879634,-0.049220179226584726,-0.02439778426164274,-0.015297129660466702
2022-04-29,-0.003614152616393973,-0.022685282831083953,0.020404244497230994,0.007793879804725012,-0.012683310194324005,0.03556390674879584,0.051014531473602354,0.054854687029055604,0.010714854896200166,0.03887245655053473
2022-05-05,0.004703477342848927,-0.0036456925478276503,0.010270239859557773,-0.0169217322268147,0.015720847786948156,0.0067613509780439784,0.016345956474746792,-0.08498139243256286,0.0064775456441723556,-0.10538666594351964
2022-05-06,-0.02424361160999222,-0.028124892067421747,-0.021554494104389477,-0.034991259320071855,-0.015720847786948156,-0.01152164558434432,-0.030124972908612158,-2.6596098353870445e-05,-0.024841125684010645,-0.09426470140277221
2022-05-09,-0.023132202108795852,-0.014623144104414898,0.00656036738139143,-0.03872492470765421,-0.016866800211896127,-0.0013642566918137256,0.03373743258453299,-0.020121835662149756,0.0018516074593120102,0.002296212260350483
2022-05-10,0.00806669164938878,0.003547132157502908,0.0027020957670167434,0.013887221138389805,0.02213459114675498,0.0030669644078042957,-0.013212533404939997,0.02854394169775354,0.031476132102017385,-0.01240460158111123
2022-05-11,0.0010242800518627249,0.013937062313827298,0.005829612922151561,0.006200316399552541,-0.012778318839122171,0.01887484413063234,0.04263268979608004,0.07756256429679453,-0.00900327624995878,0.028049921417712564
2022-05-12,-0.0030192592618343284,0.0036122856859144292,-0.016454783526495653,-0.01625611522638648,-0.010700057504246185,0.002667557433780665,-0.022950433586911068,-0.015345947073573285,0.001807151647101879,-0.036503549957011217
2022-05-13,0.008794406155802292,-0.00723766730023101,-0.0009095043828404314,0.014642344031623455,0.04040953833787686,-0.0016663893207873315,-0.00028665615790401944,0.02759520580500663,-0.008288055731184851,-0.06282258592205547
2022-05-16,-0.011447311846434438,-0.011277833233523715,-0.013742772404029768,-0.007023259555184236,-0.010385208007227753,-0.018515930429070515,-0.025553074424617073,-0.018958721190045935,-0.02982931997251015,0.017918304544005004
2022-05-17,0.005672164952466474,0.006231350263284696,0.010552977035929612,0.04531176486220101,0.00043487715405943206,0.0010188487891031883,0.033406331034963266,0.03749369338349595,0.008006447893741164,-0.014495242231602035
2022-05-18,-0.0039671347013827685,-0.01010532205036263,-0.004345347031802227,-0.002594035177046372,-0.009611257910113746,-0.002719240288753255,0.006521145876623002,-0.008460528626685004,0.00238948739738154,0.03390155167568132
2022-05-19,-0.002843334301143585,-0.006880909979281036,-0.007823325681628912,-0.01228291935357051,0.021711664844201284,-0.004434597067865642,0.06031703310168446,0.0,-0.020901082405794025,-0.006628526830907422
2022-05-20,0.02475372522931707,0.05666251764221464,0.02328872375750901,0.04950363184018469,0.0008587377084174896,0.03328597763346686,0.019888702988065887,0.01867887384177891,0.020105220843690486,0.009627029827163902
2022-05-23,-0.010617216134718,-0.01888841492238491,-0.009523881511255716,-0.011831478481795,-0.01731645001146065,-0.0046403795565024275,-0.010224233775859126,-0.024183255335509024,-0.01335846741486435,0.0035863756312277673
2022-05-24,-0.011861195257464097,-0.018101760095842856,-0.017235862739132468,-0.015053224674157484,-0.00043677659571850214,-0.05076886469281128,-0.03308411293806568,-0.03581495227186782,-0.0021540126799082238,-0.04141883130311674
2022-05-25,-0.002554396057138142,0.005604753223602543,0.0020840577185303744,-0.0030896008098948435,0.013883086321869964,0.011122811926024934,0.007462214940789025,-0.007640295836274902,0.0010775863111702755,0.007743572842690227
2022-05-26,-0.0072663977317724004,-0.0014618491814228918,-0.0018522811501036074,-0.009066245237753012,0.0251023603910836,0.003795070968551695,0.01502577236578162,-0.022738910499657372,0.0061736875728328755,-0.013043663192028987
2022-05-27,0.007067005592289455,0.004632428882483275,0.008767938034769163,0.017795440589864153,-0.0033670065479043387,0.025162837299267604,0.0002662761299179195,0.011193242907872936,0.0058698140786939135,0.016739386523833222
2022-05-30,0.013159685830540724,0.050793010988741116,0.014142571485762812,-0.0012789360996374732,0.0008428150519970146,-0.0023533377813467204,0.015717156401534815,0.0185888296523542,0.0021259641278632557,0.014041744755230123
2022-05-31,0.01430334452993165,0.030928467926844228,0.0011318620336835394,0.01574435772799454,0.011725427470315797,0.02032387129965496,0.03717230751883793,0.015312722023327119,0.008722138022435821,0.01235141474216439
2022-06-01,-0.008785563207555747,-0.005792708044378259,-0.0006789634752171203,0.0,0.008704718176596682,-0.0112770680997194,-0.006333143397022845,0.04089258026431697,-0.03753791931906525,0.0014958865915830621
2022-06-02,-0.0012590055520487198,-0.0038805316804957357,-0.00385619169017426,-0.019591009477169408,-0.012876605746003023,-0.004680717338891416,0.016133447995315464,0.027315669762217,-0.012094704883344853,-0.013847301333747453
2022-06-06,0.0011191942970150137,0.01861794709347908,0.0058917007046424,0.0012838620328134986,0.008740950554509297,0.022860031411226167,-0.277151731789016,0.06468875023722997,0.0,0.05513555485138477
2022-06-07,0.016584311990556877,0.006800003151812284,-0.002488407572934559,0.009703855512794402,-0.019247456111048056,0.021387723872925424,0.00016494845398273839,-0.015113964607380126,0.00606563756600087,0.0008602151068077823
2022-06-08,0.025900728432157294,0.022768904120296973,0.009916691589416438,0.004563902445181789,0.004215857846209925,0.028446924502053772,-0.0069513686072832925,0.002176279422595684,0.019867301982529728,0.02267028230338619
2022-06-09,-0.006776769870813659,-0.0119728091985154,0.0006725703650012349,0.019043421894661794,-0.0025273812947883556,-0.036171455991160784,0.012707490083752937,-0.0643066639605534,-0.002158080146984709,-0.030438987754005886
2022-06-10,0.02536367849185517,0.00797899148656267,0.007146077752796742,-0.004228336109521003,0.01298991657452353,0.019517496847068383,0.0013110457466227743,0.051177372518760755,0.008068898000971103,0.0025962801256320667
2022-06-13,-0.023745991431068703,-0.028064597286788562,-0.017961865928592946,-0.03940019087359836,-0.031292193788600375,-0.008272398431565797,-0.005254527689128707,-0.024459710198820872,-0.006989275763851666,-0.01363327860015362
2022-06-14,0.008049412927943145,0.007450007025639138,0.02417306602123359,0.01722186247702595,0.03045920748470854,0.010171734235218555,-0.02348737934705092,-0.002734928528489,0.01844232411465896,0.00029201343469287266
2022-06-15,0.0021889440415838735,0.01982519072762745,0.052343163250387015,0.03111139028204768,-0.013845406822053263,0.03052245659133579,-0.01408832603274135,0.052553194780063706,0.00817622911710636,0.03837813481386698
2022-06-16,0.0010127662708354634,0.0018034269991504814,-0.0244303175069005,-0.012929071198857223,-0.018763876743574492,0.0003067014285660363,0.024484127235712805,-0.011577303270906114,-0.0002627085264026441,-0.014148509926977582
2022-06-17,0.038667304036602346,0.019957181683071923,0.011333383363646199,-0.0027565485441289894,0.015802165249246602,0.02303830296205467,0.014900937960012683,0.05445362224725869,0.006024903621199673,-0.015508639381444755
2022-06-20,-0.004613393163697133,0.012669157855720314,-0.036155036537460106,-0.003771217543079075,-0.020116235788216752,0.0026934027953955386,-0.001315573286272631,0.041231736511952555,-0.010237653400822389,0.019206552854380998
2022-06-21,0.0019136989604779941,-0.010023362022794302,0.016832838150232732,0.01574442119213204,0.00086430428889539,-0.01354014969357653,0.002957609780017023,0.002622318803102708,-0.00423057214797673,0.02965252217887615
2022-06-22,-0.005018378583369731,-0.019960076660844095,-0.015951392522426833,-0.025616669451507867,0.0021574981400211968,-0.011272015769195232,0.006541315229640077,-0.0016751247943265213,-0.00798088833101307,-0.034205745753847605
2022-06-23,0.010839796874400953,0.012999876215300077,0.01854935891113163,0.02089440393442299,-0.004319661144516651,0.008845566292366769,0.0073081933067244975,0.057431223435334466,0.004264398786457679,0.0073884962426706835
2022-06-24,0.026178277692419982,0.025179217449800895,0.010966672645433384,0.0014936522567836619,0.011620531023018632,0.017758179225609183,0.040433569578490314,0.04822510645331324,0.010582109330536937,0.010421161766309694
2022-06-27,0.0007662530602106088,0.042334363826561194,0.0008550663197337549,0.02578411715571427,-0.0025706955031008505,0.05907913503182183,0.003567831287993428,-0.02606889197030071,0.01825344030935039,0.005309499688526564
2022-06-28,0.012578782206859707,0.03387564460434511,0.002134472528632525,0.00072700839261719,-0.008617028761376044,0.002808201789290088,0.04570321771878927,-0.00914919465358821,0.0025806465934916645,0.020687539600127813
2022-06-29,-0.002951305634580237,-0.039070461481449215,-0.0023481705741086323,-0.006562181769339315,0.001729356245953717,-0.003933694311024638,-0.05222801949065925,-0.021291234722638386,-0.019519162321532946,-0.011808457958997653
2022-06-30,0.007361996441068719,0.05042573066295031,-0.0021394958952796195,0.02860428163799833,-0.0012967367280665165,0.04325147337752977,0.03777496301618655,0.0027378268268911654,0.02337768800906259,0.0
2022-07-01,-0.007830086273589387,0.005284876351055345,-0.008172088490185025,-0.019622548724568922,0.05060101329378952,0.048674608442554224,-0.026461397941368148,-0.02150294842769984,-0.013180188214665822,-0.011111225425071147
2022-07-04,-0.005460781289758465,-0.009702085806450711,0.003233806849602505,-0.008006836418960273,0.0012327924306325677,0.055687835837759714,-0.008045842568552786,-0.001225302649856097,-0.01626052087177987,-0.005883193884553162
2022-07-05,0.007410531541848897,-0.01216079042463658,0.003223383042386452,-0.001706693087683231,-0.00452768832748518,-0.0161609785672141,-0.003423595002879587,0.0035759740555372233,-0.01170226120289497,0.01947752170287753
2022-07-06,-0.015370772580237002,-0.01967776726008985,-0.016439911682175623,-0.02921723052036196,-0.0074534506545806956,-0.027275555490025027,-0.010184185162999349,-0.0035759740555372233,-0.00967749488206504,-0.03762375254515948
2022-07-07,-0.0060120421566276505,-0.016307663442709064,-0.005467482182133221,-0.001257071190051029,0.0016611299500763899,-0.019726526691143054,0.01251972534492829,0.05225069034387708,-0.010863767898987131,-0.028440686507326784
2022-07-08,0.004512416781861539,0.005776903312419535,0.004812960505009123,0.0015082959118850603,0.004140792666031512,-0.005188079081777985,-0.03352622661296678,-0.016498999380035073,-0.0076754762783393105,0.004405940450985746
2022-07-11,-0.017867532316502732,-0.017378996864966467,-0.009649197673653909,-0.009337607277791093,0.02004567019444714,-0.009932125557246874,-0.03169682113896943,-0.04247925117689899,-0.006349227678658753,-0.03610715966822964
2022-07-12,-0.007765867848338104,0.00326849360513215,0.002860602676854729,-0.003556010859219416,0.008469500113573947,-0.03202835814835314,-0.021986284641815956,-0.028979028202207324,0.0074493378006099675,-0.012536473619556787
2022-07-13,0.005364330934951589,0.0161841172739825,-0.009493392856974925,-0.03627340678683444,0.0028073008210198758,0.002979013712925749,0.04382444007329678,0.06775457144162278,-0.01161196348655702,0.009493257637318564
2022-07-14,-0.0030113343938316106,-0.015500140712974009,-0.03338153881658679,-0.03818694688225044,-0.004415018209116717,0.041059932679087474,0.00550697860802174,0.031070708791355983,0.003608609051277689,-0.0021357750300214917
2022-07-15,-0.0017937224540265362,-0.0012104309032547889,-0.020624065501613664,-0.04513730451857079,-0.022783735736062294,-0.03405370622920012,0.002097620777197662,-0.042264855534509316,-0.011425510942888462,-0.03259639824015936
2022-07-18,0.0011073630513616095,-0.013625850345272639,0.01717776685802619,0.021561118930184975,0.0263974718510247,0.018358903291941342,0.0009666506310948009,0.03441049031204457,0.010316556019149381,0.006918266587322641
2022-07-19,-0.004395656617033339,0.00834600703449695,-0.0011514106050420914,0.0022427819886123856,0.004000005333346213,-0.007675040983628811,-0.03190454651874486,-0.050276785084211184,0.0030466717930175413,-0.0012543118609071868
2022-07-20,0.0035960174372142717,0.0011110818317172644,0.0,0.003912805439272304,-0.004400887278983134,0.01004502234310456,-0.00550138921888621,0.0026460833440324905,0.009358725064470441,0.0012543118609071868
2022-07-21,-0.005708277051542865,-0.01282580579150494,-0.015324191215357441,-0.010938266399567631,-0.03800253001872855,0.017727262975452796,-0.011601643369063552,-0.009551170984343216,-0.010465532039661607,-0.00944591406262596
2022-07-22,0.0041173501295475035,-0.004240364905550464,0.007226980982737885,0.00365939887603961,0.004985469403778531,0.007722046093910251,0.01693676772764441,0.020893447588277603,0.004419896698151682,-0.005710675418050037
2022-07-25,-0.0012077140984603218,0.011604718589688368,-0.0030243131112417387,0.007278867523528021,-0.0012440391403312212,-0.013423020332140823,-0.022363269088518045,-0.019454943384334733,0.009054801885208796,0.02792338284341822
2022-07-26,0.0028550467933454726,0.015353666423249202,0.006502577487566885,0.013300279187481223,0.0,-0.061908579833498845,0.014182240072060814,0.00047904192532932655,-0.0008197841694252972,-0.00030945381648761483
2022-07-27,-0.015820228082993992,-0.015247334348078567,-0.009536064821339174,-0.00773698250215249,-0.007496911414178076,0.0016574589429789732,0.02663295286070344,-0.01311241309249489,-0.004658180775377385,0.011386490155395279
2022-07-28,-0.011316130814217118,-0.00522361403106153,-0.0016372357767862056,-0.007517785650384745,-0.0008364701449661283,-0.003594639568150537,-0.0013067626818719091,0.0007760962748877276,0.009838833125838331,0.0015288185212871674
2022-07-29,0.00023179610475576595,-0.04772190213001437,-0.014144507386164573,-0.02004301392848662,-0.0008371704130638591,-0.02269322765165649,0.005216836089715571,-0.013669418077012274,-0.02589676399631813,-0.024432945726222677
2022-08-01,-0.00429694965851013,0.001008459943161455,-0.006669867509107252,-0.015807197936859474,-0.004196397261765572,-0.003121898377766552,-0.0047265999494943145,0.050455350016576084,0.00027905678986739346,-0.004707367864155376
2022-08-02,-0.00547440814658362,-0.01648637160009958,-0.016142983974854364,-0.01782891007768006,-0.006751080493419437,-0.02825209524085226,-0.02682280010409066,-0.020873641066419424,-0.015181624167478702,-0.04109727619413306
2022-08-03,0.002666682412575838,-0.0061099404922879685,-0.008292730450329078,-0.025385863744669113,-0.007649846060404197,0.01451404288425362,-0.046895668536033774,-0.03866729386680756,-0.003973891122274864,0.011730339785489985
2022-08-04,0.01631707784175518,0.012465653636119178,0.006104279728873063,0.01798609636978199,0.017340252625538177,0.0563095105559297,-0.019535339770585303,-0.006169787707797525,0.011874609420712723,0.011594332780918926
2022-08-05,0.00414066326487994,0.013484865536629975,0.011135433387608806,0.018835165409234023,0.009597403106269997,0.03532612443142513,0.017246404886207323,0.009438249984608404,0.021685587071589296,0.039860918040704796
2022-08-08,-0.006481593494662263,-0.007113082722748132,-0.00870411684832284,-0.0114353980343469,0.0024885952287654334,0.001576458550344384,-0.0031779687763462405,-0.008241122946189172,-0.0005502063412530234,0.0009226511495681322
2022-08-09,-0.0008007264534084513,-0.0052410726074798575,-0.005356720868390674,-0.009183889168388415,-0.004567165921008254,-0.02015448756402005,0.026696167954410654,0.019861273163129134,0.0011001101219512144,0.00398834705705875
2022-08-10,-0.017961391474505817,-0.016981432624675108,-0.013766195764148392,-0.013483350337287092,-0.005843088410659281,-0.01294167429114701,-0.005871196281750812,-0.014928295820806348,-0.01189008892292076,0.00397250331423793
2022-08-11,0.016337036274411076,0.022222505232154965,0.02589932204052925,0.03585038048418321,0.004593869010227625,0.015616903280991856,0.004492836311629667,0.011874140974057923,0.015183176421390332,0.01633430146309145
2022-08-12,0.011004309329909923,0.004430617718698571,0.003611415987216482,0.0002909937456876399,0.009537704480488518,0.0002671296930536471,0.009950330853167877,-0.015810606026642304,0.003282278657918525,0.0023973640490169146
2022-08-15,-0.004215303456560626,-0.015224427127231266,-0.01135963877003876,-0.01879644178818385,-0.009121124595272256,-0.01452810056290943,0.024950721155597044,0.02770042546295226,-0.01015515794568067,-0.049388966582534
2022-08-16,-0.0010683399796134196,-0.004384598317823674,-0.003652749708564773,0.005322307063988507,-0.004591951295696894,-0.012270092591814219,0.005479465764626212,0.0148093869189303,0.0016538041255604874,-0.012021656958655758
2022-08-17,8.34237090669987e-05,0.0055203167817516885,0.00729220538175257,0.00968459513599429,-0.014328100154079149,0.004926118336055829,0.003636367643383487,0.043338870348369696,0.0008258775417808728,0.00729351576271009
2022-08-18,-0.011800320486994309,-0.015845653739584797,-0.01169319048028461,-0.01530341813988656,-0.0068143364197301715,-0.0162381440505861,0.005265768297209483,-0.004030047586678798,-0.009400124511915298,-0.011120051044077872
2022-08-19,-0.00025854040893147356,0.0013253048700043735,0.003912942141065301,0.0038478662246292927,0.008086871055927869,-0.0038921372459039816,-0.08223340902614318,-0.023775265493657827,-0.006129860375536644,-0.010599103560996248
2022-08-22,-0.0005436805192786665,-0.012516098026503997,0.004383835564299332,-0.006817871377814644,-0.0046738984596879085,-0.0242470294260424,-0.04949426088258102,0.03605274497126576,0.0025122134636177407,0.0006455778145455504
2022-08-23,-0.012736656600262464,-0.020619287202736203,-0.01050455488081159,-0.015587845597452077,-0.010704448177577763,-0.012058716320127782,0.014682914093921529,0.0096714995763314,-0.012342372666810597,-0.005500741907686901
2022-08-24,-0.008490442255035369,-0.0045340729148941605,0.02162115075258253,-0.007885997798789735,-0.0030178940775233976,-0.004052103952570718,-0.02844503157052003,-0.0608760495681997,-0.007649846060404197,-0.019329021100602972
2022-08-25,0.016474484709229742,0.012891905864490738,0.03518247411485209,0.02555377283423388,0.01839624071478907,0.014682860584104507,0.0032218354411663874,-0.01926841886587649,0.018038820589678206,-0.026480514930691257
2022-08-26,0.006872879287762146,0.004064687048960458,0.00046392949103957193,0.0002967799398545523,-0.008514312823495906,-0.006307360359826486,0.003965636393346905,-0.014146281086009793,0.010834944168996774,0.01650702800393189
2022-08-29,-0.01015677998108,-0.02832205997401438,-0.0011602275347222246,-0.012541221405308445,-0.0038552200244330592,-0.015652493477676277,0.006574645642085208,-0.00947686467742681,-0.006653753408595531,0.0006680026968508557
2022-08-30,-0.0047054893401607956,-0.008015101503406896,-0.004188000537230341,0.015208284773190694,-0.0008587377084174896,-0.016495219369110803,-0.011486803639463083,-0.021138180104507853,0.004994460992493455,-0.0043500152248658885
2022-08-31,0.028467921377019145,0.019081552325159734,0.0219079441109713,0.036610712754400865,0.029625526736130947,0.02897905111447674,-0.030771658666753687,-0.01744528593464878,-0.010853035428266988,0.0016753228914261342
2022-09-01,-0.022661283166780066,-0.02195099475311313,-0.004343360354149173,-0.015816289443284948,-0.00292336812913474,-0.009275428818130482,0.008750663520185498,-0.03253174708668016,-0.03386295951760321,-0.005707586419364752
2022-09-02,-0.0031364096543606834,-0.010571702636950953,0.0011448198159333955,-0.005231049417552924,-0.003771217543079519,-0.012895841082924964,-0.013645435896914027,-0.002741488116686064,-0.018992535827274448,-0.006756782462879585
2022-09-05,-0.021564177915840865,-0.017578212386152536,0.002285715280855971,-0.0026258220776673724,0.0,-0.005027365312845866,-0.009069462797909544,0.0044938125313178645,-0.015757721623121945,-0.038353292860894506
2022-09-06,0.005434795985957308,0.009450860517985049,0.002280502698725151,-0.01798132456162449,-0.0029430334465034846,0.0044372207102951755,0.05153093697422051,-0.028500348168402745,0.007761232988895639,0.016766023189963786
2022-09-07,-0.014736781202276283,-0.009954068479289369,-0.006857169726136814,-0.007164209746780337,-0.007607813532610752,-0.013371169351846568,0.005627476865728287,0.040301648267313084,-0.012266421567029173,-0.011146057572824386
2022-09-08,-0.001657028573400332,0.0008175843982360931,0.005489492284771469,-0.0023995212472911476,0.003388397989902092,0.008933948641551392,-0.0013102481986781989,-0.05290267716775965,0.0015039858452365884,0.0034965070587293923
2022-09-09,0.01627998215934756,0.014913077056600166,0.019203120305599786,0.03540192705091627,0.010933666532291664,0.03065485985257821,-0.003941076697221213,0.006032933171758792,0.01284174732793053,0.011452493731787694
2022-09-13,0.018374270555166383,0.013350347473934931,0.008245172058738426,0.024339068305267553,-0.005031457155367125,0.021053409197832718,0.0016909351140341755,0.010317647873554492,0.001186239759506158,0.021843871947116345
2022-09-14,-0.0053361919579018036,-0.007545353713227065,-0.00914062768159063,-0.013958352250706962,-0.0037902761737806934,0.004494389587839098,-0.0136082236059476,-0.05075089541621125,-0.004158010148663571,-0.012570235161787124
2022-09-15,0.0058682483684320275,0.012240054894502528,0.009806185110484922,0.03245663756890904,0.0008435259884391755,-0.005339341053403501,-0.07690775996758381,-0.04702451224572535,0.002674990449302861,-0.00892863074430128
2022-09-16,-0.01123306810255098,-0.020401346638826645,-0.026063034445304556,-0.029878208980964605,-0.011021730904195337,-0.018771882280495422,-0.007425776696849518,-0.010553867596697408,-0.02433648723048254,0.027557450577794462
2022-09-19,0.006776343130290741,0.011971756683058388,0.0,0.00399772091530437,0.0008521517345663199,-0.00402762339625129,-0.0037336695520489016,0.008911394823405416,0.0006080875833469612,-0.0050462680676242044
2022-09-20,0.0033923289164734527,0.016849034585062483,-0.015831465216680662,-0.015798116876591273,-0.002558636790324531,-0.016274698063042603,0.039124794492232606,0.017588031847646235,-0.007321570229007257,0.019372683347632424
2022-09-21,-0.01610340756657891,-0.014214794081154558,-0.0020835752415706565,-0.003770852909143585,0.0004268943501331002,-0.0207230624866086,-0.017132334791462256,-0.0016878443583348002,-0.005526572248841788,0.00033074251996545456
2022-09-22,-0.014822516193310875,-0.028232059627549155,-0.01564904059575367,-0.006999153682188286,-0.0004268943501331002,-0.02391517033610091,-0.00020331401920170578,-0.012714318456237272,-0.014888612493750397,-0.02172908489921399
2022-09-23,0.007452349522887758,0.0014464046794220309,0.012631746905900965,0.005545030988854283,-0.0038502721362325687,0.008845566292366769,-0.013098836489591204,0.005646813750405322,0.013964540350372534,-0.018417983114197956
2022-09-26,0.01545428507038249,0.018553638931389393,-0.01239636971286373,-0.0120042431113494,-0.012074316590680922,-0.031778086597474164,0.005342112560646317,0.026762826603747847,-0.0027773509598083557,-0.005869169273295061
2022-09-27,0.013329976103857,0.05239379280548473,-0.001177440380938144,-0.0014738396183009428,-0.015300844955300708,0.053407046299937644,0.0038858827913816896,0.00195767751532383,0.026229011994858276,0.01954459607297032
2022-09-28,-0.0026518180482932863,-0.007226186601164031,-0.013044178786838945,-0.006807781213421293,-0.010628975177060074,-0.0053635408675014595,-0.022500691233613868,-0.03003924359543042,0.0012033695796325183,0.021831261657234258
2022-09-29,-0.0014083199479149044,-0.006447628145351381,-0.013700490707505342,-0.015564516541111573,-0.002674990449302861,0.04384103585204935,0.0445062223749737,0.005288422093257417,0.0012019232216164966,0.010246329934443299
2022-09-30,-0.004183493317863274,0.0042636412075429675,0.006272638178428824,0.014970339458864945,0.015064529461395804,0.0037105793965355183,-0.04429747589681243,-0.04418384446105783,-0.009656079854945432,0.0003287851418734
2022-10-10,-0.04729595395493025,-0.06298366287732371,-0.0036140263405561868,-0.056546766304605534,0.026899669637636237,-0.024222637575846306,-0.043077022488288375,-0.020233761154949015,-0.02083408690284161,-0.044362112653699715
2022-10-11,-0.003370736143621933,-0.0019528180321612965,-0.005566999733829903,-0.012658396871923383,0.002565200209545093,-0.004681108606502615,0.013420114829263419,0.05795283989479927,0.00185586196167975,0.006849341845574841
2022-10-12,-0.011293937260624887,-0.012627471953806868,0.017324783657306053,-0.014434893783602742,-0.009007137883225713,-0.025242617187607674,0.03941916194587547,0.05042455298052406,0.006161448944048686,0.002386229187507194
2022-10-13,-0.034691440358131764,-0.019538294419100488,-0.013448809812613316,-0.034849022834758436,-0.007351384458655019,0.03806330561666904,-0.02893890347182282,-0.013405118937343197,0.0,0.004416518135245351
2022-10-14,0.021888237113446785,0.03550214540811503,0.013925795273600272,0.03904054920360034,-0.0034782643763247023,0.095204894481002,0.08598247906132084,0.011301635984185765,0.007648805838671002,0.026097165223473606
2022-10-17,-0.011058788497623873,-0.009281248554646737,0.003807715214561913,-0.0019323677510540982,-0.00874896219323551,0.040242727014128565,-0.015147333971761157,-0.01745478710980297,0.006077198892091129,0.032811129111542936
2022-10-18,-0.0074000215036029715,0.006638241541293333,-0.008348289391471031,-0.007117467768863683,-0.009269543309442962,-0.0022781936191935692,-0.007960241038388549,0.00044243151765499533,-0.007297083154378381,-0.007699749301302905
2022-10-19,-0.034489364316868,-0.026821531194562986,-0.011563607532373954,-0.01768798161931917,-0.008014290446649142,-0.011725854464823104,-0.018552659580672426,0.004181773587686344,-0.008273373375031312,-0.029082265239732674
2022-10-20,-0.0027343173651432906,-0.002267942005641288,-0.03100642089534711,-0.006298711359772113,-0.0013419818609836653,0.004604766386748338,-0.04049977220102807,-0.03861812199313697,-0.07009237682036851,0.009569451016150587
2022-10-21,-0.011935872382650814,-0.013059277989179385,-0.009038474788286788,-0.01642953971778427,0.003128494171781071,0.019962760206837515,0.006759637061066304,-0.00483092726966472,-0.011952333523840952,-0.008906540816203012
2022-10-24,-0.07857416417988361,-0.06041514655120572,-0.050430853626891814,-0.05417991637379238,-0.026222117250983334,-0.02508047864381746,-0.03470041877942531,-0.021983211274717362,-0.035353783873095956,-0.019405092009688207
2022-10-25,-0.01444492297090516,-0.007779958638947981,0.0005303633112916373,0.006048764217160052,0.00821172497651812,-0.022309615293413465,0.05964973782737415,-0.005758840321079539,0.008613317678114907,-0.019789113873972752
2022-10-26,-0.010646095733807925,0.008966157012693543,-0.0013264360613067794,-0.009265925168935762,0.0,0.041115760390970646,0.02494299442397363,-0.0015944993163490295,-0.0017167386190544143,0.01164795629027271
2022-10-27,-0.04404079150002005,-0.044927341597251313,-0.00026549847494372614,0.0003579738717305325,-0.047450761705828626,0.0,0.008376594652053537,-0.027195367862318243,-0.011752641324600965,0.01722142848170405
2022-10-28,-0.02970156760690923,0.002913330538357961,-0.02500466339743035,-0.027577945105818458,-0.014879084192313208,-0.019576066860214514,-0.022089251546473676,-0.06564939499673539,-0.10551506322014603,-0.050465487060858294
2022-10-31,-0.007380107297621841,-0.02952243926632203,-0.015916911226802277,-0.013333530869465093,-0.020518550819691228,0.03158822330821831,-0.026125110206549174,0.019990372874651996,-0.025040431959687748,0.0007039775017942951
2022-11-01,0.07970760879913641,0.06580176784917846,0.035596748411169,0.04981942727248878,0.0029571238897436736,0.03158543871980113,0.06202128719912592,0.03509871792992847,0.05022299123104945,0.01501687028515386
2022-11-02,0.006782644774948388,0.007267676992689154,-0.0016029925954561541,0.008125817542933511,0.006866137813199558,0.0117408800477099,0.009940633460312043,0.013630145436443364,0.029697802391742023,0.015477523068913257
2022-11-03,-0.02229901495432962,-0.018978569209134655,-0.012646475556014725,-0.013104490700249105,-0.02373998730307303,0.0026168683899925327,-0.028326048043119112,-0.019030511661085825,-0.02593698562361535,0.0003412386997792005
2022-11-04,0.05215537492967748,0.06244294062321831,0.036686729848085964,0.03606202069661313,0.007976114070008755,-0.006913843251768803,0.04448646129912914,0.05144948337654487,0.04010101395549848,0.023935071482514836
2022-11-07,-0.0062572963185205666,0.007571265496317814,0.012451522739318044,0.002747254475138572,0.0,0.00453515516539138,-0.005549722405873148,0.014971441746166825,-0.000721500752799642,-0.006349227678658753
2022-11-08,-0.014859948772544485,-0.024446182721161946,-0.002581312739454056,-0.00034299434395590467,-0.004478733537838231,-0.031203402247552248,-0.015276329173687486,-0.001706693087683675,-0.012711266120537523,-0.00875426466227136
2022-11-09,-0.016966020684908933,-0.01427181177199266,-0.00830526445356039,0.0010286302981383777,0.0034851914789606475,0.0012277472383219745,-0.02685785449005884,-0.031581833035867035,-0.005497539959194775,-0.020499522083126553
2022-11-10,0.010290049567985626,0.0024728684122292677,0.002342835901772311,0.0003426417713838781,-0.005982071677547829,-0.013837631225761982,-0.032549659510785034,-0.030065151136820845,0.018208806079732298,-0.01006079604983956
2022-11-11,0.03539986367369519,0.028807185029842586,0.047476868724643406,0.06787314010546153,0.022250608934820004,-0.0244313876929092,-0.00041365047125507814,0.04362315455095178,0.02529976379406751,0.03864389195856033
2022-11-14,0.003168746424199398,0.001864678217438076,0.03100455838194094,0.05904168702693191,-0.013786530522690299,0.03851438758632364,-0.020692555643249566,-0.03875570500725978,-0.00211342100502776,0.025829250472832133
2022-11-15,0.03524876293526624,0.02529285757323052,0.021168586859502625,0.004215603954590641,0.04080216289078864,-0.012839682563040355,0.013008995881885088,0.02297895225873159,0.02918900761030896,0.03816400294575795
2022-11-16,-0.0017332392269393537,0.0003891555374062605,-0.004481668074488354,0.0030003022806814883,0.0019020452714810787,0.006440448321009651,-0.027902888220619815,-0.03104382579324838,0.0,-0.011392528281094716
2022-11-17,-0.011579160224120422,-0.010495191019209038,0.006127758981156806,-0.032580138397282354,0.00992681278541152,-0.0024721891453891587,-0.003865984196465888,-0.023578852859955646,0.0013689256073416978,0.0047626697424250075
2022-11-18,8.295763103305376e-05,0.006596803910698057,-0.009442940800282074,-0.0074557661313434664,-0.00992681278541152,-0.003223010103741153,0.011340658613171684,0.01500206728686404,-0.004112411553092166,0.02718492667731187
2022-11-21,-0.030548744128034322,-0.030940525863278445,-0.022790958882380696,-0.006255885275818329,0.0018984343622929778,0.012830178466104236,0.015831465216680662,0.004219139109050474,-0.01313534267760641,0.0030778725436797494
2022-11-22,0.013052771489105552,0.008691056176556522,0.018274131994773235,0.018035314720854068,0.012252745183950253,-0.021559501886204036,-0.025237263503556484,-0.019541155206835192,-0.0024386007556005396,-0.020177620768925486
2022-11-23,0.005859613068743386,-0.003066669070028283,-0.004776698836415516,-0.00711306540127099,0.0004682744173605258,-0.010576779536187075,0.021880851709836335,0.01198127039889485,-0.0070003786053320916,-0.018354945683652257
2022-11-24,-0.018905805545556653,-0.013173118780322568,0.0007179610216265786,0.0,0.0009358915049051397,-0.003296566951429991,-0.009288646053552618,-0.007670574811809772,0.00035118525382848986,-0.0035194405228775594
2022-11-25,0.00132807383096889,-0.0029133798851281867,0.022472855852058604,0.024526060743153888,0.01991267461663826,0.006582302246697758,-0.030579471409502457,-0.011805377349345392,0.0007020007308300436,-0.00966191091173707
2022-11-28,-0.008001652249909341,0.0018303228510783143,-0.031846797825293205,-0.03262831759390794,-0.014315645079920447,-0.01141999468594923,-0.025244919030578572,-0.005090851522240314,-0.0010531859846585334,-0.017300904846042187
2022-11-29,0.05734825638158281,0.04890303735652601,0.07823921361313291,0.08685491919380084,-0.006064865802560604,0.021962260997973715,0.008263586946050339,0.020289117669532786,0.022230856467585713,0.04096686384179593
2022-11-30,0.0,0.011606042238062386,0.0037891497470208257,0.0028645106954598987,-0.007043936145219476,-0.005508276320815408,0.018074108938984867,0.01861372393234184,-0.008971764803423543,-0.004117187130269873
2022-12-01,0.019692258111144056,0.04810384527145661,-0.0026732027502816003,0.0011435107020787427,-0.00047136460924557255,0.015940561694221422,0.026513030511618574,0.02627514180179702,0.03608287968774837,0.016992227597495635
2022-12-02,0.0018868623655592387,-0.009339301821212231,-0.004695369162961427,-0.017582237045238536,0.0075153007544650485,0.0007410152247189217,0.020423912375509445,-0.008562805613140156,-0.00569993160984783,-0.0031250025431353023
2022-12-05,0.018807507240149235,0.03287686397768663,0.05790518409345635,0.04852704089466009,0.008387747218700614,-0.01542702901885562,-0.03434723893999747,0.001096673110079216,0.029813403840381447,0.045281519608463494
2022-12-06,0.01377933460509606,0.040073984725631284,0.0033783815916272886,-0.006949298293205786,-0.013078187337611347,0.0,-0.010843741041792754,0.019462202271502527,0.01747051875724015,0.020430022191471053
2022-12-07,-0.0023724803536309125,-0.009854554368046387,-0.01572159001461859,-0.01489419130987013,-0.01659199001542344,0.017400389304031094,0.001525220907943936,0.04470823859173212,0.01274714519786535,-0.009422920134505297
2022-12-08,0.0017917430379741361,0.006199078513199119,0.009589844404614745,0.0036738772423774435,-0.0009564802259571792,-0.04305258953353697,0.0123338142556082,0.005150348779643821,-0.011144837532508944,-0.0029629651306568583
2022-12-09,0.025157749651578243,0.047546871246550104,0.009498752157908186,0.03601497268070908,0.0009564802259571792,-0.0012871671232677073,-0.004310351501122245,0.009774416039756595,0.024044182666439706,0.02462023536021629
2022-12-12,0.0052003276588887815,-0.027212563524884992,-0.03050252471847692,-0.026469700880911162,-0.011538589556493672,0.0015444018513743885,-0.01764943951027531,-0.024436521974104508,-0.00753062862272591,-0.004352248274357429
2022-12-13,0.006294051766846387,0.006260151236284983,0.01141392815595399,0.009731760386147759,-0.0019361090268663617,-0.012943489012684495,-0.013054726833704233,-0.021812126585817104,-0.014594167657909995,0.006665725303887982
2022-12-14,0.011855163314992367,0.025362382685925056,0.004060268426643532,0.021082231877824764,0.00048437879367968506,0.0015620935225375554,-0.0060315161070301215,-0.007700821753491738,0.013648839085856235,0.010630756631533789
2022-12-15,0.009061688940318113,-0.011583563025307164,-0.009858631069664892,-0.01583867080879653,-0.006315299104473038,-0.01256561036036441,0.01224823239867856,0.05206356687845659,-0.01141420128444004,-0.002288985262651977
2022-12-16,-6.715428139081325e-05,0.0030728733573983646,0.010071873420403499,0.0207035452683888,0.01643342927005742,0.0010531859846585334,-0.01224823239867856,-0.013756290150627848,0.0019114373452682187,-0.016462465647615332
2022-12-19,-0.00779245881727153,-0.014180721534161833,-0.02438882078668314,-0.016035130913053308,-0.019850567083815385,-0.021546251789406945,-0.0006724196151601802,0.005701283319225148,-0.000955261973612842,-0.004085211400769673
2022-12-20,-0.033259946474167634,-0.042223828719387235,-0.018523131583481955,-0.021601504580147868,-0.003428854694232264,-0.018453712269433264,0.0044742803949211485,-0.02622089685346829,-0.028762687240496465,-0.022173857494322213
2022-12-21,0.013897154754243246,0.011412227604486347,0.007317917123322637,0.006418328158757536,0.003917732728901946,-0.01018591050346318,-0.0269216575662643,-0.006614914974987229,0.01399990308361243,0.0062584021884224406
2022-12-22,0.016538728843305428,0.02830777451819433,0.013605652055778794,0.015183176421390332,-0.004899568841158608,0.013467291626640954,-0.0651348924651991,-0.011918738555319663,-0.002589836345581631,0.010050335853501569
2022-12-23,0.0016953945852451469,0.00439145762577553,-0.0052447672672952805,-0.0035680015895485084,0.0024527851394315903,0.00327064886812245,-0.007862448365622221,-0.008794779853992907,0.008071068833791717,0.018359833798168967
2022-12-26,-0.016476037794766363,-0.009417997111709653,-0.021706278581862914,-0.011615174831841824,-0.001961746583039048,0.021801428681216706,0.03538047725951454,0.01355952978563213,-0.017188683282445272,0.008339372557070845
2022-12-27,-0.005214310272461553,0.01362456776925125,0.020390777405526084,0.01982989791617884,0.008310974261697801,-0.013131637177421496,0.009242867081177497,-0.0008668838547061242,0.019116085099804447,-0.011810593861489416
2022-12-28,0.0,-0.004816884988356307,0.015240878507937872,0.017838310843258043,0.00630916919326463,0.008862687257845447,0.009625617223205207,-0.023999045398020336,-0.007408634305569262,-0.014888612493750397
2022-12-29,-0.008111284332756874,-0.007968169649177348,-0.009989225300126137,-0.0026824050418672307,0.006269613013595521,0.019330669448986093,-0.0042144759172799695,-0.00010152799643226018,-0.0019417481829102634,0.0073260400920727164
2022-12-30,0.004643072763829359,0.010794674149622985,0.02542692468470875,0.0008054772888170803,0.009569451016150587,0.010435784768593859,-0.008482614482560713,-0.0013716377979182681,0.004202365971078148,0.012476587204106604
2023-01-03,0.0017413896752609404,-0.013876340687030364,0.0031864073694078954,0.008551628811876988,-0.004294924282880697,-0.0023385745359747467,-0.005457363170885188,-0.00965450760082831,-0.009724549891994894,-0.01130938543751192
2023-01-04,-0.0028943412718334116,0.002354129219030554,0.028848154337658638,0.028074781048111674,-0.0038332581676616684,0.00854816758074639,-0.033384813023205506,-0.01455464198743961,-0.003916454092235178,-0.010848955551126416
2023-01-05,0.043109218625850154,0.05648637080390273,0.008208541883907294,-0.0038885337396923347,-0.002884617384859567,0.019918942530825046,0.010279091974647603,0.05939687834180507,0.03091038103397592,0.01259720774465567
2023-01-06,0.0015368528617409893,0.007695183706257325,0.016418733074226477,-0.0031217507141847456,0.005760937680453271,-0.006086754779893955,0.03821816923144139,0.022205069243115716,-0.0012690357033049438,-0.017621601349819382
2023-01-09,0.020538613905388914,0.028060028068217058,0.023249929538985636,0.010883756049673732,-0.005279589897392967,0.006086754779893955,-0.009418482621210256,-0.00014401267336427992,0.0031695747612792147,-0.020353890324837476
2023-01-10,0.007170623177960245,-0.0032726558151701113,-0.03396251303635767,-0.014276686356682777,-0.007244658587921116,-0.004307621002683337,0.00707216526136234,0.036299059417238766,0.02839061372294749,0.008131350328946851
2023-01-11,-0.0051359792846401575,-0.005856080843982703,0.029829055719250874,0.017364697045259447,0.009167736103662616,-0.02389937725932656,-0.00400141760214856,-0.009629548975843782,-0.001847291165714804,-0.013589217121682484
2023-01-12,-0.005952803019996011,-0.0036646148007575263,0.004133457317106792,0.003334618967890446,-0.006747013546594349,-0.017314178590255302,0.02308063757234713,0.013095756952330007,-0.006802747322752545,-0.007017572658646998
2023-01-13,0.028488892552140044,0.026483166231241917,0.027892569402301337,0.015500246805955076,0.012016486817679972,0.03841635122852072,0.000230441296099837,0.013745920904634445,0.011107797022123833,0.02956474756242855
2023-01-16,0.013632148790057919,0.039205218405999886,-0.004978945559445336,0.02021783579612446,0.0019093084559198559,0.09375794206983334,0.013730192811901798,0.016092794229845886,0.024550407133184127,0.03015892459218472
2023-01-17,-0.002564842150376556,-0.017881174063599126,-0.011391184087409911,0.005175612292585008,-0.013925795273599828,-0.02227263560912318,0.006343473922175047,-0.0022863813421079016,0.010424517335884342,0.0023048123138691423
2023-01-18,-0.007892700798908692,0.014388737452099676,0.0009704027932784243,-0.007401958295667921,0.0009666506310948009,-0.014567421786082502,0.010111309604320606,0.006464551485881209,-0.0460827214911923,0.011729500806175075
2023-01-19,-0.006779399495886018,-0.00243249937506107,0.005030970363728127,0.006664223109128287,-0.013618887534803559,0.04859540770032389,0.0,-0.003864760694152203,0.005877820480183704,0.04531699629970687
2023-01-20,-0.010801608676556107,0.01652131680358515,0.005581767932624437,0.00979199990461721,0.029435176978088506,-0.002294105158468618,0.052689591634709654,0.011638259027533238,-0.0027799245701887187,-0.0016322092851073222
2023-01-30,0.014936203668565184,0.0416648741533141,-0.011971566031395486,0.023592813118588296,-0.0057224762740659685,-0.0066828224285129245,0.017867001828424822,0.040432538160997566,0.02805917536452185,0.008674491910519944
2023-01-31,-0.022626950929026002,-0.040324263016976225,-0.00975998377995646,-0.019702703666299115,-0.005755411570620872,-0.024340073583481114,0.003120127336243339,-0.011647297348719832,-0.020356163927964133,-0.032924784696466425
2023-02-01,-0.0004280995965917356,0.0050589522298185585,0.007231537426597878,-0.01639180432687226,0.0,0.010135620063181694,0.011152531950474831,0.024629695106630933,0.0,0.01109581425505457
2023-02-02,-0.0048138139400650815,0.011595841886139269,-0.010178204915756162,-0.012659968019371526,0.007666544498225125,0.008407335835973306,-0.0008218615625952275,-0.022696912372444977,-0.0018433184942892034,0.0038546303233846224
2023-02-03,-0.009912207502338788,-0.011881515363300288,-0.02449589772792926,-0.018404654129267062,-0.0014330071714243608,-0.004662013105811269,-0.034291463595975014,-0.021468893528407307,-0.015182321058543113,0.008482743436456275
2023-02-06,-0.012731973815045095,-0.04032608575730201,-0.029462032730316334,-0.024469991061950136,0.0028639637714289456,-0.007269348461030667,-0.013060885803829692,-0.01235128185214407,-0.0288222643108762,-0.004916699333756824
2023-02-07,0.0011135858611801552,0.007261622049352212,0.01115022908797858,0.0015633145445481667,0.015137469747228405,-0.009221013438384773,-0.007788875378527571,-0.0055636062060466784,-0.003218541561798016,0.020060309446674474
2023-02-08,-0.007260573643604218,-0.017978235514775953,-0.004115232145106784,0.0020806249378413355,0.0032809966156768233,0.020221709512273645,-0.0034812915925117593,-0.0019881388416482793,0.007707167244937807,-0.009708814126960785
2023-02-09,0.018878961597469157,0.0385362471305406,0.01676588035270621,0.0,-0.0037505904256684985,0.015933832085001765,0.007815932102952061,0.012841767233739532,0.00764822083825667,0.022243982929737616
2023-02-10,-0.00441015047755311,-0.013055585958039906,-0.0004055972474992231,-0.008610620715569173,-0.00376471032879655,-0.0011461319306222961,-0.018773745012426346,-0.01566321207197241,-0.0012706482014555043,-0.02767877891569448
2023-02-13,0.02528534889396372,0.0369257967005403,-0.0010147134305467098,-0.011597388814828857,-0.004725906716362083,0.030938450427627107,0.005274737504546323,0.031019651370924883,0.004123717183861952,-0.002728514653204339
2023-02-14,-0.0067889583857816405,-0.014989370865372997,0.013111635139375188,0.007395701961129042,0.0023657451298695342,0.005543866067208025,-0.003953442443346056,-0.019648291380493177,0.0012654225035637623,-0.011541760440171522
2023-02-15,-0.0015143335349749876,0.008376214973655927,-0.020652687894132882,-0.02208417541722474,-0.005212046861708508,-0.00910813805177213,-0.004411123164976161,-0.005446576016539417,-0.014329173687926744,0.0
2023-02-16,0.01124560168401878,-0.0009957562642632922,0.0065253086349224,0.0026867291820060757,-0.004761913760243708,-0.02302584798474472,-0.017841686476490537,-0.012110486653034158,-0.009668138473055254,0.03289680902187353
2023-02-17,-0.022289523228188557,-0.012603403570818905,-0.008163310639160759,-0.015139515982423912,-0.009110588070458725,0.008640344795128208,-0.024372006924154643,-0.05331414549669322,-0.006171856524930686,-0.023817093321476968
2023-02-20,0.029343678715602728,0.022798422728238066,0.023292192235460973,0.04734926978691156,0.020029281875572735,0.02349364124138864,0.01714523653802713,0.0006661432930181732,0.021277398447284934,0.0582534043681906
2023-02-21,-0.004275794862788729,-0.013568985814736756,0.001200480336249754,0.0051827014167669105,0.00424028903888507,-0.016050277677629232,0.023962629037886263,-0.01307051690347194,0.004455768034003604,0.0015491869868293762
2023-02-22,-0.01674357236128632,-0.01235707088373239,-0.01673594864276584,-0.013793322132336083,-0.00613064877005387,-0.008802675055346487,-0.01831225803237002,-0.013438975789713759,-0.013749217392392321,-0.015338920265426825
2023-02-23,-0.009852296443011888,-0.011633674592418153,-0.004074985264024722,0.0028784528575256374,-0.0023679859514085244,-0.013465911569161104,0.03150216127818606,0.009140698139550096,-0.001933613235394649,-0.011329326816734486
2023-02-24,-0.016639319003965092,-0.019695368299728955,-0.01605303046746709,-0.021392602421668627,-0.0033246290418782465,-0.007611615575077391,-0.02386853642311504,-0.019130104657864244,-0.012660451527825245,-0.0015910902322420206
2023-02-27,0.012455662211797502,0.01828042331969204,-0.008333381559144648,-0.008040783070304869,-0.003335719080658439,-0.0013901763128578715,-0.01147240116223669,-0.01066346124189188,-0.00360006934395507,-0.012283198494057235
2023-02-28,0.001837672798933987,-0.0019060191973681029,0.008333381559144648,0.004028473287428724,0.009973960621952216,0.00854212743488647,0.0009045681304269415,0.006956549793359912,-0.0013123361463502903,0.030690239365449123
2023-03-01,0.013575327514263158,0.014376158229201685,0.036463964368924184,0.024882173039478594,0.004244288380327088,0.006187713108165571,-0.0022629563854890122,0.019321903579230693,0.02143635184317505,0.03658164643267181
2023-03-02,-0.005743866244358742,-0.005512319939254162,0.004192041272204516,0.0,-0.00047069899668805704,-0.01333966423019417,-0.016906959722231107,-0.027026676377943204,0.0006424670956617362,-0.010352320708337803
2023-03-03,-0.005463475318495448,-0.002330098141623438,0.0015923570243634444,0.0,0.004228336109521447,0.0048504541337495155,-0.0009220839749684018,0.0037852420930546415,-0.002572348685311532,-0.000761711348241878
2023-03-06,-0.0060135126241647185,-0.005751344020392679,-0.03439546014802053,-0.03322564762832059,-0.003287159569457465,0.000460723343786551,0.037569478347195595,0.015048264824205404,-0.010681441578147766,0.01337221894017171
2023-03-07,-0.010480037177444501,-0.020394257940345994,-0.0138876726789956,-0.011963166058274854,-0.006133541285836319,-0.030397477184370914,-0.012966870707157074,-0.015346579349363232,-0.02604399715091077,-0.024868066578013437
2023-03-08,-0.010048641338898712,-0.00575361186976675,-0.014294966987005164,-0.015435808129839579,-0.00807797217512407,-0.0038059037376783067,-0.013137221781687192,-0.011176094225860744,-0.0023407467634637413,0.0020533888118419164
2023-03-09,-0.00022596061602708772,-0.006544196524213675,-0.012570741865788548,-0.011735256218420975,-0.007662872745568983,-0.00549648892463539,-0.01933761915015797,-0.0018119138258594347,-0.010770888375911447,-0.01758969302698654
2023-03-10,-0.011375058021505069,-0.014037459675588337,-0.013817145553141952,-0.015578845028293653,-0.0024067400305649578,0.0031104224143923,-0.02114243657380932,0.021874315120123278,-0.015001986094575148,-0.013398335199818145
2023-03-13,0.0068337395785649235,0.017063180592125526,0.010810916104215362,0.0005707762712039433,0.009114958765683578,-0.010566861050415266,-0.0030911925696730513,-0.03457394461649255,0.01229103899207118,0.036358198401398756
2023-03-14,0.002267574667780714,-0.01685832552636768,-0.022619494168913068,-0.013500133225454736,0.006189022373706443,0.0014475273938883149,-0.0026231086937658077,-0.012243008050566218,0.0023724803536304684,-0.007937565679839942
2023-03-15,-0.008575738099973584,-0.015273774737861956,0.010721030377298657,0.008638118785634585,-0.0028517129591882906,-0.0024137110439292897,0.008559253395670208,0.0019865078833776195,-0.011919092237210105,0.004616576550181328
2023-03-16,0.0006109206535587219,-0.005840650729542318,-0.01579326531194436,-0.00661587340486669,0.009474253719682135,-0.004602163869408038,-0.05448818528406996,-0.007476331858328855,-0.00308801068857667,-0.02776154417342447
2023-03-17,-0.005718406305041945,-0.014221993729234939,0.021219214597941516,-0.008404628519857571,-0.00047158689862447645,-0.009023351066290264,-0.016891867670218108,-0.023993057279128926,-0.007935180502603334,0.05974211171480048
2023-03-20,-0.00714371052750451,-0.013889112160667239,-0.013510774270155235,-0.007009374492576548,-0.011862535309820288,-0.010342372414594792,-0.003055770139477776,0.010503714629978234,-0.011496381626153074,0.0223021129271479
2023-03-21,0.02591025502457267,0.03353569670081491,0.009389740349839304,0.0032187299186157148,-0.00047744092575552344,0.029270382300113695,0.006102230987643065,0.035752712597892256,0.015299324843845774,-0.006321440938797718
2023-03-22,-0.0009300097898607973,-0.002447854142788586,0.010593548425933186,0.009015620176438421,0.0014316394714373182,0.024458063509900985,-0.0017759740809037972,0.013670166723622756,-0.00345662286791093,0.042966035883443165
2023-03-23,0.000851133439766727,0.01454665226185714,0.008138832675447016,0.018928009885518904,-0.0023872057171061556,0.0009378664227899236,0.0032957312123196303,-0.0020562207901813068,0.004491284108687488,0.04567003683318838
2023-03-24,0.002116236142175154,-0.008049579068291735,-0.014611347181064271,-0.02211780525361906,-0.0067146535256408235,-0.022994968395152693,0.013574869091069086,-0.01212197276818383,0.004127972838030569,-0.0044742803949211485
2023-03-27,-0.006107603839250686,-0.0136141684925013,-0.0045558165358605685,-0.006410278360919008,-0.022385362960800403,0.03718950573346991,0.005974625688887514,0.0073916901959583114,-0.0003433476428580384,-0.022447377171343152
2023-03-28,0.007893910424196626,0.010916511741350554,-0.002394689290662555,0.005538565389839434,-0.006913607784817977,-0.006490518844663562,-0.010980893967031946,-0.009884759232541285,-0.004129393342011234,-0.02695956909731878
2023-03-29,0.004591530548257339,0.014338272356865467,-0.010076755583757535,-0.008172841755874405,0.026407402465819185,0.0037140246963716095,0.004506767768258424,0.01912316404598613,-0.01039870722089864,0.008211189830394705
2023-03-30,0.005571045049455492,0.015800364269975553,0.0013201322049227748,0.006718296044879946,0.023844715794554716,-0.0034814935942892866,0.011919684210116799,-0.00017493658593448203,0.01727158650866034,-0.028437935320533292
2023-03-31,0.011049836186584727,-0.007031061616691758,0.002635047638005261,-0.002331682781840705,0.001412762184588967,-0.004427363634107895,-0.0024715781242168333,0.014736795426006921,-0.002743485945750468,0.025161545775986394
2023-04-03,-0.00990049693006334,-0.009230285579469033,0.0017528488274143328,0.002913754975224947,-0.007083854888405128,-0.0060904381281479125,0.005429430909253075,-0.018241969140722958,-0.0044742803949211485,-0.005406053828970858
2023-04-04,0.006923542723178855,0.004906229497041892,-0.0024109600719635083,-0.0026219971321634894,0.008024588730124904,0.013767572496047986,-0.01088850153852583,-0.027228995964422964,0.004130814823967821,0.05680482788541319
2023-04-06,-0.009763198649230809,-0.029017526376928338,-0.010810916104215806,-0.014101291240605995,-0.0032964475341787924,-0.00861171387517734,0.002485090742146312,5.1545063282532055e-05,-0.006548360466968273,-0.0236577441099044
2023-04-07,-0.003327808642521468,-0.007797721281394665,0.012126705767735668,0.010008914877321473,-0.005676458004805429,0.053919576208735,0.0044576596845185,0.006396692459922804,0.007578403476494966,0.038466280827795796
2023-04-10,-0.010829001965812601,-0.023602283698665794,0.009379499453228135,0.00292483390724696,0.007561472700576388,0.024503523055913856,0.018605187831034264,0.02902338678503913,-0.009655247421334057,-0.011696039763191113
2023-04-11,-0.014898490061301395,-0.022565172350005547,-0.008722253290890158,-0.015006902199982797,0.0018814680997056854,-0.005635038751531152,-0.01885231497920925,-0.0051374246366870935,-0.011850957799629303,-0.014984066549899033
2023-04-12,-0.029889421198189936,-0.026436224525534513,-0.001314924581308663,0.00029642804426366354,0.005623257554362215,-0.008293369228066005,-0.02123222010577397,-0.020052189625666905,-0.012703064256253782,0.04386378089892151
2023-04-13,0.01691533118102928,0.011648421219462968,-0.010582109330536937,0.007970521901281558,-0.011751016535519021,0.03700142469277612,-0.005823538422845775,-0.009612131371934396,-0.0021329549501416523,-0.0255556115651836
2023-04-14,-0.005575584368551212,-0.012957433671256346,0.008166914392109259,0.011111225425071147,0.0028328630843046376,0.007783777597627939,-0.0030518843626645697,0.022991274309752896,-0.006426298445528111,-0.014260491219157068
2023-04-17,0.022837232761856008,0.014642543321258472,0.04281604815955431,0.023280258159876333,0.004234304138788225,0.03237062348757114,0.009127852422089688,0.026306520889042062,0.009269228576362476,-0.013783971487842717
2023-04-18,0.002848193323887749,0.0007854137851159848,0.02372639914650998,0.013544225107757324,-0.001879699801577761,-0.00733051541625418,0.009795381598738828,0.002742142546777515,0.010940642039282356,-0.009372568324784503
2023-04-19,0.0005686664924358098,-0.01144932277996169,-0.00453515516539138,-0.0050576112304385745,-0.00850264924064037,-0.005533367945655954,-0.027364261246779265,0.0033440357266600884,-0.009522202085148646,-0.008765915416467429
2023-04-20,-0.009780476035425423,-0.015952766910737992,0.008025560105159979,-0.014470390101773312,0.0023691079548040506,-0.017831697857966233,-0.03449518914011929,-0.03564498051498166,-0.004973367267057771,-0.03633331942444551
2023-04-21,-0.00946551258006778,-0.008683122573461155,-0.042925044717033956,-0.014102982342282466,-0.003318324922136018,-0.010092600387224149,-0.004530320872853988,0.02244816418919715,-0.002853068982406448,-0.04672598178851661
2023-04-24,-0.011934366404447339,-0.023530497410193973,-0.007300869878502425,-0.02643325706815558,-0.0014255169912211763,0.021533182789117422,-0.03285214670240544,-0.020228407450884056,-0.02312241742085419,-0.011903394948554524
2023-04-25,0.014775926833170416,0.010657294473988443,-0.006703452499792206,0.01271642154365571,0.00663509543216545,-0.007681964487754822,-0.034253769940411516,-0.028055699449220484,0.005467482182133665,-0.04694473426518897
2023-04-26,0.007788681081939863,-0.007032918087357842,-0.006530280063413052,-0.006190145042380024,0.00047225502648684525,0.004574763645006197,0.03508147036013076,-0.541702561361264,-0.0018191745966582573,-0.00938974034983886
2023-04-27,0.008001573319843303,0.003315770697311038,0.09533003308855514,-0.03582023286520508,0.032972571361510994,0.0,-0.008029947619172528,0.02854200333948409,0.012305620356766411,0.021334142474991324
2023-04-28,0.001477927986981875,-0.0010054115641269235,0.027994389507878026,0.029293956363929397,-0.00045693398099100335,0.009292787575459371,-0.031058397019972706,-0.0006495615687951428,0.061386075383409455,-0.003965636393347349
2023-05-04,-0.006050576511850814,-0.00029590176277416447,0.03602285224938173,0.015650695949457116,0.03060544907607765,0.012663567923857588,-0.02262277453774786,-0.023359302147141214,0.009762743758610082,-0.014676714415932324
2023-05-05,5.714448985738585e-05,0.027784428953532725,0.002417931058046996,0.016274698063042603,-0.02060081810615122,-0.03721744399264493,-0.02765975588271763,0.006541170675546049,-0.004701150364094797,-0.031124543503930013
2023-05-08,-0.016989217219835595,-0.013387235950152565,0.02004664832690395,0.025894176876326558,0.010801185117347512,-0.02043058932722097,0.01109623021104289,0.01664484377025577,0.014037663667693767,-0.00388997434117222
2023-05-09,0.0008598352899520378,0.019470817614590352,-0.02656982866602764,-0.01728333147838823,0.018186351755904884,-0.012548844898303546,-0.015024321075438607,-0.021812357422446027,-0.007662872745569427,0.0008348407330567298
2023-05-10,0.0017406444777838814,-0.008331226906561184,-0.022120194851222408,-0.017005742000244073,-0.01595071478629606,0.009102793674161891,0.011439016965966609,0.029193739003937402,-0.0023438818699834663,0.01243969047563942
2023-05-11,-0.004607700616247712,-0.004336645612220913,0.0007643799340257829,0.0014524330803151742,0.018146105349731823,0.0017245100199660968,0.010125160949873813,0.033327959827902376,-0.008416141244003583,-0.0035778213478838694
2023-05-12,-0.006233461692071174,-0.0187172803564577,-0.020846151520936385,-0.01197269375449439,0.004812960505009123,-0.020013720003279722,-0.028551901928441037,-0.010117566134044687,0.006402717745031428,-0.022867700316674622
2023-05-15,0.00578492278545184,0.017963678975903896,0.04649341812175889,0.019203383247639927,0.003920719463745392,0.041533672660919674,0.030919467402519274,0.001301782786142347,0.016325533332524955,-0.002542015208693904
2023-05-16,-0.00760913604967417,-0.011372705901793623,-0.009540807569769605,0.003452247387229601,-0.0017406444777838814,0.035004091491086964,-0.005632147687869793,0.0029751326183609095,-0.006964047378993143,0.002542015208693904
2023-05-17,-0.001345361497056885,-0.006768115763009064,-0.0245469465084609,-0.009232610302728705,-0.0034904049397685988,-0.012906048237119716,0.00029722098598927715,0.004175371410480189,-0.007683351644624192,-0.012775191488723081
2023-05-18,-0.0058962434972817945,-0.004023674067635596,-0.0017352747051737616,-0.0014503265776464325,0.008703275128301602,-0.009946207150330011,-0.017084185935245966,-0.0321788983642346,-0.0050428750338618045,0.015029348543522225
2023-05-19,0.005014020237591232,0.01260842720797406,-0.01516653609742935,-0.014620143454962431,-0.011329097205969418,0.022852255387449727,-0.0036341651142195452,-0.010380716054561034,0.0060484055358802635,0.0025298678285796683
2023-05-22,0.0269933672633762,0.03909685392476625,0.007417562801208977,0.007336790063854348,0.017807202348388618,-0.008790816092012932,0.01176306732036192,0.001303497903443862,0.01990115431729489,0.007272759329080003
2023-05-23,-0.012361310531688652,-0.020534836064706852,-0.03000619908027069,-0.017699577099401065,-0.0082127109546275,0.0081800047119307,-0.01358511459030698,-0.021417478012707214,0.0071989839702544245,0.02205161019766866
2023-05-24,-0.007946599037255808,-0.021200155107553798,-0.029075952900188273,-0.020141970580885626,-0.01795537618224463,-0.02349170464116135,0.0063626937878287215,-0.0007544323254853325,-0.02208759646400482,-0.018712708932154154
2023-05-25,-0.005803234434741178,-0.012701396568127521,-0.001445236134698824,-0.01560858008074284,0.003088464841911165,0.002082900149009248,-0.020443122311942563,-0.00516313961338799,-0.009040744652148991,-0.029600469776290605
2023-05-26,-0.006156478419910627,0.011232751862968016,0.0008261049623055072,0.009822055635458682,-0.006186497857498807,0.007049583414262983,-0.0297221941342789,-0.018420210522696934,-0.008783840260403242,0.01392265705706075
2023-05-29,-0.0009231971681513684,-0.010876097279147956,-0.00829192147310831,-0.0015283512068697824,0.014521707334617329,-0.0020682530640590002,-0.0401738506360827,-0.013453733334492846,-0.009889253654963515,-0.0414806011207185
2023-05-30,-0.012337488089893434,-0.018535155589669117,-0.0010413413416285877,-0.0015306906402128284,-0.006134988567516153,-0.00020706077307641735,-0.025105921131076236,0.035882143754423446,0.0003426417713838781,0.033548548200814654
2023-05-31,-0.023894209354346607,-0.024453493636633183,-0.020845054160095966,-0.010471299867295336,-0.01060549047831838,-0.058413876179483015,-0.02332067277439842,-0.017124320191662434,-0.013103635769586397,-0.008569032725101344
2023-06-01,0.004300396847999544,0.013189713555009419,0.009528923345878404,-0.007458083047203967,-0.005791952034861936,0.00830787463173488,-0.006614471461352078,0.0077916038111931485,0.009671923410673244,0.02939725540235827
2023-06-02,0.020977506110246402,0.027657097632120653,0.03418250974453807,0.031017379812294354,-0.0022366370317126183,0.0021748594914479114,0.021082515771553734,0.024550353404839242,0.022770737457780577,0.00027851274375834123
2023-06-05,-0.003357719907261192,-0.01621170299661756,-0.012089072543349566,-0.0009075783409242533,0.005359548336196784,0.010158954764160288,-0.028796439015481123,-0.038555551827141876,-0.008436021010042705,0.0025031302181184323
2023-06-06,0.001194481518016488,0.0025391465186759277,0.005140342355945293,0.0009075783409242533,-0.005807476675153023,-0.004094392100649991,-0.026753869629484228,-0.0023685899749903427,-0.0003389256090740034,-0.031032109247728368
2023-06-07,-0.009699011198738283,-0.009829579781355235,0.005114054308385629,0.006930869992696653,0.0008956561279442887,-0.01764559453575565,-0.005801321564086415,-0.05618243255279598,0.0,-0.005170939416232034
2023-06-08,0.01030471018486967,0.004987541511038529,0.013376770197802923,0.023153304974716793,0.01422246195880561,0.001976068268445541,-0.005835173376722125,0.0034191360270021676,0.0037218787677257836,-0.0049083395784705885
2023-06-09,-0.0011997601919047085,-0.001396436279260449,-0.0038325815949722397,-0.010026624843292531,0.008787402766804231,0.004377332443653792,0.009464941427300921,0.01918878065086904,0.007737633222060225,-0.0654844580233882
2023-06-12,0.017846993625060925,0.03474976506332439,0.0018172645081957484,-0.00029642804426366354,-0.021220955482885273,-0.02409222504948083,0.007939413772192427,-0.00042453832095912247,0.001674200960286143,-0.019030366851589875
2023-06-13,0.0017673053200839561,0.015546617237382598,0.0012096775668668514,0.0,-0.0035810244177061357,0.006688988150796327,-0.0025193463028534424,0.005411141305924794,-0.032644857307802866,0.05603792631069382
2023-06-14,0.016276469405103633,0.026230264229488043,-0.0323533541830483,-0.010131195117995428,-0.0022446698538236554,0.02197890671877545,-0.015616805489854446,0.0014067997630817786,0.00482759558274104,-0.006273358886112135
2023-06-15,0.016152544822929826,0.02402250749062329,0.007670816093611421,0.009834679178091665,0.0013474064468339542,0.020015733317231277,0.0658645083920506,0.07872975615790789,0.00788080145223713,0.002095495453218188
2023-06-16,0.024033650473529455,0.011363758650315248,0.0037105793965355183,0.006208445662483797,-0.003597126180849397,0.01207258123426902,0.015303818490834065,0.000952422254774099,0.002386229187507194,0.049587294542450255
2023-06-19,-0.030321181904570338,-0.03617451008693706,-0.022893819865852816,-0.010368927146743978,-0.0009013069560128706,-0.013138565771837918,-0.02218142469293749,-0.014031342668140212,-0.010955261912608538,0.028336865845822512
2023-06-20,-0.0003096809737259676,-0.02008316681268596,-0.012925277939100255,-0.011682025917511663,-0.004065964490195029,-0.0021353841127242923,-0.008664063901338004,0.0005264543422462964,-0.007948892726544532,0.005242114363251726
2023-06-21,-0.004385959337274592,-0.0151127626638079,-0.00534589105925809,-0.0006027727729218668,0.0004525910916810538,-0.008156301923823772,-0.026094569463836148,-0.013645306771360666,-0.0006942034294756816,-0.033009990151048996
2023-06-26,-0.015577281042333802,-0.028044197209618815,-0.01534004370453479,-0.017026863157733274,0.00631486085867472,-0.000862440760658334,0.00071428574465493,0.0011553502884886768,-0.002433514150701921,-0.03826553807895339
2023-06-27,0.0011988130264262153,-0.0032453901915081573,0.008023462754485955,0.0064190958607168724,-0.005410292728247779,-0.008883169669855029,0.006050917198517247,-0.007578495615274683,-0.00453515516539138,0.007653849551448211
2023-06-28,0.010077336453301555,0.003305390791532581,0.0051701967819575145,0.006983480635750272,0.016143848371356295,0.005425949285997156,0.039657370547916404,0.00459853032601476,-0.0024505526003983924,-0.010613307171648767
2023-06-29,-0.00852394261847067,-0.017308589937544916,-0.0051701967819575145,-0.011258296305892923,-0.015691870962531773,0.018231067943695223,-0.01615988406434221,-0.008948605576014401,-0.01057092296001061,-0.011026784354539743
2023-06-30,-0.013340541078267876,-0.0014661863461062907,0.0021574981400211968,0.0024449889930666657,-0.003168140237602035,0.017904638385481064,-0.006258713058830079,0.027877450650493962,0.0031830265601211494,-0.007821941204127825
2023-07-03,0.019385105283225457,0.022906147606124527,0.03764453795451583,0.028882874148786097,0.002716162828777513,-0.01133751384111914,0.007298034129346931,0.0047528813827524274,0.028200302145824363,0.008720548423499785
2023-07-04,0.003762993990832797,0.00512546565773242,-0.004785195857277991,-0.006247231384435725,-0.0031695747612787706,0.03097638791304158,-0.0020797234532494713,-0.0027443225029673,0.0003432297957153274,0.0350087229664231
2023-07-05,-0.008833538772544003,-0.017026790240270095,-0.012591981697359866,-0.014427662346520709,0.0009066183757897583,0.006935972318456329,-0.0235222359856766,-0.007618917667651104,-0.012778623203602013,-0.00929428706256008
2023-07-06,-0.007254972787576364,-0.006551831250797946,-0.0010565241342002096,-0.01371763622879918,-0.0031767669103288654,-0.022200295095885725,-0.009279152946301661,-0.011760680252206335,-0.005227403435152045,-0.011445466102663726
2023-07-07,-0.007633377373664096,-0.003902919943986838,-0.001904560939691713,-0.008321823337492429,0.0,0.005803125093864825,-0.019186108885048014,-0.011630638822702544,0.002094241603114888,-0.017267472797455774
2023-07-10,0.006411242481192403,0.005727183143733328,-0.012790624173546039,0.004323663313692272,0.0,-0.01625035759879978,0.08172819602131876,0.029045385111628796,-0.01051534399952292,0.02227263560912318
2023-07-11,0.005335847776659186,0.0032753107463134867,0.01257878220686015,0.0079803984001936,0.0,0.013145729212502566,-0.015272653894090826,0.001266679939614157,0.004219415542708216,0.004395611473038574
2023-07-12,0.0022197567383130945,0.0019358747727542536,0.0019049640642747612,0.01486903437215048,0.006343473922174603,-0.009790725017059465,0.043827050736026774,-0.009208975797646346,-0.004924385610677984,0.0026281224062691955
2023-07-13,0.014252022707201384,0.04253695007396452,0.027736112232192855,-0.04151249390427081,0.012567490363523337,0.005011495140978095,0.003920292508555967,0.013173345275585113,0.021971241269637343,0.017059832565950117
2023-07-14,0.008363455979014667,-0.0038300882476001163,0.0004112687699344697,0.0025086247085184255,0.0022276685532238716,-0.010258647488459172,-0.02075515123022642,-0.007506363254687898,-0.03224955255977324,-0.00661587340486669
2023-07-17,-0.013224538620229431,-0.013639901208812866,-0.012204102241610393,-0.00880785813650542,-0.001336005542742047,-0.006756782462880029,-0.00835706017074278,-0.01158781939549769,-0.018698854774867435,-0.012779726646399148
2023-07-18,-0.004153193121049448,-0.007454332571362521,-0.009409374178926733,-0.006021250960053681,-0.0013377928416602458,0.0,-0.009782503379416774,-0.0006649673302767667,-0.009115833408009255,-0.004100767316637999
2023-07-19,0.00011608334797408304,-0.00047517225888071835,0.0035650661644961446,0.0038071111973643212,0.004008021397538641,-0.010863883608664082,-0.008852628464196766,-0.026967926427507116,-0.0022002209096028125,0.006436534801953719
2023-07-20,0.0005802146957085696,0.0014248399465879302,-0.007353746764611202,0.0034771648753335604,-0.004454350349380132,-0.01575855600229037,0.010884461198423345,0.007036687757025817,-0.0022050725583140363,-0.013801423004394575
2023-07-21,0.02706656803491292,0.015949489148344043,-0.00953498059835578,0.003465116083301467,-0.03636764417087468,-0.0006529546428528654,-0.02987346608672725,0.0024399072288616708,0.008791265411170812,-0.011897820303186535
2023-07-24,-8.468715159803963e-05,-0.011214631817667353,-0.007479466431292714,-0.011067306639681362,-0.0018535686493232895,0.029180358318082078,-0.012274395730739407,-0.011848426055834693,-0.005485477276671258,-0.014163262218731543
2023-07-25,0.03189424992677736,0.05814858110172327,0.06095262716838601,0.056257106883935926,-0.010725213557536861,0.009889612428562344,0.030579172060019033,0.033102072436689056,0.017808938781106676,0.04567816600023322
2023-07-26,0.0,-0.009515884848529055,-0.0018179986827266958,0.002401682331247379,0.0028089906110548846,0.006677821142605289,0.0023927545170887576,0.0013686234228345029,-0.0014419613169014411,-0.011078830518195026
2023-07-27,0.00517104283792591,0.0037051633922011717,0.00845585871856569,0.00925241640102703,-0.0075082473791492355,0.0006237654844105656,-0.022092717678893425,0.0014108105681902572,0.0014419613169014411,0.016860864551103916
2023-07-28,0.03157934506335813,0.015126525769136201,0.0402765370443916,0.04189094170915997,0.00516797015844217,0.01935013030000965,0.029236820185025714,0.013434768728484592,0.02560595090517115,0.023644457142311115
2023-07-31,-0.008693451052343093,-0.000993980975315445,0.012819461887436656,0.013020280173884125,0.0056074913289454464,-0.09555485805364938,0.011794576492836661,0.03292302482402221,0.006300335856250783,0.02227263560912318
2023-08-01,0.0044673486188377964,-0.006207069363319384,-0.01648494298578118,-0.016159104266107338,0.012042757863182096,-0.027286822558994395,-0.018597323815589206,-0.00950878796902721,-0.014408964807575586,-0.008849615276982803
2023-08-02,-0.0047758116775140635,-0.010618777473790253,-0.006398470690469615,-0.027819817866782337,-0.006003250539018623,-0.02568434439669165,-0.007193043515911324,0.004237294475515796,0.0,-0.00948932602111574
2023-08-03,-0.0008141611264766979,0.0034774840136826413,0.019264706746661364,0.01892066339952647,0.0032369970461285646,-0.00023654642333825748,0.05874227784428632,0.011100946559445823,0.00916144533213048,-0.0036522024020584354
2023-08-04,0.007953508843085544,0.003800161050272699,-0.009778622642231838,0.005750447128438196,-0.005555569844601926,-0.028799686610231134,-0.00292160571395339,0.026288525111123562,-0.007039803800772404,0.028303776162851513
2023-08-07,-0.0029301337936864513,-0.011049216423774766,-0.0038610086574593083,-0.010954275003464797,0.01748779035157222,-0.04838849174614612,-0.008160645908865227,0.003983745105966996,-0.0070897142053674145,0.0008204567669323204
2023-08-08,0.0010958383067709576,-0.0024280765197062237,-0.008547060578458776,-0.010196738020515461,0.008178146443892143,0.025483907145870788,-0.009219689937211228,0.002633552967520103,-0.0007117438022885558,-0.006857796729609067
2023-08-09,0.00014813717529449377,0.0016946284346959217,0.0,-0.0038139990490830833,0.00045238634564803704,0.0017423775409906028,-0.00397746629772433,-0.0005666410480671402,0.002488890173689473,-0.009680617710723372
2023-08-10,-0.008116306824471842,-0.00492235569121835,0.0019489384457807013,0.003521130398578709,-0.0009049774373290909,-0.0077393970133647905,0.003315652904937849,-0.0020263431452329783,-0.010351689795984775,0.0060958903093384365
2023-08-11,-0.022109285588101102,-0.022658496545030715,-0.039516707110934135,-0.029427000734422837,-0.01551125989733304,-0.017699577099401065,-0.026498280225288884,-0.02049252039011673,-0.01336483682133105,-0.02630994186200164
2023-08-14,-0.01704742961309247,-0.021937650253107677,-0.01716078885364647,-0.021034154545426453,0.0027548226788445263,0.03558380935582184,-0.003745960450490582,-0.0362602962023324,-0.004373184812223041,-0.008544626182389159
2023-08-15,0.0055199560510841295,-0.012652353074031453,0.0030861047022012755,-0.003085469896154436,0.009582551080996371,-0.0029585820397453055,-0.03189178423792116,-0.006893607652902034,-0.0003652968077147989,-0.004012616447291784
2023-08-16,0.0038646008164393564,0.001200480336249754,-0.006802046220022895,-0.012125129118540467,-0.006835296605857355,0.012513965291474527,-0.015977616656063898,0.005604670847170645,-0.007702220362092671,-0.031507857222220714
2023-08-17,0.004413323866780061,0.010383813536979147,-0.009141971004272609,-0.005646188149039055,0.011366341965457494,-0.010787062185611873,0.008553152641718409,0.011328538380925401,0.0055076327951182336,0.019372487261530402
2023-08-18,-0.014025305373138508,-0.029583143549428037,-0.008173575840641156,0.002827078999303012,-0.002716162828777513,-0.015400205006072198,-0.009627458922303322,0.0026320273302946617,-0.01326963813060722,-0.0146415499929482
2023-08-21,-0.006450396503771216,-0.009585326845994224,-0.018049115092665158,-0.023806869468497638,-0.009565092283757348,-0.02920842558305603,-0.032777879743706606,-0.012414040787462888,-0.01382424406990701,0.013769076475337982
2023-08-22,-0.001676446327252279,0.0011106998550216574,0.007046041748334009,0.006084886669085687,0.006841531816716984,0.008980175807584256,-0.044283488890123124,-0.009531891625359279,0.005627476865728287,0.023577860471751144
2023-08-23,-0.007860792863934485,-0.01328551947254386,-0.011555874367795482,-0.015120120771205503,-0.0022753138371358617,-0.01156082240107592,-0.04067688121069146,-0.01418463499195699,-0.013938820516520956,-0.029121273646048884
2023-08-24,0.0235645808858731,0.013963673686135714,0.0008605852510474854,0.006784067369144164,-0.008234264274724179,0.04397979411653452,0.03757610353244312,0.006353400712099777,0.005297023357869968,0.00029252596376494466
2023-08-25,0.004767563297034982,-0.004385294696411357,0.010908032442728643,0.015969678257132358,0.017755986632626897,0.006899978089996761,-0.008968669982760247,-0.002667892854923082,0.00938974034983886,-0.026976587698201993
2023-08-28,0.005459104528753755,-0.02545272808401755,0.023129710675323434,0.02193757671938945,-0.0018066852249489784,0.029043667770519477,0.036535499815414596,0.009415116188521644,0.0026134045115169258,0.02257968775216579
2023-08-29,0.008876167111687039,0.012054802169624956,0.00931009103988023,-0.006842950496904088,-0.009082714574319084,0.007841313790395876,0.023143996816847867,0.03411844789169294,-0.00748506488656675,0.03804493406426923
2023-08-30,0.002519334653272587,-0.009961623263225583,-0.006404318966247935,-0.011931067747292357,0.0022784243167039975,-0.002369669355318127,-0.0092679069307815,-0.004201686853700259,-0.0026330652790176323,0.002542015208693904
2023-08-31,-0.004860933146906277,-0.012176225404428642,0.01112954604275096,-0.003480465465643956,0.0040881274288375735,-0.008816928319444806,-0.011236073266925661,-0.004008021397538641,-0.020933209666465835,-0.004807021839546177
2023-09-01,0.002190344435144098,0.024268575800782344,0.02649563426307333,0.022564417076648358,-0.011397433611818997,-0.0060016984857576006,0.0011293055971512977,-0.0006343165452138422,0.0019212301778939178,0.007623925110659346
2023-09-04,0.008044056772905428,0.04999973241767375,0.026589454189239525,0.03830255441426633,-0.006439764665269632,-0.007977801287181396,0.017158197889663995,0.005273717528075039,0.014860246784109687,0.007287027761091469
2023-09-05,-0.003919783792982301,-0.01324760869771513,-0.024595435582375202,-0.012605208918982314,0.010101095986503772,0.00024268899524537701,0.038452325164936685,-0.0034986441572080196,-0.015628295977011764,-0.007849773977405494
2023-09-06,0.0012366590279437872,-0.0001810446279959521,0.01639866837819648,0.00752222593139118,-0.0036613313212341403,-0.01171602369040503,-0.008218734845843123,-0.010185980607776202,0.0061279395131466075,-0.010183963547044428
2023-09-07,-0.012435953726618543,-0.015755062954237786,-0.016000341346440905,-0.006616565492128856,0.0018323413280616485,-0.010861622457065234,-0.04139026982005989,-0.034325284236158105,-0.011907188886920661,-0.025048092313997294
2023-09-08,-0.010666038488588825,-0.007261123527866786,-0.0019932237015716225,0.0009048409605441066,-0.0004577706648949409,0.007172035194412896,-0.015831465216680662,-0.015886417097398464,-0.0038714721216583925,-0.009373237928107958
2023-09-11,0.002016113101777961,0.014895914011127331,0.004777079148278851,-0.007869290003712504,0.006844653689965785,0.057924781295893624,0.01283520829344642,-0.006344656466893639,0.012719385199996047,0.000588408372375504
2023-09-12,-0.0012135757214783993,-0.00837080621815467,-0.008174704081583606,-0.0009119927672696093,0.003631415701975005,-0.0020952166901291314,0.007101506204310937,-0.016384110186864476,0.0038226346242775655,-0.006787690218684972
2023-09-13,-2.7473508671604918e-05,0.004102507055115723,-0.009049835519917782,-0.003961608106718195,0.008122788343604359,-0.01668467796146711,-0.016523094645832792,-0.006121575740829499,-0.0011452568535612606,-0.01611975203097371
2023-09-14,-0.0006705876137624855,-0.010133665714805673,-0.0062823187673966,0.00972356491244053,0.019582290179501083,0.009199262893155868,-0.010658646776519731,-0.007739940847705462,0.0026702285558788397,0.0003008876207446498
2023-09-15,-0.020385744342178214,-0.014236664564165835,0.0002032726910141669,-0.003331821952430314,-0.007520495520260795,0.023437666419866776,0.004962789342128904,-0.033928826364691744,-0.004581909505111614,-0.020976601332669542
2023-09-18,0.026147995441169414,0.019162782900222552,0.0020304575503820033,0.0018187334507109298,-0.004896515458653994,0.017281012127177586,0.002282237582466262,0.025190248828558914,0.005724114083888843,-0.0018450189735688127
2023-09-19,-0.0012362766676572434,-0.011677251097381713,-0.0004057618233801463,-0.0018187334507109298,0.0053404666313174864,0.006068116159012149,-0.01415749684521872,-0.003479245599154801,-0.0019043997376275712,-0.019894967662836827
2023-09-20,-0.0016105444819665138,-0.006671887570814938,-0.007945442634710087,-0.007002616528181793,0.0013306721857051507,-0.006293569885590156,-0.008125407443916988,-0.01146334375730973,-0.00343708568270662,0.005010971963599342
2023-09-21,-0.014140071448584202,-0.013732499268481746,-0.00821528547329331,-0.011060020574936491,-0.00801072374607914,-0.01042620505544578,-0.014084739881738972,-0.015217632789361168,-0.01076933485236431,-0.0028155814001635804
2023-09-22,0.027753132201432607,0.014232874560383024,0.03724372967100775,0.02952580938449545,0.004458322141711157,0.003865837674054351,0.02221014732565596,0.020112730841953308,0.028213842443942205,0.03931710334083505
2023-09-25,-0.009029284081560007,-0.006398616649474498,-0.025557281957925504,-0.01025031585616798,0.00044474094573399015,0.01777124713060818,0.008824150869856329,-0.007853256610345305,0.002253098962909039,-0.00452830962474815
2023-09-26,-0.008979388144326528,-0.01426105614446982,-0.01024389207910037,-0.006079046076382433,-0.0035634781583886443,-0.003350086885281822,-0.001529052285678123,-0.023105092785977277,0.004117542781698624,0.013225320508418292
2023-09-27,-0.0011019284861566447,-0.00038309284084903084,0.002057190604133563,0.0006095702718469376,-0.008964649906499478,0.013554257059523511,0.05940870669060949,-0.004116038739337746,-0.004868011860073018,-0.0011951002318757453
2023-09-28,-0.00855356698061005,-0.003134097035965233,-0.007425776696849518,0.004559971421695064,0.0013498314760456154,-0.008199491921863533,-0.01672158191142392,-0.003098185369369233,-0.0041376775225399065,0.01040901591473542
2023-10-09,-0.012054235539820546,-0.011792513497538515,-0.004773278752657539,-0.011899453909740565,0.0142859572474765,-0.004013383313458796,-0.006620105089606199,-0.03779337194872934,0.001506591622073561,0.006193796530130857
2023-10-10,-0.0039470025867762715,-0.005590238167165751,-0.009825520668494736,0.00030688967557113145,0.002213859660020301,-0.00875131805290641,-0.014495700763785813,-0.003997750186202964,0.008245923784795384,-0.005897982299309046
2023-10-11,0.004790765820635201,0.001888574687868072,0.0018889710727583164,-0.004305049699371288,0.0008841733555673414,0.015209418663528762,0.009316258922237086,0.0002567460025906243,0.009658321735973363,0.010884060967649933
2023-10-12,0.004208170047934168,0.013121087962697509,0.01539772410500495,0.01892608384360228,-0.0004419889574713842,-0.002222223136717272,0.013264748658482706,0.00598911467468799,0.0018467225931644293,0.012213004376234071
2023-10-13,-0.019791429150592066,-0.013576624364679546,-0.009543640901165329,-0.014007537192473496,0.005291017634415418,-0.006696453595121721,-0.01921714718577805,-0.027631498696394807,-0.0092679069307815,-0.005506462254289968
2023-10-16,-0.012123449932920138,-0.02297892199771212,-0.00900435358192464,-0.009242209964821058,0.0017574696966460301,-0.00945101544227267,-0.017692914008593075,-0.031119305657696827,-0.014253804715863794,-0.01877438541191223
2023-10-17,-0.002257010709558749,0.001796706522266156,0.0029405608250465676,0.0064785048432032255,0.007870613432329865,0.005411512642369942,-0.004186495172664451,0.0036736940290369446,0.014253804715863794,0.005021425408603619
2023-10-18,0.0011580777206274817,-0.007809150314164626,-0.006100786777597289,-0.000922934998600855,-0.0004356349448118024,-0.01472447035528468,-0.013438482137615892,0.004626898016101499,-0.009730615699945044,-0.007393202387618647
2023-10-19,-0.05838465556319239,-0.03400784296474857,-0.028683473278181104,-0.028725047111108903,-0.01758287055786667,-0.009400504855818337,-0.015975403068677174,-0.019512814223581643,-0.016303678665930743,-0.013447087431214033
2023-10-20,0.009160369398664159,-0.0038201123032299833,-0.004570690294831703,0.0025308460202850824,-0.008908744889109421,-0.016022634659562662,0.003528723520453081,-0.009348432118135186,-0.007674634753108478,-0.016684749251128395
2023-10-23,-0.0006202531074688267,0.0003478865924808616,0.0021791248544680286,-0.013358977295198304,-0.002688173661800519,0.008159504414079866,-0.03383407301578201,-0.020879449955574003,-0.014355241664191887,0.03339158175285384
2023-10-24,-0.0006267246541380445,0.0020847818530773665,0.0034767527416503796,0.002238926251120432,0.013811758880462932,0.0037079996135211957,0.0,-0.004750065479631083,0.000781250039736392,0.0020688643407074103
2023-10-25,0.020811183407971612,0.03606512407701867,-0.01288086797405219,0.003826535281367782,-0.03100675267086528,-0.0013888891121545122,-0.0020263431452325342,-0.00249716361320651,0.01703486798794218,0.04050307741828041
2023-10-26,-0.0031465248530606615,0.01138532222512545,0.004166215871608703,0.002542913004111913,0.01898791224469143,0.029219152392527814,-0.03089844155123389,0.011806379195808958,-0.0015366887388159611,0.001982722643589785
2023-10-27,0.002675475029342067,0.012761651946606278,-0.011443786860302119,0.0009519277253824399,-0.004038596469684741,0.02114714308738863,0.044197045759966525,0.036664433633016635,0.032901436194388456,0.015721828602682564
2023-10-30,0.002555314386497365,0.023322223777414663,0.0028732476391897244,-0.020183289653270098,0.009398144805881525,0.025659159408892407,0.007179927134808306,0.01770717510416464,-0.007843177461025697,0.018217451091716352
2023-10-31,0.0021274201476302323,-0.003838776307165226,0.003305059745350558,-0.004541039266256153,0.0053309766411810955,0.028778964550043362,-0.041799552195299405,-0.012954519798304531,0.027733335940245407,-0.003013288131282099
2023-11-01,0.055653114894519184,0.02531780798428951,-0.007728867004092699,-0.010129150481537508,0.003979664770415781,0.0006255865077342548,-0.033715793603601885,0.010398335639378864,-0.0036536394315791476,-0.007711412490660763
2023-11-02,-0.0008369635005180953,-0.013211893972230548,-0.0011090164162061988,0.007524982343149578,0.004403353658270159,-0.0014603110971029842,-0.040232798220503074,-0.010559986635231944,0.0007317965932145398,-0.00832875441981562
2023-11-03,0.017679267620404282,0.011147264090014097,0.003986716243821409,0.010053595300601348,-0.00219925314066316,-0.008175289218039339,0.020318720221854214,0.010026624843293419,0.009464941427300921,-0.001674107533849778
2023-11-06,0.00041951403227269424,0.0010641295486335522,0.0179632431446195,0.004828594606195669,-0.0209128867350854,0.017112270658162565,0.025044486857598525,0.050150943476221954,-0.001813237124181022,0.030797044854130373
2023-11-07,-0.011562170007096917,-0.003321325315440049,-0.016637861903550988,-0.010978476426323436,0.0013480118868947066,0.002066970558145087,-0.0008532423725839955,-0.03008055391785991,0.001813237124181022,-0.001897276622794486
2023-11-08,0.003994979557663925,-0.004277543164439734,-0.014900753847809867,-0.006514681021193791,0.00448029423276175,0.01739886281012648,-0.0004268943501331002,0.003132507521301342,-0.0007249003579490321,0.009719298972427737
2023-11-09,-0.0023549399183702135,-0.0005044454360074724,-0.030715644102952577,0.0019588644853327786,0.008900815327406164,-0.01843181404338301,0.0344138030315424,-0.0020350133559006167,0.0018112665701695008,-0.004038234051463974
2023-11-10,-0.010235526831452013,-0.010461341245369127,-0.021722213440162452,-0.016442330303912733,0.0,0.00020667562334608647,-0.02972795846184262,-0.012720945301229136,-0.003989125870182075,0.0029629651306568583
2023-11-13,-0.006689592836932157,-0.012958036210720891,0.0009440642664824139,-0.01133723380316276,-0.001773836385291272,-0.022782885307340184,0.01308863945787797,-0.0062619606020959395,-0.0032757081156309376,0.0016124701155684207
2023-11-14,0.0007196956055031123,0.006564152535464274,0.005176482147274619,0.012662615044231273,-0.007126978942114892,-0.005511991907515501,-0.0046247717494769525,-0.02244865888877623,-0.005850108092015027,-0.02034520196050993
2023-11-15,0.0043298920170977695,0.00862211951681946,0.017448389619570293,0.01446442049156671,0.010229130776202133,0.006146040327784874,0.027433141780156767,0.004345943389546747,-0.00036677058911038785,0.004375177884304193
2023-11-16,-0.00729132746976191,-0.005611901725131041,-0.011365076521505202,-0.003269045081903954,0.004855449839226811,-0.01126114099455533,-0.028276312150514737,-0.018215639179662624,-0.008843093736333962,-0.017894489876550512
2023-11-17,-0.003774051219740393,-0.008799876936172346,-0.004910567566681401,-0.006899978089996761,-0.003970885429492643,0.007238694584383865,-0.00507400665773039,-0.0023212124935385603,-0.002594035177046372,-0.008088176849752937
2023-11-20,0.005165089186588645,-0.003878479328570883,0.005843185960229036,0.008208878800426422,0.0013253812410685128,0.007397265053045388,-0.004248094748762199,-0.0023820746382758884,0.007762005335488986,0.0022377631715775337
2023-11-21,0.015482364148376782,0.005812092563965976,0.003721800062586045,-0.004917236592036467,0.0022050725583140363,0.0018933423137812433,-0.008550714774572032,0.0017178802263009274,0.010620865265044355,0.0022327667662565
2023-11-22,-0.004754300557400448,-0.011593018669532107,-0.007925449410085772,-0.008912420769124463,0.0,-0.009290607366826631,-0.021702240638656445,-0.020190277861743766,-0.00914919465358821,-0.008961135294941247
2023-11-23,0.0025171631590437116,-0.0028703783814938433,0.00746098121780614,-0.000663349941405933,-0.003530453799382549,0.0006361997881851877,0.003941323254004203,0.00394700258677716,0.00403596218366209,0.008403410796379518
2023-11-24,-0.005051933281793097,0.0010447274864686662,-0.008397530103869233,-0.004655811536193877,0.00264900817157665,-0.0051009674898438995,-0.015859363240107616,-0.01531076123709152,0.0014635933823767822,-0.0011163830352880488
2023-11-27,-0.007909645756781103,-0.02631730831737311,-0.01987290383438589,-0.020202707317519497,-0.0030911925696726072,-0.002773926882725153,-0.02928796858281313,-0.02487834412311951,-0.006235120144992834,-0.014910952871750816
2023-11-28,0.00342012315127338,-0.0033557078469721446,-0.004310351501122245,-0.008196767204178723,-0.004876977079504297,0.014846508116994173,0.0013708021337786036,0.007121622533859728,0.0033057881344995543,0.0
2023-11-29,0.003200002730670448,-0.003029795281852543,-0.022325605747490762,-0.012422519998557036,-0.0017793599000772709,0.0035725581761387737,-0.020295899619902524,-0.02993404713687209,-0.008100191565006298,-0.007396904280884353
2023-11-30,0.009416228465195076,0.005715261816870765,0.001226241723244481,-0.0003472825178159056,0.01633951123140731,0.007315321576373268,-0.010775461487387616,0.0008986072193728489,0.007366515816762398,-0.0065893376938555015
2023-12-01,-0.017580370457337402,-0.01309237219083581,0.005377671234118697,-0.018580727367702998,-0.0043898226772522975,-0.030446326336912577,-0.0009425071385735784,-0.009022617599637961,-0.007366515816762398,0.020202707317519497
2023-12-04,-0.005451467364184559,-0.009281442456191336,-0.01572513975954326,-0.006389798098771049,-0.0013207133770949397,-0.012747282904362223,-0.007097261870761873,-0.023537690645675013,-0.009285117775679641,-0.017045867272988513
2023-12-05,-0.024113015807896154,-0.022044425187007555,-0.02127473557609738,-0.020508004221126974,-0.005300365765841253,-0.016221311405897332,-0.021599111803461746,-0.0177249850488872,-0.013902158900613415,-0.032026026719408573
2023-12-06,-0.003517002452902318,0.009973231878753097,0.0,0.009046560702120399,-0.00354924951114155,0.003529674963924201,0.02349664557965303,0.025305214239602414,0.0,-0.0059347355198142715
2023-12-07,-0.0017631506183812817,-0.011025162267841004,-0.004818064347681172,0.0017995326072699491,0.004434597067866086,-0.013970733939250746,-0.01528205481093936,0.009836044721908799,-0.003031453628826064,-0.015294945035637664
2023-12-08,0.0028899377513793567,0.0028726591833887483,-0.0038202007493728374,-0.01120966357334785,0.0008845644097341676,0.017926783054741602,-0.002409059223392962,-0.0054864804779866105,0.0003794346469350174,-0.013386266211080855
2023-12-11,-0.004067100924394218,-0.0264432520207043,0.010407506048894621,0.009410130966077901,0.008802873745954898,0.02040887163120697,0.0033710602595840022,0.01070114182172155,-0.001138736126088613,0.045795821965004535
2023-12-12,0.007036434655097956,0.0007181328854404256,0.004786506178402483,0.010392496330101864,0.006986927986680325,-0.0158131747364183,0.00096107647955046,-0.010456657986996909,0.004547184796090509,-0.004692090719728981
2023-12-13,-0.0296699201758015,-0.04043322109549763,-0.022878476271181114,-0.030036634745385538,0.00043506635448054,-0.003937874263896912,-0.025785909349099523,-0.026504740577458996,-0.02371955119655933,-0.015403148136694966
2023-12-14,-0.014624490750462904,-0.008482579106513732,-0.004897548131920004,-0.007004636934963671,0.0008695652721844027,0.002408320813721776,0.0019694738025317626,-0.017216704772774705,0.001933862524950758,-0.005387621532378706
2023-12-15,0.00554727259934662,0.007884403524148986,0.002322881416139566,0.00737194639731209,-0.010045946028238717,-0.02367629125795201,0.01706942199997341,-0.010461219171324032,-0.01439993747897983,-0.00030016509305363925
2023-12-18,0.010281312215921545,0.0022413158430136804,-0.00465117117573044,0.0018345262895929082,0.012650114166626203,0.018414275169901018,-0.023979617315482482,-0.05319663260065344,0.0035218193317967383,-0.005116640207171397
2023-12-19,0.0077914688437727975,-0.005012541823544048,0.0025866543134114295,0.0003665017449856478,-0.0008673027430043945,-0.015730910411304144,0.00887579791396842,0.013717821626865856,-0.005876608488985191,0.005416805300225036
2023-12-20,-0.015165158191673633,-0.009040971701241851,-0.006739268637903528,-0.008463711977605204,0.010787591128996965,-0.012358319290373565,-0.004428051515732001,-0.003698104735690322,-0.00472627898294764,-0.01572930190854427
2023-12-21,0.012175619343307353,0.01479950386150719,0.009061550677574637,0.023736736132245362,-0.006458580039411466,0.005861152937715275,0.04813248575046103,0.03923366744406653,0.012943895173906483,0.0024360547978812264
2023-12-22,0.0003891458298257433,-0.005083743006263575,0.007702220362092227,-0.0036153329328239003,0.0012950573793624187,-0.010847563994950349,-0.0028235312876065954,0.012231387200266397,0.013163178833991651,-0.005489492284771025
2023-12-25,0.000807742404020928,0.008433829891545841,0.0020439455250746974,-0.002901706787547198,0.009446184452050144,-0.00022724690473907572,0.0028235312876065954,0.007966138421076074,0.00383877630716567,0.007312646846286075
2023-12-26,-0.0011968882338466713,-0.0017108644036296639,-0.0020439455250746974,-0.009489122297019037,0.005540180375615211,-0.00045464879164613947,-0.014198061505292348,-0.008990400721748948,-0.01117330059812538,-0.0042592093593962765
2023-12-27,-0.0017620305062919783,-0.0036546749610018026,-0.0025608208616736405,0.0010995053334172944,0.0,0.0024980142432315944,-0.014402553327922618,-0.011595826640689033,0.012322065801998683,0.0042592093593962765
2023-12-28,0.03415965744269922,0.04578611553467837,0.03179677408199888,0.02496060133644784,-0.010681579876033798,0.014858445351018101,0.09539809575673086,0.05459568231880141,0.027181741422352523,0.027251274608790066
2023-12-29,0.0005853392961654436,0.0014978070629432239,0.0009930487409919309,-0.006092117032065136,0.0025740039951727134,0.010669138768887088,0.006571765163234655,0.001655172791668491,-0.0037313476128582046,0.025376890433865373
2024-01-02,-0.02403509415642091,-0.031199374669852453,-0.020810579277881214,-0.00866431413014146,0.014462183157395003,-0.016945778967146552,-0.031044621681960205,-0.04018160587687625,-0.01810686964456698,-0.027743055394672922
2024-01-03,0.005321097725047075,-0.00826939148250716,-0.0017750733708679078,0.006865428953552577,0.003372684478639254,-0.005411512642369942,0.008522141732429489,-0.00658928270968584,-0.00802603200074925,-0.021248742004598586
2024-01-04,-0.014867951550164626,-0.019162262978164257,-0.012771565679487562,0.0014393669271655085,0.001682086182984932,-0.009997811066928097,-0.018481481635188146,-0.02996966969121484,-0.003459546022042126,-0.014625489218978771
2024-01-05,-0.0033849916487636023,-0.00819552318248018,0.0017978687262174553,0.0171127170676022,-0.002524191495907324,-0.04292704790009161,-0.018365989145486594,-0.001986097971629519,0.005759278733573403,-0.0046146828546724805
2024-01-08,-0.011713439140506487,-0.02421649919021185,-0.013433423398964806,-0.005671762811710224,-0.005914677149957193,-0.02022703200342857,0.0013892106888060418,-0.005982071677547829,0.0011478861027014453,-0.02339835337300178
2024-01-09,-0.0018204017824734464,-0.002266422759065634,-0.001822205372099095,0.0014209593865155412,-0.002545610199434112,0.0021868554456938583,0.028736298863587084,-0.008704440630146415,0.0060999045412692965,-0.016871321712762732
2024-01-10,0.0003046458515560957,0.007716027526630143,-0.014698427349242316,-0.004268949919575604,-0.00853247497372056,0.007255170881171669,-0.00044974140627651593,0.013094788931439894,0.00983366471952074,-0.026017727727954743
2024-01-11,0.003083878395596429,0.006346279329316751,0.016000341346440905,0.011696039763191113,-0.006878788946804271,-0.0004820438753259104,0.005830920310793353,0.027237509379018476,0.0011284560159317003,0.01666432942950724
2024-01-12,-0.0021339794031591808,-0.006734553455724601,-0.010463082636584353,0.005621940316793861,0.014986364827665355,-0.009203261859137335,-0.01124365341754352,-0.001227985289228073,0.005623257554361771,-0.014031883026135006
2024-01-15,-0.0018641151158407254,-0.0005438371730202007,0.003674544816970382,0.008026565514766215,-0.001275781589157532,0.00992624056275826,-0.012286843992650898,-0.019130280132852562,-0.0014964462201461082,0.002297719704486223
2024-01-16,-0.00034762138892396877,-0.0021004325276425817,0.013789733278597449,0.012435393407886686,0.0021253993123133696,-0.002411964507471609,0.012739025777429802,0.03402239693347564,0.007088259485923842,0.005558294512794326
2024-01-17,-0.03882431246628126,-0.02579515927296505,-0.017990317034578762,0.002057613894680177,-0.009814458980135221,-0.03189671777551428,-0.037775103938754384,-0.03046906030006813,-0.018762276455522642,0.010056856862562302
2024-01-18,0.02125009773754094,0.02181559801457933,0.02545591999334862,0.013272272416629871,0.0,0.028994660116037352,0.0680534632450156,0.015447594126609232,0.013170463189744908,0.020764202328834802
2024-01-19,0.014868398630774493,0.007710618831890947,0.00537154380191085,0.005058179727353007,0.0076890596678218515,0.002902057659476931,-0.031182927436688157,0.0018739303083190606,0.004475949285384306,0.0015795296286675864
2024-01-22,0.004272206681019242,-0.014772240958096816,0.0071174677688641275,0.017339547466844074,-0.011555874367795482,-0.015330632411166611,-0.017344113457972377,0.004894394108419853,-0.007096201579976924,-0.025253060015734796
2024-01-23,-0.01410633633473779,0.0029876584846286747,-0.0030441423812281876,-0.00863219171593288,0.0008605852510474854,-0.011840296193672106,0.015532518759621805,-0.01130612553938004,-0.008280062360613183,-0.0048677688200404745
2024-01-24,0.004314336430120136,0.005246067702314505,0.020370376187138106,0.0033288978810359637,0.02547908530098475,0.005444210427845597,-0.012773896320541933,-0.0027977506131104946,0.012767728830001435,0.02060600919443667
2024-01-25,0.0073529743052596075,0.02361585286577661,0.02410347875188812,0.02656329326174589,0.0037664827954770885,0.016642576974998047,0.02359456096125845,0.009854851540494813,0.010024216109398854,0.02143839987652063
2024-01-26,-0.0004152266097792179,-0.0008393423101598074,0.0024271856576110196,0.0070945154064911975,0.007905179507113225,-0.022086787402843644,-0.015364061824743036,-0.032789822822991255,0.004790869675741494,-0.011292466298172155
2024-01-29,0.007714529091390254,0.005936542284522339,-0.0065669699699362205,0.007363567768738921,0.005785140101569386,-0.02640002472421976,-0.07368771579115929,-0.020066662150314052,0.010605328875203046,-0.006329135051647672
2024-01-30,-0.022679488769417055,-0.0313717969775027,-0.019465934349644165,-0.011227062593783366,-0.007029179241900607,-0.01437027551599579,-0.008368249670516636,-0.04358336492614168,-0.007668469201893124,0.010107477078053595
2024-01-31,-0.005028118899696565,-0.011102039151725585,0.007930648753489589,-0.009398870032415463,0.012371291802546924,-0.03257445874919318,-0.04447423170386289,0.07419424095212701,-0.00698917687825773,0.003137749671967338
2024-02-01,0.003185132119766898,0.0015822788111297115,-0.005197388261962033,-0.009488047621584172,-0.010298752200574413,-0.007773796017590762,0.012326812480658145,-0.01709898284634548,-0.004810370052897195,-0.0012539186595939
2024-02-02,-0.008752313335524953,-0.021413410076489114,-0.0049751346401136765,-0.006265478039779726,0.0053685860927155105,-0.03310382977858195,-0.037445872575990524,-0.020473903417244976,0.0,-0.02541432842256741
2024-02-05,0.021085650741559547,0.021966616713271492,0.01436023686783594,0.0157535256613639,0.019576481625098285,0.039541620253430665,-0.0378014769723789,0.03987908436673937,0.025271441924237248,0.0006432936857416749
2024-02-06,0.027823852290714157,0.049478422620715,0.02140159505066741,0.01998777051136935,-0.0016168152269058211,0.09190136228382162,0.07575768382839199,0.041195756438266784,0.017566323717899568,0.045569549469389514
2024-02-07,0.020662148297726723,0.0065952423727342335,0.019538386609126324,-0.0006385696257860118,-0.0008093889555582656,0.020280753052359657,0.008636070946053565,0.007989222502366111,0.004962789342128904,0.011606727733695088
2024-02-08,-0.0029207012881302674,-0.0020937717960860525,0.009394150814106439,0.0028703575758934896,-0.0024321049686126806,0.0007167602743844981,0.022011894233004536,0.020097438619069763,-0.003542334557837812,0.02162895970246348
2024-02-19,-0.006215053094625667,0.01898181111804842,-0.00116945399832602,0.006981938867118398,0.022472855852058604,-0.005028144198226059,-0.000990099090783847,-0.017031966544775123,0.005308807371890989,0.0044477463982364185
2024-02-20,-0.015112769546198557,-0.01308561162776467,-0.008932828557870032,-0.006981938867118398,0.01340185608701594,0.004789281185027416,-0.010455659104338544,-0.01105469457666075,0.01227870188899427,0.0032491536485741435
2024-02-21,0.02813927300754937,0.048230116798890776,0.028859345152237648,0.04969966855227259,-0.005890454887806484,0.008563325402321187,0.020803127629763107,0.017964367559184957,0.0059099772226889336,0.0020621601062389416
2024-02-22,0.0004190870947597958,0.0005671345678734951,0.0025203358512433383,-0.006079046076382433,0.006281920933126628,0.00496161679405871,0.010726577738643162,-0.005286903933363618,0.007252665188028473,0.0099561583759753
2024-02-23,-0.002499658982462627,0.00431385697801101,0.008431176752351277,0.004562745558418513,0.005464494472078751,-0.0009431738496874509,0.012530284425624316,0.0009350164309065434,-0.002756721249600691,0.007836348329316234
2024-02-26,-0.011211386195739692,-0.013856050010978116,-0.02574263042363123,-0.021473217706734715,-0.029227988924264814,-0.007339916935091395,-0.00962471337420956,-0.028437935320533292,-0.010057306899262652,-0.00871085647424863
2024-02-27,-0.0032383141805629734,0.0,0.003950278170476995,-0.00217290167754447,-0.0008019246620611931,0.004505046149243963,0.015355388083194477,0.011662497161288421,-0.009807434127177217,0.019064702204990347
2024-02-28,-0.004716640060769883,-0.0016470339216860808,-0.010959652663053543,-0.0049844339956686134,0.014732498198008148,-0.0009467456328464685,-0.018260959134609234,-0.005209006823394979,-0.007419217922028487,-0.012959144642505027
2024-02-29,0.007966753720975994,0.019306441102324712,0.005844551996283087,0.0006244146315901311,-0.009930568202600742,0.00966191091173707,0.029624717784924037,0.04056465295906442,0.005305052229693352,0.012959144642505027
2024-03-01,-0.005881569353443972,0.002387306287587876,0.0020957045742191482,-0.003125979413292068,-0.0019980026626731373,-0.002818226383841882,0.016807118316381597,0.0063403248428537395,-0.0031796529173799826,0.020671839031989325
2024-03-04,-0.005212187823874004,-0.01597658753098319,-0.015235264801471082,-0.013236877797188296,0.017839918128331078,0.031939766607378406,-0.003246003313847723,-0.00395798963956473,-0.00425532557013808,-0.01924224622239512
2024-03-05,0.011152752487207707,0.008938765533835102,0.011039454450135544,0.020722876574558846,0.01907043589176638,0.01492227553790304,-0.023972945927466682,0.004565523072589173,0.024917941267865285,0.014747856634556022
2024-03-06,-0.008620615352205263,-0.018030062626007926,-0.007267644226483405,-0.009680013134992116,-0.0030888055445865703,-0.013556466083608054,0.019317444036680786,-0.006153115761175165,-0.012205905679503637,-0.03145812734057607
2024-03-07,0.0018310559247973757,-0.00584185426842776,0.013090416005845817,0.0040707743704815336,0.0015455953617804497,-0.046801696622205124,-0.02983882277821337,-0.021558017006030994,0.0017528488274143328,-0.013748936778688048
2024-03-08,-0.007272629266008579,0.0012289010112729315,-0.0041889751736703396,-0.010366042249178253,-0.0027063615977427347,-0.0014312979542721038,0.034494324668999266,-0.01351584302820008,-0.008795131452827398,-0.0005892752085667752
2024-03-11,0.013702263152814531,0.019601457393352284,0.006508623627387244,-0.006017437001345716,-0.0027137058715962503,0.04001001539604543,0.02884155050281123,0.1350729253711398,0.0070422826254130655,0.007926065272421123
2024-03-12,0.029372745052689275,0.049410678946801845,0.014947961435872958,0.01481975727434115,-0.03677030171607765,0.030048572727079836,0.007194275634027303,0.027218130064047052,0.005598335125420739,0.004376374599798449
2024-03-13,-0.010108222973633119,-0.0037153418628870227,-0.027303871048688144,-0.013549915833865445,0.0024135168594252576,-0.0055797488810687135,-0.01945322597833865,-0.0035577634422523374,-0.017244840511744464,-0.009947419649254385
2024-03-14,-0.006283266124635034,0.012108314217928573,-0.004231318019762398,-0.008602888807267561,-0.008067813022412551,0.05125972175595672,-0.015654094985014577,-0.007425709614228282,-0.00035505059843954356,-0.016005083795868735
2024-03-15,0.0005008561249919552,0.019401370018008457,0.0007064641763268042,-0.0022425125527800738,0.000809716643430658,0.002124044978682793,-0.006517713948165582,-0.01540558413984705,0.023167059281534286,-0.006294041458453581
2024-03-18,-0.00538861407540292,0.006601546900330213,0.0018814680997056854,-0.0016048791761140713,-0.0016200894592532933,0.0031776321622034587,0.012070712946676387,0.05356695076474871,0.010012167186156162,0.007488427984437607
2024-03-19,-0.00014050370601648154,0.02489915358552164,-0.01730105957928174,-0.010657294473987555,0.0020247020482244693,-0.028098363279706273,-0.024288910055981106,-0.019619359633246347,-0.0006872852504216098,-0.005686084450577056
2024-03-20,0.0009246201231061235,-0.002672437324810595,0.0021492545586796474,0.012262173650101627,0.011263192278710754,-0.007423614878825369,-0.001893043632057445,0.011838855658222514,-0.0030986425206362966,0.00449169792459303
2024-03-21,-0.0003510208893473532,-0.0021686448096200905,0.002620609004238439,0.011796725357591686,-0.002402884616309997,0.0,-0.01239291361541861,-0.0021132721305150426,-0.0034542348680877133,-0.0032919377326892096
2024-03-22,-0.00448635056881308,-0.020514201521227626,-0.035601289734097374,-0.01115549417178574,0.0028028046376373794,0.006553103398390991,-0.037131769417967586,-0.013685348975680078,-0.008688151957637835,-0.019065488977456635
2024-03-25,-0.007279495093389876,-0.01120772013641691,-0.0029629651306573024,0.004796172263493048,-0.0012002401920963024,0.004995123862141959,-0.007494414293150786,-0.0092106977417723,-0.009468771428851941,-0.0024472327906490676
2024-03-26,0.011935521143625394,0.02280674860529519,0.011310668896485243,0.03294415571935394,-0.005620247632153852,0.0023801807190642066,0.013944449058632902,0.037179003241754494,-0.002469572608088555,-0.00923083477553055
2024-03-27,-0.0048617662011514184,-0.01663023905566874,-0.0061312270549360726,-0.0030911925696726072,-0.0004026575452025227,-0.007810844657777594,-0.03420856697768837,-0.020011199619388798,-0.006023047437564877,0.003086422203189443
2024-03-28,0.0003761785011331398,0.002878076293313825,0.00098352601977858,-0.003722088664373846,0.0008051530225623438,0.006513266621044345,0.003575993593618154,0.004140353066849123,-0.011796383440369596,0.0030769255044789112
2024-03-29,0.0007401881355644235,0.00267440882147163,0.002944787404115967,0.0006213109861255006,0.0032141449928286825,-0.0052072150640385395,-0.0051124855732349594,0.007283507155140256,0.003231020581446309,-0.012053924343812472
2024-04-01,0.010764567780642942,0.024261944913746447,0.010723963362975653,0.013572077545543682,-0.008054816002141418,0.007584823446603384,0.03227713375767172,0.03959280016122246,0.008920665758379354,0.021228300619854146
2024-04-02,-0.004273261978214649,-0.011381924779567676,-0.006079046076381989,-0.002761161441328319,-0.0036459428680060135,-0.01874101484034263,-0.0049751346401136765,0.009357617208608282,-0.013591053266991171,-0.02029589961990297
2024-04-03,0.0006532326498653873,-0.005804595465966678,-0.012270092591814663,-0.009879672827231456,-0.008150004361924257,-0.015517934980672887,-0.010025146619378589,-0.01031845067907522,-0.0036075075198733764,-0.012818684202146713
2024-04-08,-0.02865559474472512,-0.048437703651869946,-0.006937589767987529,0.005260726970937046,0.03695199526563053,0.014197221603577947,-0.022415609952280757,-0.015551619990789689,-0.01456159694133774,-0.005680040515703588
2024-04-09,-0.002667565447167952,-0.005514532135197037,-0.002738704562544214,-0.0027816429618767735,-0.008315233023277191,0.003078955588291077,0.013306235220049256,0.007168489478612372,0.003294895896852612,0.007566240383315659
2024-04-10,-0.008603762819514138,-0.02320546116579081,-0.02294893298554479,0.0055555698446023705,0.018905643830231966,-0.0019782400121055588,-0.025748075343414722,-0.01677252880737523,-0.00623283410997022,-0.020946497346551407
2024-04-11,1.2135995971718216e-05,-0.005464877329338869,-0.006397974479659396,-0.005865119452398204,-0.0007806401645460426,-0.01128455386630467,-0.007855499940308874,-0.0007266310591163005,-0.006271926112326742,0.0019224613418544756
2024-04-12,-0.008513075364888323,-0.013082250007564689,-0.030498910243393684,-0.005588341150049914,-0.007446634450125611,-0.0190952673873368,-0.02448232975919007,-0.022101217186742517,-0.016794572760330695,-0.010296101252263767
2024-04-15,0.023557111238214468,0.04747077971330427,0.015235387941873846,0.021863842434940217,0.018320528002138126,0.010603596249182168,0.006979894109417462,0.045399854060010014,0.017534491403041308,0.008694306900490556
2024-04-16,-0.0017828409319431415,-0.016080267114058522,-0.002087683430484155,-0.002439769432240446,0.0015438057871266508,-0.006755260996125223,-0.026567027384722053,5.072408634365644e-05,0.0070020555109051585,0.011792965357961371
2024-04-17,-0.001798022660006282,0.00227374611343123,0.017351205732003994,0.016654434905137183,0.0019264116918802365,0.0029328842230404994,0.021739986636406083,-0.005901222802867423,0.004762786068681191,0.017277012123749103
2024-04-18,0.002264979486959362,-0.002204768703506055,0.019072415376387486,0.010455659104338544,-0.001155401630555719,-0.047045797747880425,0.010163232706218217,-0.0021963998103240456,0.012350320438943019,-0.004369545029672128
2024-04-19,-0.01455373518700842,-0.014450716936909913,-0.00707788596857073,-0.0008919281102670595,0.0019249284095845809,-0.015947023652952197,-0.018260442938837773,-0.024641478696258545,-0.0014450869566804414,0.004058067064220072
2024-04-22,0.01711213746239082,0.011549561348151549,0.010347095468978829,-0.008363250657821286,-0.005399164677770685,0.004309319572742165,0.04244669024725711,-0.001048767794085137,0.008280875402785437,0.023095714794649336
2024-04-23,0.010227746595530718,0.0169420013055932,0.0015052687237622209,0.0011990409110409495,-0.0034863486794378673,0.051448561836042295,-0.024718586953676347,-0.0035214079959562383,0.0010750762547742099,-0.0076394565579578355
2024-04-24,0.0007797087119882917,0.013175421158563516,0.01764240069037193,0.0023937773249889105,0.0,-0.008431176752351277,-0.015021741695838031,-0.0017389934032232546,0.002146691343163365,-0.0027645540568479454
2024-04-25,-0.0003307112684565183,0.0,0.011266344983100307,0.027705868820674606,-0.003498545842512968,0.013636574949545288,-0.012510361694363592,0.018809331957495345,0.00356760992027505,0.0039907957800924265
2024-04-26,0.009634252043269065,0.02171183784187658,0.01138164605187475,0.002322881416139566,-0.004292689518665238,0.029142313672519293,0.01897590145900585,0.026962417605128408,-0.002495989885593186,0.007021857580221447
2024-04-29,-0.003181553206206722,-0.0032894766503988038,0.013156510786792364,0.011534153245286838,-0.003525958599132739,0.012419813202740215,0.020202707317519053,0.054655732592245876,0.00994679604145876,0.011795086088653761
2024-04-30,0.0005866823283566802,-0.00873657022987473,-0.017258338229281023,-0.01647674217042061,0.012092989189290915,-0.000433181726505083,-0.043017385083690574,-0.034110480161208656,0.011247921748542833,-0.004520122205626809
2024-05-06,0.03186232822209423,0.029991771257470212,0.02695452392654696,0.01647674217042061,-0.012485530901888087,0.021432453469325985,0.016889532502656568,0.021388578425444393,0.006619080079881545,0.01944131816860173
2024-05-07,0.00555210762816305,0.00598168691425105,0.0023507298084015638,-0.0002867383532194623,-0.004722558954173284,0.0014832082388553935,0.013948724013011393,-0.00048325521647996084,-0.01574835696813892,-0.0038581439755782654
2024-05-08,-0.0034125959484763158,-0.006046200962207315,-0.015141051021906549,-0.008640606754026336,-0.001579155480159411,-0.01729888306173466,-0.013948724013011393,-0.01780057242133193,-0.004241787908363381,-0.026820953809189252
2024-05-09,-0.004528455424336109,-0.0010327912097993774,0.009253832793503669,0.007779898050769063,0.0019735550119923673,0.010287274605942809,0.024020370241469635,0.029907955834221234,-0.0003542958407298791,0.009423994354706089
2024-05-10,-0.009739760769479133,-0.0026514064745377652,0.013838616529750158,0.022141125877213064,0.004720701134937499,-0.008995562908578059,-0.018095224977954683,-0.02858029355378644,-0.009613746823559755,0.0036242866612661295
2024-05-13,-0.01914728537395849,-0.021799049956215732,-0.0065436082987813116,0.008108530376476075,0.005479465764625768,-0.020650663196964736,0.01598329177481128,-0.020603931055285685,0.0017873105740955353,0.0015062512261878602
2024-05-14,-0.0023591698686633578,0.001587091987681255,-0.008003809205711754,-0.016000341346440905,-0.0015625003178918462,-0.004402384393932923,-0.004768220954671332,-0.0017069991091425152,-0.005012541823544048,0.009288456292988023
2024-05-15,-0.0011640281386542384,0.00019820950809901206,-0.011170644975308619,-0.008239853410951348,-0.003916965446733922,-0.014666929588730504,-0.00853338511542967,-0.005643753957409459,-0.0021559476550683243,-0.009589525089481743
2024-05-16,0.00264356153365064,0.01755005426820322,0.02850941111707206,0.03366376782008462,-0.0023575649426543777,0.00044762758133254366,-0.0069873974159224694,0.008954683037993405,-0.0010797193778833147,-0.0036199134551342382
2024-05-17,0.006141268022082258,0.015203539643472652,0.048734855964446044,0.016416237334661687,0.01406273174973327,0.001341681775504533,0.00430571171121219,0.016539975242981342,0.012169083599732566,0.017969935484940525
2024-05-20,-0.0035046764844492984,0.005674045378082582,0.0057357315862116565,-0.012836445545369113,0.008112851142357158,-0.021229342895057624,-0.0064655397646422585,0.0022142954059116704,0.015881752552942885,0.005623812365392222
2024-05-21,-0.002343293397973234,-0.004843241687540356,-0.0013207133770949397,-0.0038556919151977453,0.004223465675249116,-0.00022828444340650123,-0.010869672236903494,-0.009333170635301258,0.020790769669073672,-0.028744493974984575
2024-05-22,-0.004284826596176572,-0.009112557442295888,0.0,-0.004979263399607525,-0.004608303086194532,-0.005953761575999028,0.06658560475929587,0.016386145946710506,0.002397671982697247,0.0033358635938292025
2024-05-23,-0.003363112807252655,-0.009847190220824587,-0.013750493876693692,-0.015651521293801096,0.006522179268478645,-0.011317824932661757,-0.03273869938543994,-0.0026879765958307544,0.0020505817164875317,-0.016791724109221473
2024-05-24,-0.008862985395039047,-0.016079099488104376,-0.020075107470466147,-0.0216409356684113,0.005719748672786906,-0.014270917127957361,-0.009021021643152771,-0.01657987254246507,-0.014096846815016661,0.0
2024-05-27,-0.004158705802463025,0.002840817158415554,0.004773278752657539,0.011448321945992213,0.007953081117215266,0.006107606488796602,-0.012335903280810356,-0.004838035322733525,0.004835933431416528,0.0030740878804222938
2024-05-28,-0.003286596296454114,-0.010278264284960592,-0.007739624339074602,-0.008860998381041263,0.007516006820935228,0.013260634002214555,-0.002160994898234847,-0.011110946109466724,-0.008652069892585157,0.00030688967557113145
2024-05-29,0.005607088229188761,-0.005480564446592062,-0.0066491131130246295,-0.00749283044437643,-0.0007490637054363702,-0.0057944303972092825,0.02720893376740685,0.00499257195781766,0.0062370264555475785,0.0033695850537376337
2024-05-30,-0.01504692848982181,-0.019968849809525402,-0.007388627471264009,-0.006675398464203841,0.0003746019897707953,-0.0032596070770374297,-0.005277057100843585,0.00281308268093472,-0.015315301094423805,-0.001223990360889271
2024-05-31,-0.00033359111137443165,0.0030038253061306364,-0.0018557184634175883,-0.0017487617397504707,-0.003376480416605876,-0.012200996029341216,-0.01653812033224389,-0.008007899558038822,-0.007039803800772404,-0.0015320977410908654
2024-06-03,-0.005511231040505216,-0.004920059125449683,0.0013921115937325368,-0.003799507712780148,0.03035021995991416,0.0032995551971657378,-0.0037725725153197054,0.023685712277268678,0.009492073377913357,0.0015320977410908654
2024-06-04,0.008388582229858166,0.012255055337015541,0.003240743577041627,0.011355486701733586,0.0018211624046364783,0.030814438500346597,0.005921955395463918,0.016990640569791715,0.001398601626583229,0.008840173406197582
2024-06-05,-0.005580507021452519,-0.01376324784885341,-0.004400701948605867,-0.016051709010507675,0.017316450011461093,0.002051282770557439,-0.018965618587492905,-0.009022470920615255,-0.04648673942571557,0.014163262218731543
2024-06-06,-0.0025519151679711527,-0.005917584185011648,-0.014731939530831184,0.00029416090813683127,0.0025004478110872697,-0.023264898197842054,-0.062061649469894675,0.0032770076524499814,0.005475465404593205,-0.009017193650188826
2024-06-07,-0.012660533209947644,-0.017825287455511152,-0.007804225491581551,-0.00029416090813683127,0.009939733947111229,-0.017870214555568698,-0.02594485149478043,-0.05825914206980354,-0.015037877364540542,0.0
2024-06-11,-0.031481374505173854,-0.027492651003171886,-0.0069089018116677,-0.018708786217478846,-0.004602592653273785,0.013432510204074877,-0.009000960858975837,-0.02319657899777461,-0.012644274074196993,0.011408109313961745
2024-06-12,0.0017066371935268165,-0.0041971260686972656,-0.010332904622838424,-0.008126455557024848,0.00707216526136234,-0.014619453963603757,0.00361011222409946,-0.01693552242854235,0.011164983863607869,-0.018680868643041748
2024-06-13,-0.010663134465735524,-0.024518588574617972,-0.0024183808642819216,-0.008193036271576304,0.01121245103367885,-0.0009505704137819926,-0.008443958494416037,-0.0022654953321987747,-0.005566909904652917,-0.012240054894502084
2024-06-14,-6.430847489191649e-06,0.008288975818954825,0.013707080064065291,0.02971853105785005,-0.028270433938255568,-0.0038113433464617152,0.012639349724518745,-0.0015672713776400116,0.011103000810856578,0.013759581094796136
2024-06-17,-0.008719577287129354,0.00036844626628074195,-0.006950297601185262,-0.0023689676462361753,-0.00035848718792230727,0.014923882337450234,0.0,0.017744173509018246,-0.010730907783307764,-0.02241764383791045
2024-06-18,-0.013059277989179385,-0.01364905100058511,0.00360101217359432,-0.0005931198275890281,-0.0032321809428061954,-0.013254631920042836,0.00119545740477367,0.011254180548412762,-0.01801850550267803,0.008042109536082531
2024-06-19,-0.013565137703563934,0.002461677420805053,0.006449323679907248,0.01296805677082924,0.008596041469798088,-0.014640847145325875,-0.022961733886727842,-0.006959483986827664,-0.003034903695154245,-0.007110866259098625
2024-06-20,-0.0005997800986170532,-0.015164317312507336,-0.011735256218420975,-0.00410798699769499,0.010642172096144709,-0.018546163592486398,-0.0488512907319989,-0.005411153786994305,-0.025785534840337743,-0.018159547237161178
2024-06-21,-0.019589330933406757,-0.015244197643117907,0.003847083369414861,-0.009156761660787716,-0.00035292042010892644,-0.013889112160667239,-0.007731997283326297,-0.015168453762800738,0.005055425894262999,0.006299233427986994
2024-06-24,0.003765843876425201,0.006354574842025507,0.003114894096348131,0.010919394314559128,0.019574200635718686,0.006224344756236011,-0.028207839394392753,0.009781343100099704,0.007343028163615539,-0.013592749190697084
2024-06-25,0.00681698104296391,0.0036565897373792566,-0.005998818229253189,0.006728122499018774,-0.008342071317395394,-0.014752111510111021,-0.04004607030020324,-0.0035360336870837727,-0.007731001010383487,-0.016041409108253912
2024-06-26,0.0017272264170991036,-0.0015981130451221404,0.0024038473113945358,-0.007021678937351616,0.0,0.005025136202672975,0.01512056299382536,-0.004356836625803773,0.008500823989125106,0.0038734715957966515
2024-06-27,0.0008524319996929819,-0.012646269324077863,-0.005537512645413578,0.005854817661431255,0.005916147410627293,-0.016679689198655367,-0.027664281472355334,-0.002752963871957448,-0.008500823989125106,-0.010688360862287194
2024-06-28,-0.01561961245537713,-0.012495796883010613,-0.0014496257672647062,-0.0020452892447639925,0.0034638067191878896,-0.020077894536528973,-0.016973533379705863,-0.027232321408793503,0.0027126542501276774,0.006491421691294352
2024-07-01,-0.01857834483585563,0.0020285565199280597,0.006266590765314994,0.004959893464845155,0.019178670030572054,-0.004952440723022367,0.0021375141733108727,-0.02224186043117804,0.00501834676025581,-0.0032404435354487227
2024-07-02,0.03433884062999848,0.025091749699265975,0.013128246792979859,0.020738070387927632,0.0,-0.021125686632015306,-0.01650557744023118,5.679397985325352e-05,-0.007731001010383487,-0.022649909676883517
2024-07-03,0.006219299813916557,-0.004265698119705341,0.002368546820230133,-0.017831936404198778,-0.006124551298114067,0.03152349281360989,0.0021684142938238615,0.019236770710127082,0.0015509890662488424,0.0016586502392770264
2024-07-04,-0.00955214347361899,-0.003134678968835125,-0.006884300186211778,0.007228598773911354,0.0030669644078042957,-0.005705409667552619,-0.028562908416765787,0.0005569479397662391,-0.007779113519088554,-0.014018921179331123
2024-07-05,-0.022282580046399936,-0.012637911904961996,-0.02069869324557727,-0.02420296008984124,-0.0023846034123753412,0.04027047705282927,0.0037078277555253614,-0.011085719037741804,-0.00626715721490223,0.0026854665350182216
2024-07-08,-0.02297351297497574,-0.023857366313745132,-0.006832627850444695,0.003241493924170946,0.020257276087825904,-0.020697356700241976,-0.03158157205029877,-0.009673936219543933,-0.009871748479154174,-0.016903715537297526
2024-07-09,0.01261724977683265,0.009170749702834158,0.01651324556116851,0.014023016820749135,0.01295053796343515,-0.005626613309734463,0.005333345975362835,-0.0007961783860066518,-0.007968169649176904,0.0027238695765441356
2024-07-10,-0.00030602096482468255,-0.0041796519977044255,0.00815547816022022,0.006073771383567017,-0.006952519314881833,0.010714388212406334,0.029942356615078047,-0.015595752143453545,0.00518652668730013,0.0003399626073878892
2024-07-11,0.0168988185152239,0.030661494594019345,0.0019093084559203,-0.0526904941410149,0.002985571963917355,0.029748475400774854,0.04752514186284529,0.022625658071711463,0.02242864034567349,0.022850456581538392
2024-07-12,0.011377553527791129,-0.023888215174695304,0.017490400959778718,0.03288786684483558,-0.010321383454130917,0.016367777156803598,-0.002816903271113169,0.015638893884455385,-0.007812539736793855,-0.0023282897595908736
2024-07-15,-0.0026542815848733525,0.0007846214604185775,-0.003520717168010279,-0.006491613236507376,0.018239603644263358,-0.011944078618181475,-0.020663364337729195,-0.009387641584019057,-0.00039223377635622114,0.0
2024-07-16,0.0007455352949614635,-0.00015687504934547292,-0.03201420081755302,0.00029598934654417874,0.012085726070649283,0.004160045152769243,0.012875714360045531,0.0066029001575858,0.0019596322163693003,0.00729930248161148
2024-07-17,0.017062279978484085,0.025404092306874126,0.02635514303640818,0.008252330946676878,0.0,0.019108091349976153,0.0021299262578247102,0.008828731102456189,0.01785068741708873,0.0009912440923973698
2024-07-18,-0.0025942773752669623,0.002596808913644111,0.0018899131540703884,0.0005868544769365158,0.01801850550267803,0.009774782798809944,0.0007089684806000918,0.040412822424507056,0.008044479313833008,-0.008623602363932115
2024-07-19,0.018597156032869044,0.017541656511714798,0.015456982212040504,0.00468247855842252,-0.025186994981290844,0.001896184497987452,0.019649755034553795,0.005770417557590335,0.007222992816955376,0.009283886310007539
2024-07-22,-0.01760266569390634,-0.016626743364636987,-0.0006974311569458713,-0.02692868738558607,-0.006561703333289426,0.012706053292965258,-0.0006951686063758622,0.00042220815488924757,-0.011428695823622714,0.002307566542333994
2024-07-23,-0.029792318497004366,-0.03426426191360665,-0.004895685264836747,0.0,0.009500480958533508,-0.03231452468134144,-0.025353470686456436,-0.017673195007563258,-0.026399048567339545,-0.02635682177500387
2024-07-24,-0.010348898243107918,-0.005853057918161042,-0.005389585395336738,-0.004810592560349658,0.01199171718885772,-0.00024151672620709164,-0.026745359975475225,0.000644260733118962,-0.01466243823043456,-0.008828580264202746
2024-07-25,-0.006639959459494804,-0.002223634969606536,0.0002349348066719159,-0.010604553248797277,-0.006788453416958884,0.001448226176364642,0.023888215174695304,0.007539134760184751,-0.0003992812989759287,-0.0006823609954289545
2024-07-26,-0.005819105838158478,0.003333600991755503,-0.0353849969447424,-0.014110663575348514,-0.022303318724864685,-0.009451179039166036,0.011379923662762526,0.008592394011533777,0.001596169532822156,0.008496227829085434
2024-07-29,-0.017140987221763382,-0.01678025789655191,0.0055818613561195995,0.0024683752119463165,0.0016570012076293494,-0.014222897924397682,-0.022167514791759935,-0.025785102459417786,-0.013649348800377936,-0.015001986094575148
2024-07-30,-0.012980697094884697,-0.0065483883301000745,0.00024198427220278873,-0.0009249268425688406,-0.0029845818871812035,-0.012175575930133409,0.0036088094019914863,0.0019490017538750237,-0.013838234665185745,-0.015230477862253622
2024-07-31,0.02948162127320675,0.028544812325289826,0.029326216509748093,0.009516572205559015,-0.008337550382598202,0.05377770568047113,0.043699694347870466,0.007650899390000632,0.027886228079174735,0.013855434675506206
2024-08-01,-0.025020539818799037,-0.0228025506007139,-0.0011755026626900644,-0.0006112469627965744,0.008669610820648543,-0.0061787268811919205,-0.009005949335595176,-0.03278982282299037,-0.023796242827649472,-0.010373537007327904
2024-08-02,-0.0005123376056017648,-0.0024222862065945705,-0.01636464837021112,-0.013232998148544617,0.003976148379639444,0.0052306348452528795,-0.010493275715838912,-0.017964052288563792,-0.002451983247286904,-0.013648505831560076
2024-08-05,0.017571799948655986,0.018422627553035476,0.004294924282880697,-0.005591813265777734,-0.011307070914691852,0.011318206179219636,-0.009184098464505741,-0.0005083453468790466,-0.004922077205428366,-0.030408352577380615
2024-08-06,-0.0037730397087818446,-0.0007939659011766409,-0.0265395552346126,-0.012539349252735477,-0.014825069362156107,0.0060776250657452735,0.025229088647852116,-0.011649513760131569,-0.0004112687699344697,0.00723854047317074
2024-08-07,0.007659068715089923,0.008699145408289866,-0.004901970600206251,-0.003792672055738855,0.009795720957154419,-0.017870214555568698,-0.01534200245668016,-0.0073432720546744434,-0.008261096134952073,-0.0076018465625438125
2024-08-08,0.010674019810389623,0.010573820858557959,0.0029440649331493596,0.01102199789919478,0.001007895264224068,0.010149975017468726,-0.005637788012514022,-0.007339588529429619,0.011546520034749097,0.0025403751640515893
2024-08-09,0.004261573185591061,-0.002105838628689405,-0.005157815683492384,0.012449585010650743,-0.008091750152629196,-0.003764710328796994,-0.0243216566680462,-0.014018921179331123,-0.008233887605892942,-0.014236414927243146
2024-08-12,-0.0004873124813613572,-0.0028930001802889294,0.00024621445403205655,-0.00651670265878046,-0.012261734008593983,0.028125037998981917,0.008651820370513708,-0.005899722127188589,0.006592524906662955,-0.0025768466311109073
2024-08-13,-0.009156759594525887,-0.01665981447407283,0.003931208994070623,-0.005619746291694483,0.002737852497338711,-0.022248889935609473,0.005726572557201326,0.027891416487986653,-0.010735032901818986,0.0007369197091038338
2024-08-14,-0.006846951097942089,-0.010162933069251423,-0.007136735102239555,-0.0025078383049641495,0.009862348260128773,-0.00399202126953746,-0.013654542009391868,-0.00907546909425161,-0.010431974429630841,0.003676474729308765
2024-08-15,0.009569855338273037,0.004974336316115213,0.020291614207368358,0.027856954502966325,0.008424649659251493,0.009833841832126655,0.017928052786774007,0.0068864020296333095,0.009185868349383952,0.007312646846286519
2024-08-16,0.003016002482130631,0.00048007682150963404,0.006993878743411841,0.01183445764700286,-0.006058584671706058,0.004649008838243596,-0.02519024882855847,0.0012679386172198548,-0.0012476607981555254,0.003273325344969269
2024-08-19,-0.004032715222175298,-0.008515475621272195,0.010994374607579793,0.008111806535376243,0.0037068281703538375,-0.023701684426905345,-0.017647516813578346,0.011339678237354711,-0.005006268278143988,-0.03060146617863957
2024-08-20,-0.0019100056365566331,-0.0064751339146518205,-0.003571857589642846,0.0017937224540265362,-0.0026945115662719843,0.003319111629346505,-0.01344307025645275,-0.0041658404754478795,-0.015595679638102933,-0.010160012138383578
2024-08-21,-0.0036193399366286627,-0.007744077829052287,0.0011920373327125589,-0.007194275634026859,0.0033670065479043387,0.0014191109287935433,-0.006033200804167915,-0.004930071898081145,-0.006392521236042725,0.003398153166162654
2024-08-22,-0.005326027662753141,-0.009951149184108665,-0.00621416913664552,0.0018034269991504814,0.01633641931969354,0.03757399325571198,-0.026055113747332825,0.02715509391192672,-0.01551086676349378,-0.011753689814094859
2024-08-23,0.003497299178160773,0.0009913259795730767,0.03856579501769719,0.011940440371918104,-0.010972678669475489,-0.007081697214205374,0.0015515906914189692,0.016639319003964204,0.00692343743484658,0.012507269352394434
2024-08-26,-0.0021153248613687836,-0.02499816665723742,0.0,0.0020749970391604755,-0.0030135633052643662,-0.006901338640692867,0.006952519314881833,0.011593698711547695,-0.015207766479631069,-0.006423600398779428
2024-08-27,-0.00563197716041941,-0.0035620426094906676,-0.00462428569711415,-0.0020749970391604755,-0.0006709158252338199,0.006442728222198824,0.01830714744435591,-0.0022862129603007375,-0.008795131452827398,-0.009139439093092783
2024-08-28,-0.010791098138423827,-0.03194056587173577,0.00092656944317282,-0.0005936479841901487,0.0006709158252338199,-0.002296212260350483,-0.0068259650703996755,-0.0037126052689524514,-0.017376244722732803,0.002292702570975358
2024-08-29,0.017343331619761315,0.04107459419321824,-0.01328536030213856,-0.02252009298585289,-0.015546105590277914,0.018675104344390014,0.031463269455784815,-0.011110614267596297,0.027483999422440508,-0.0011456942249967739
2024-08-30,0.020928545863684533,0.03515518548436347,0.03254759309719146,-0.02397164570464483,0.0006809669994165546,-0.004296219157572612,0.018268684908951283,0.019390430607441722,-0.010549548389243935,0.020798632126390437
2024-09-02,-0.03396152598232405,-0.033304734960547755,-0.013260368056261296,-0.0068664439569374736,0.011169518728785022,-0.005225503200330106,-0.045934000691977506,-0.01723567411750171,-0.04473300566716487,-0.020798632126390437
2024-09-03,0.010695289116748441,0.011031367090000188,-0.005538901767559334,-0.009756174945364737,-0.020401931716984123,0.015371007876597176,0.023971185242884108,0.024316976175073002,0.025999183928055114,0.008750293610216175
2024-09-04,-0.0071174677688645716,-0.010107424308720248,-0.0132791700862529,-0.008256636299118991,0.001373155038969287,-0.0015714449299597533,0.011773498763751,0.008047253727348824,-0.0018026142781160104,0.005289018751791108
2024-09-05,0.0034796532642493716,0.0036872580115243636,0.018127384592556695,-0.005115100666770456,-0.0010296894680159596,0.0109486067425566,0.006562181769339315,-0.001871908555695967,0.015663779643269482,-0.002263297835254363
2024-09-06,-0.004909246073843576,-0.017041073759570757,-0.003922931072257274,0.0016012813669741277,-0.0006870491510384547,-0.013423020332140378,-0.016856390322500747,-0.004560705423663158,-0.011612457424090561,-0.012540540557875346
2024-09-09,-0.016588912693084268,-0.011208673497804078,-0.013266806944336018,-0.03285382487107835,0.008554372096658547,0.00337268447863881,-0.016393809775676615,-0.004311513011457713,-0.008572125578754086,-0.03185972649734792
2024-09-10,0.002179441472932808,0.0018052874019653942,-0.0004687133903482632,-0.0016548075925850725,-0.0068376334776041325,-0.0015725039744913794,-0.013615944092315146,-0.021785688671608128,-0.005452080747464727,0.020321136940854245
2024-09-11,0.0014503265776459884,-0.0036138397616092277,-0.003287159569457021,-0.0036502446371082797,-0.047418892099909904,0.02113302982898535,0.01736547979379477,0.029372284474113997,0.012675588454925002,-0.004652974660785514
2024-09-12,-0.033107264506618606,-0.02310779890489023,0.001879699801577761,0.004974309709727898,0.0021559476550683243,-0.010177078988696131,0.0052258424266464765,0.014844251185676782,-0.016784245227712713,-0.018039704893550113
2024-09-13,-0.023440082875541002,-0.03738753207162038,0.006784445253464,0.012165200166968315,0.015669836297532047,-0.004457328529741567,-0.02182999747868175,-0.031382486853178904,-0.013355022347327328,-0.007547205635382692
2024-09-18,-0.02896318016108257,-0.013924333970015468,0.018709403572755523,0.016529301951210496,0.0007064641763272483,0.007787334936929291,-0.01379332213233564,0.015680234756865197,-0.009315391070008783,0.001991635790780766
2024-09-19,-0.0046679146430879115,0.029372165015532303,0.007523117666118129,-0.009365481017575839,0.00035304501690625045,-0.0026631174194839957,0.02739897418811399,0.0026788122100267486,0.030870914953657458,0.0015904575917238262
2024-09-20,0.002312945599673988,-0.005606308200725607,0.0027217072823062516,0.0038860152529500702,-0.006373959256726014,-0.0522294049169445,-0.03982149418667147,-0.0069798941094170175,-0.0027260353092386502,0.006731365745768603
2024-09-23,-0.0018848057023896914,0.01806222442885108,-0.0013599276801223859,0.014439525708942469,0.0017746233583686433,0.0,-0.005483758356256363,0.01391140679917946,-0.004103037440703616,0.00039455514419906024
2024-09-24,0.08437355461232965,0.06940244117739791,0.05321931322346396,0.053949845457942125,0.019663554908778025,0.021999266268422524,0.06537281559373742,0.048334617885644526,0.06027522049859391,0.03183498650486216
2024-09-25,0.01905094419094766,0.01435312935481381,0.018325677982439892,0.030323369704994274,0.005893586135197637,0.004114291517962609,0.010977058631150616,0.02785862354941493,0.011971070705905529,0.027884248196760275
2024-09-26,0.08885623126358055,0.09531017980432477,0.06260993118402336,0.03538410271484027,0.006889451983299821,0.05804508470250269,0.05796675597433687,0.011796225966489438,0.08118625573731819,0.047532981685853404
2024-09-27,0.06347516984519519,0.09530341117960806,0.028930868412069266,0.0070412908861055,-0.004817628037779187,0.04667654077706329,0.09180754925312273,0.09861796803951606,0.07835331424651537,0.050779342351000345
2024-09-30,0.07038318044122338,0.09528556623732598,0.09531017980432521,0.05408199286450044,0.035911718047652474,0.07172810295155108,0.09553799618530778,0.10487982168524823,0.05189094184768006,0.08394729599451534
2024-10-08,-0.0144053196875511,0.009431721069192989,0.07814106642963647,0.06160948163169122,-0.02800925465866344,0.06853387515086329,0.09344470097542912,0.17145108911309404,-0.003791147053268773,0.046590398022433366
2024-10-09,-0.07709918184368636,-0.10512348865256804,-0.10278988947256629,-0.07769130771587163,-0.02319647022053406,-0.08045938674739439,-0.10547578278953118,-0.15918002823226107,-0.08763939936786747,-0.0713604369610299
2024-10-10,0.027728466134000485,0.028701162487096532,0.049046607304572554,0.045426347128596056,0.021826606992620512,0.017074755357010307,-0.023324672566409355,0.011696039763191557,0.040263979831497654,-0.004135523629000382
2024-10-11,-0.021578715803132198,-0.015449698942931356,-0.01654639611440878,-0.007776088949908111,0.001027573305009799,-0.0461305881336731,-0.0452565915881209,-0.06489000408909806,-0.009823619113155768,-0.05706466061711302
2024-10-14,-0.0018709196035429088,0.0007347784305746785,0.019448164814366287,0.023149181866965574,0.004781429874455956,0.02342857430645484,0.03338701603273719,0.03227070936102372,0.00036556388635933246,0.026312925245672858
2024-10-15,-0.030253492262121817,-0.03922071315328157,-0.02554946501054367,-0.021329345149979417,-0.01614323224948011,-0.015492024710718422,-0.0272331504583585,-0.034630910038446316,-0.031937359762173045,-0.03717153210834567
2024-10-16,-0.02063939356539457,-0.016454073299475347,0.0033167526259942903,0.025642430613337375,-0.005903819891652784,-0.02846453950537331,-0.022960983890759845,-0.03102949598320137,-0.013295542481244649,-0.03577391369442884
2024-10-17,-0.01849510808786281,-0.026467925613230747,-0.006644542718668767,-0.025902204611421453,-0.01438368948378077,0.0008130081748634055,-0.020292389394616528,-0.010100010645606616,-0.024386732034342717,-0.010307537501009989
2024-10-18,0.030572943823925947,0.03595332959661235,0.0031529190596151224,0.01444440899004018,0.004583121013716607,0.025277173270047637,0.05241374268404053,0.07644094750755404,0.03390155167568132,0.03095569014748145
2024-10-21,-0.007948442394051902,6.992762493673865e-05,-0.004908845761880443,-0.0051347994720383205,-0.01667000829729881,0.001583531605644506,0.062446669086379636,0.013790581196541751,-0.007222992816955376,0.06243638246754957
2024-10-22,0.009245459437097203,0.016849072544324883,0.002808004653068963,0.00820307086408345,0.004282661792000653,0.003947893007584913,0.04849097062978025,-0.01115290082465048,0.015146067654282724,0.003573172552735482
2024-10-23,0.015753420143915342,0.02102332761227288,0.021670259448710816,0.012431975413909946,-0.0007125044832956284,-0.0013799903619289289,0.06324552017482343,-0.00500151087622136,0.014920082814926516,0.001943635208570882
2024-10-24,-0.009808714087037984,-0.01403460440851756,-0.0036079413761989088,-0.008864183657880886,-0.0021405644991108197,-0.04066582863889501,-0.05134705638320858,-0.012675259515726012,-0.018308002486862485,-0.007797310460031515
2024-10-25,0.0042750904859572,0.011202887305957532,-0.006908490343811913,-0.005356472442449078,-0.016565016874694916,-0.013861812937471907,0.09531017980432477,0.05038290285633984,0.00601505572976091,0.009414125686936892
2024-10-28,0.003937454068258184,0.038802537302945694,-0.0034722257107491217,-0.01494488006139516,0.0,0.012216737509920694,-0.018747465699952226,-0.010250128569223804,0.016357242024771956,-0.011046246173283869
2024-10-29,-0.02155982521662292,-0.020803322667971358,0.0022583176452704024,0.0020746895408603194,0.006153865574378248,-0.008473751231086624,-0.04273284958596779,-0.01755881496278988,-0.022372297754532866,-0.0022894531668344875
2024-10-30,0.0002480725429059305,-0.013351333174863811,-0.029227432545306797,-0.018829008152907445,0.0,-0.020550104595215668,0.0005196154962328059,-0.0150059837472023,-0.003021150334176159,-0.01750664033821092
2024-10-31,-0.0027518245740383307,-0.013327667424145595,-0.0008937349777138337,-0.01382265495723578,-0.004702486509731596,-0.012793351459909452,0.025135973271542156,-0.008299474776646498,0.05410703256474525,0.0033266830413669624
2024-11-01,0.0038934702986228586,0.00739613210402279,0.004104583258897954,0.017248669640515413,0.014399096872179662,0.020391530690980986,-0.03768187750499763,0.0008939819360893608,0.013876757100960813,0.00033206043805034113
2024-11-04,0.009377248745492395,0.004586545204789516,0.014498132307851463,0.019281472798198696,-0.0028632804100152676,0.009000584047573312,0.013065249869641526,0.02010522084369004,0.018554707001118942,0.02879780155345335
2024-11-05,0.018425001018229636,0.027871744448761504,0.03076633953196417,0.008480071375225773,-0.0014347204756601784,0.014275612249171843,0.019028601918390287,0.0397641103172619,0.008290202920473888,0.013457428342328992
2024-11-06,-0.0038056075332217887,-0.01019577982146913,-0.0216801333890686,-0.013395357432236743,-0.01300596367913398,0.0014369293245297676,-0.021628031507904488,-0.0188848803004813,-0.005865119452398204,-0.005425256645064547
2024-11-07,0.048541580639539283,0.07014262349186762,0.05663644775589294,0.02585578565498814,0.011928570865273436,0.025317807984289953,-0.0015629073251730574,0.024264621999631864,0.044000329262437354,0.018389865111590797
2024-11-08,-0.024038394630631288,-0.03621242208885267,-0.02867819075114575,-0.019651008768105438,-0.007574427556653163,-0.010050335853501124,0.0026034901453964032,-0.020373566506664886,-0.0023205712386138444,-0.007252120701135123
2024-11-11,-0.007456440135611864,-0.01060114653739852,-0.012253386805765487,-0.012187367236764057,-0.005081680626997542,-0.001415142255777102,0.04026021428638593,0.03809984623226992,-0.0039906936899343215,0.03970744959511263
2024-11-12,-0.013107982125445616,-0.0033643924074526765,-0.024089198790690602,-0.019494821816377073,-0.01873333020250989,-0.0028363066015812954,0.0039880411779558145,0.020425486238770496,-0.0070222659409169275,-0.021830228937044005
2024-11-13,0.0008239059945749361,-0.002335843262943449,0.0031523668837341035,0.0061000056542250825,0.015452846123348074,0.0012165451622041523,-0.000995520241501957,0.03236201836328245,0.0070222659409169275,0.0077411750565952175
2024-11-14,-0.0029819518971638814,-0.002927497780854438,-0.0033277900926744763,0.006325798637691893,0.0010946908591815685,-0.018405427542715458,-0.04533498480391973,-0.025135973271542156,-0.013418517338775526,-0.02466947898997285
2024-11-15,-0.00944848704310619,-0.014436893568573694,-0.02127739844728538,-0.006325798637691893,-0.011738946248513127,-0.015600940442479505,-0.0355380808015755,-0.034930293815612856,-0.010865981273858072,-0.007298144403349749
2024-11-18,0.0,-0.013039902687565608,-0.0007171029349963831,0.0021130488580691775,0.011738946248513127,-0.010537505302786077,-0.01688033547851653,-0.009991000455583432,-0.010640223947105731,-0.021893984634736352
2024-11-19,-0.01101619695479883,-0.005910420859408738,-0.0026937252527963196,-0.004760654323124225,-0.001825151081580323,0.004861047297980647,0.023338915517928438,0.02182014190866166,-0.0038029432176927003,0.011972315791191068
2024-11-20,0.0018725323202559707,0.007716864330608253,-0.0027010010118404537,-0.006383000395035143,0.009092624928558113,0.061926003323421686,-0.0021482285382892208,-0.004363480546722975,0.0058711962817517005,0.00032159511452611866
2024-11-21,0.00020712376366116558,-0.0006686727096356648,0.0005407841501785526,-0.0013349354538840785,0.0018086458176886921,-0.005365139546069653,0.0005374899350036877,0.0026501947166304163,0.004466593923034612,-0.006775312254698296
2024-11-22,-0.024443150138596437,-0.031321558998111065,-0.04534503318877148,-0.02653106346167,-0.014928367530448128,-0.0390055539944405,-0.0473135547327348,-0.03474257190588048,-0.02675163871246955,-0.028568680725174378
2024-11-25,-0.006153579002569742,-0.007551388545683935,-0.008712176317682285,-0.006330005999400257,-0.0047802995975461116,-0.010621780588055074,0.0033745813801453473,0.019113731735022732,-0.006358198742492327,-0.014427359793197425
2024-11-26,0.006935859722120519,0.006930034664669904,0.009089250228635493,0.004682559168801337,-0.0048032606665113775,0.019079799034979583,0.010611660594594508,-0.02834182250148487,0.012326269818013547,0.0
2024-11-27,0.00663795967855485,0.015419185048387796,0.009380931833765871,0.005754228783251936,0.014341117270657566,0.026554717306152664,0.019257816604414835,0.01231094484584272,0.010445777432162018,0.014427359793197425
2024-11-28,-0.0006914604908292432,-0.02095936542400345,-0.007121469377510792,-0.0035582355867314064,0.001459321674525338,-0.005818052322895895,-0.004369204110663993,-0.020210559662033667,-0.012548090750263086,-0.007355432693957109
2024-11-29,0.0050858592938558544,0.01905343604710641,0.0015034770732875735,-0.0035709418525637915,-0.004018270246922917,0.019723719381675053,0.012510361694363592,0.025353143049045457,0.002452269577140953,0.009352105570280322
2024-12-02,-0.00048512820791835054,0.004283244132128772,0.014171410015265007,0.004667132699520238,0.010558991239474125,-0.0047459056846399506,-0.0037909604025472277,0.0036299067425158427,0.008362418069654431,0.004974309709727898
2024-12-03,0.0011403331794657134,-0.0027854225013399514,0.007746257841308779,0.016569712250454227,0.012239173659045033,-0.016387257200268568,0.00270929453180635,-0.0013358015840472248,0.015151805020602538,-0.007970816030449246
2024-12-04,-0.00442440838065572,-0.00860896270829059,-0.009228563096972842,-0.008386360527069758,0.017730960971231724,-0.004645065405472604,-0.030213778596496432,-0.01102140531804352,-0.0051396378344463756,-0.010727558458186959
2024-12-05,-0.0059386515675825535,-0.004814976973446683,-0.004646416685709198,0.002712969650977115,-0.005286355923148189,-0.009151055217357484,0.0005575690136083722,-0.011534780395319189,-0.009318445340783743,0.0016837855468274654
2024-12-06,0.006602904586899605,0.009675170679876999,0.02647213404197668,0.021177577412057946,-0.00424929817865749,0.01177917762362668,-0.005029348405001688,0.04038439878920741,0.013774322464829236,0.030486125022832322
2024-12-09,-0.0014540385019925495,-0.004654354740387667,-0.0052751372894457305,0.0,0.008128689395562105,-0.003033062683112764,-0.012401511815869348,0.005611687004776655,-0.014468044310201655,0.020352826597359375
2024-12-10,0.018131958000445536,0.022655788259045018,0.014305359389861216,0.023592182016820118,-0.013822654957235336,-0.025639800602015317,-0.0005673759017454927,0.009357314572180364,0.023998409160896017,0.022138791602000385
2024-12-11,-0.0071313232314498265,0.0020100509280238654,-0.013029500290334006,-0.0078023802841848955,0.005339040979420062,0.0004154549291164322,0.0039648876636606545,-0.012907724729811498,0.008433175295412987,-0.014493007302566863
2024-12-12,0.01947569134717142,0.016068335889904972,0.012310075798873221,0.01297035044262751,0.008131563278879206,-0.002287141032351503,0.0050747219140645505,0.02444603161695369,0.01533363376368202,0.0022190530583126034
2024-12-13,-0.030344651878040807,-0.025213101070666433,-0.03366582112701266,-0.03942691997945813,0.011204599012863081,-0.030648071383077458,-0.04368510694053063,-0.024708140093919084,-0.0329552351135014,-0.024684696218919555
2024-12-16,0.005383769815765049,-0.023580356477920894,-0.011604098019166731,0.01172721329063453,0.01931094491308727,-0.011223946880879687,-0.009445170571518613,0.000636430023540413,-0.0017108644036296639,-0.013396704196400488
2024-12-17,0.01996695401915538,0.00207268279259587,-0.0020729301684636603,0.002910439943053511,-0.00034158838931608315,0.009290333645484594,-0.01073355564310896,0.024400471191857953,0.013943432839264247,0.0032840752011900065
2024-12-18,0.008627629806928994,0.002137268558064953,-0.0013213782007595043,0.017546607046467155,0.005111614469496928,0.001933613235395093,-0.0030021037257643712,-0.008767320148588276,0.0,0.016260520871780315
2024-12-19,-0.013124245628612918,-0.01142869582362227,-0.0009449117210666991,-0.013065249869641526,-0.005453319581313121,-0.0010737679545598233,-0.0006015037775339849,-0.005986714111226199,-0.008138396902971134,0.0012894908298717311
2024-12-20,-0.018881072187378223,-0.002371322076461624,-0.005118009465741924,-0.0028974075320400416,-0.0020526863177425803,-0.006250693915711647,-0.016990699995445446,-0.02659311639229145,-0.0058050359362931125,-0.005167970158442614
2024-12-23,0.0029195185493149367,-0.005321023546693837,0.009080652635746755,0.011539598285021935,0.012591624590149841,-0.00868626525596028,-0.0061387546983247,0.0030026057791747718,0.013605652055778794,-0.0051948168771041026
2024-12-24,0.00807111096336044,0.0072045917201641885,0.012724722592825088,0.022432292954935207,0.008083573825594215,0.010414500726083187,0.00919405802220652,0.017791453433919635,0.0167508104248153,0.0006508298309784166
2024-12-25,-0.005748153547825652,-0.0027917382732649543,0.0022288270742327754,0.0045789955356876355,-0.0006711409647888189,0.006239934179053996,-0.0018320615811373564,-0.000969787468769745,-0.005663849890222394,0.016454638071961014
2024-12-26,-0.001445488659983063,-0.004132092583119196,-0.00838384044389695,0.002028398261392894,-0.015902889706740364,-0.010999787388996651,-0.010445563485057097,-0.02539723066754629,0.001335559463964131,0.00796816964917646
2024-12-27,0.0007720593429736411,0.00021051892993728671,-0.003373316542146565,-0.003552401604367983,0.009842265095049374,-0.00021689621601161946,-0.0024737180208784793,0.0028667004820759345,0.00598804184462276,-0.014066728111046256
2024-12-30,-0.002599896027959403,-0.009234196656474403,0.011757156986043515,0.007092228309491855,-0.006777389547596435,0.0008673027430048386,0.005557285064866413,0.017329882414775177,-0.0023244240915554215,-0.0012886599721482206
2024-12-31,-0.000655952794920367,-0.008320047994695656,-0.023464239334966663,-0.008109522395189472,0.004748991286203541,-0.0052151356791081405,-0.03317988246600212,-0.0021780773941726395,0.003318954258063833,-0.010369503155241322
2025-01-02,-0.023905520853555018,-0.02202016562316622,-0.037543108773056666,-0.020306571048397615,-0.011915034577871353,-0.020914356148869828,-0.017983785892460524,-0.02751802889389232,-0.02075735725970196,-0.03648829326313674
2025-01-03,-0.008774946619117152,-0.011674569985124172,-0.008118052701234557,0.003887525953367277,-0.006872879287761702,-0.013212598435463185,-0.02826346527285928,-0.0044538328111753955,-0.008834580056979124,-0.026357849679703893
2025-01-06,-0.024014876203873214,-0.03433458995538974,0.0007949126014765717,0.010037402505509885,-0.0038003155083301543,0.014546524822674822,0.011269592258230876,-0.0034215982679635104,-0.008913326066426475,-0.017848242824791694
2025-01-07,0.00013887924471944757,0.0001528584533696531,-0.0033827512110082836,-0.0038486256612944025,-0.0065983917125684854,-0.021786375450361994,0.0046037568980592525,-0.02884435450162126,-0.00552487593196993,0.003172927040577367
2025-01-08,0.0015957265674888532,-0.008827537653756323,0.002587838609531712,0.00972123286186477,0.01039870722089864,-0.011188608555967594,-0.009891277478742744,-0.016613490702440892,0.009305598771875978,-0.01132755474994429
2025-01-09,0.001039321070516408,0.006761974436089169,-0.009789310020501318,-0.007153837356618897,-0.007267725362389843,-0.010850851010324014,-0.0073162946906841775,0.008078473714899559,-0.006539345278985476,0.0014229813856134754
2025-01-10,-0.005555569844601926,-0.015279253954968652,-0.01741639810867257,-0.0005129520502316076,0.0027748890507592883,-0.009562755088278863,-0.03532976135845445,-0.005391941387142829,-0.014959402292107349,-0.011800601805174171
2025-01-13,0.005541719333171713,0.004654779544982723,-0.007381620558707613,0.0023062149875645588,-0.002080444578406393,0.003275622956945945,0.011687998301414204,0.0036923618262010294,-0.0028080046530685188,-0.004687226897756691
2025-01-14,0.019558446584400535,0.029137901507773734,0.0157226311793206,0.01976749616924467,0.001040763320311111,0.03398719777825221,0.03228256125261497,0.03693449170406993,0.007005282588408601,0.024630907865092144
2025-01-15,-0.0008356631608981147,-0.0018811849484645649,-0.005077699545979364,0.01963039803400246,-0.0013879252748481008,-0.009300282528077464,0.009878249571662945,-0.021023512788886478,-0.006653850499042324,-0.009210125324226937
2025-01-16,-0.017062090256159124,-0.009763559111791942,0.0028466875669446168,0.008575331246019946,0.0013879252748481008,-0.022586809473058356,0.009132483563272675,-0.00375399801881926,-0.004578278819280968,0.0010670461620656546
2025-01-17,0.005770181428094823,0.006217322324891583,0.0026361162989356757,-0.006854372001358744,0.00587728571656454,-0.0013995803544228913,-0.015707129205357884,0.006262110884866168,0.002467831324735048,0.0024853554423023283
2025-01-20,0.013688322823210086,0.015004032408281631,0.008670283168158655,-0.01459879942115272,-0.0013797863520537135,0.038466280827795796,-0.0013201322049227748,0.054247177871925345,-0.02135312447056892,0.0028328630843041935
2025-01-21,-0.0045192825690199,-0.0067989353762394344,0.0018052356722808582,0.0004983802744571442,0.0065370953591981085,0.013608687431565958,-0.02271306723923372,-0.005059478416002072,-0.008307795660885908,0.003882129456507677
2025-01-22,-0.018665787791447563,-0.023054027773441454,-0.01922163378095343,-0.017339296076308575,-0.016249277147183605,-0.01563229689109269,-0.012920955007461377,-0.02367110407409978,-0.006185211641680954,0.0024626221768264678
2025-01-23,0.001386962774349243,-0.013127601651757637,0.028596390781039815,0.00958634990166951,-0.006644542718668767,-0.010634787412396651,-0.005490748180416283,-0.0019398648178263755,0.0058224327514331264,0.0059555264483175385
2025-01-24,-0.004862809165701698,-0.007255170881172113,0.009681000236414494,0.010738023018092235,-0.010582109330536937,0.015350188537635034,0.029164494964139642,0.01204368761296859,0.0010879420837368592,0.013530128346018078
2025-01-27,-0.0007035900798442185,-0.004079716940559308,-0.00019663749940468378,0.00964041578217456,0.024519617174318498,0.00022398924945221665,-0.004018759594917931,-0.013987322821539472,0.008661187308604656,0.0003445305804965493
2025-02-05,-0.02197503523200428,-0.017366916803550403,-0.022472855852058604,-0.016119381879883488,-0.019214564944625145,-0.014437426499507744,0.01200814962839658,-0.01917092025031053,-0.03584875458292558,0.032867603625617026
2025-02-06,0.006419017723362508,0.0070942069478299175,0.010603280296674455,0.004987541511039417,-0.0028258584682623322,0.00792128165916628,0.02294430379525947,0.0038795029061686748,0.0074211843376170705,0.012257897395501871
2025-02-07,0.01625960758848599,0.013647511944298252,0.012459372092681775,0.0,-0.004964549203733348,0.02074809508595621,0.05054771515143042,0.03180796167107669,0.009565930193122796,0.016653446098918057
2025-02-10,-0.0031316394150424642,-0.0007838219557907422,0.00039300452461032975,0.009901070982711424,-0.007851574953534612,-0.0090939963536818,-0.012399414905038153,-0.01089037758010658,-0.006612808814772997,0.005490083222912556
2025-02-11,-0.009482403101054082,-0.010008358099328873,-0.007493626074186466,0.009316076203066626,-0.00035835872091105614,-0.015493742071792216,-0.022075951699199958,-0.02606713003180161,-0.006656829315834223,0.0054601067077979515
2025-02-12,0.017476851681798244,0.0113404900990135,0.011023733682047787,0.015496678154734767,0.0032206147000422014,0.005641445628780772,0.010783485401027804,0.013804202637191842,0.007025357051716696,-0.009979158943260735
2025-02-13,0.015171917470037322,0.029399131315379634,-0.0011753184506728687,0.0021600872433653606,0.006410278360919008,0.004490353301626282,-0.008235713322228833,0.02357422066386672,0.0131773502658028,-0.013680995143861896
2025-02-14,0.006761792530011412,-0.0021313854456774806,0.013240068800718152,0.0076427408081714,0.0014189431256239615,0.019082007883849172,0.00570886422032002,0.031333762782074004,0.004354143308620273,0.033857820534728855
2025-02-17,-0.002294154986019592,0.002435498578106099,0.0027042705296356218,-0.007403018884453605,-0.0014189431256239615,-0.005288685751513533,0.014442951216987687,-0.0011500437171161337,-0.006902843031634021,0.0012674272926038732
2025-02-18,0.002294154986019592,-0.010315277711833382,-0.010276387090145889,0.007878756286385347,0.006722119775645741,-0.00976917183261028,-0.013178728545447438,0.005072488059398417,-0.006216878681125415,0.01633202130847433
2025-02-19,0.010789045990818202,0.006964935736842648,0.0027247973261852465,-0.0016660720264702888,-0.0102783112901359,-0.002457278126891893,0.03232102345034171,0.010214668474173294,0.030349150071313336,0.004662013105811269
2025-02-20,-0.011467242015456236,-0.004663438748562676,-0.013107886003526303,-0.0031015174570021564,-0.0010693282074014654,0.039255122347421345,-0.019142294904894275,-0.012321994983736317,-0.009655000801900737,-0.004973588120015915
2025-02-21,0.009594261718248731,0.0047397076728259435,0.00823695576892991,-0.010810916104215806,-0.008596041469798088,0.03756508363602018,0.006834447230297247,0.019606674803146262,-0.005043238354928814,0.018524765614353456
2025-02-24,-0.006160543600187474,0.00593112528769435,0.015504186535965303,-0.0031450370667780447,-0.009033485097667882,-0.003943140939759449,0.012919281505935576,-0.014806960955255022,-0.006158324117727432,-0.026031838717946787
2025-02-25,-0.01709513277387842,-0.024171520179423034,-0.01981031963345803,-0.005832337310395896,-0.00801753565894714,-0.01508513835391101,0.005486146036779882,-0.00746796328153021,-0.005830920310793353,-0.023829562832983875
2025-02-26,0.004124905900529718,0.008122264726144302,0.01247579534249832,0.010907876907231717,0.01091713899534863,0.003792672055739299,0.057867382320548444,-0.0031964346115307407,0.002555212195162415,0.0035307370974995145
2025-02-27,0.017348520533925438,0.02247285585205816,0.0,0.021465169478826596,-0.003989125870182075,0.007542461903631281,-0.019114396023315106,0.0051242175174461835,0.027684672994555903,-0.008365557152083092
2025-02-28,0.010199830588835113,-0.008852628464196322,-0.024314923366003605,-0.00781716642119612,-0.005100193204840231,-0.04155279791447564,-0.023071120901311915,-0.021337137388131033,0.0028328630843041935,-0.026519805932255558
2025-03-03,-0.009217518847923323,-0.005639828987668238,-0.0009929501361956028,0.0,-0.010648163763299134,-0.0008707009692439094,0.017794063800467885,0.0343264834502639,-0.01352815220105219,0.012529013217907004
2025-03-04,-0.011436889363696245,-0.008365680624185856,-0.0049795939964254465,-0.005963046888246559,0.002212390282940735,-0.001307474581552892,0.024391453124159135,-0.039257272882743166,-0.004670387508611817,0.010754543935140415
2025-03-05,-0.0025472688540526534,-0.008824952768001992,0.005972544132621049,0.02574235899807853,0.012081420974204171,0.0026132419052773415,-0.021456317468396602,-0.007671939765323543,0.0007199424357042794,0.009998470651150893
2025-03-06,0.02665389000808993,0.023590167650763938,0.024702295053977696,0.001630751671820363,-0.009506470130828504,0.011675808315428249,0.004094770272495829,0.012640564274706279,0.007171059772949739,0.07539084596661105
2025-03-07,0.00992416420011999,0.023417461549446905,-0.0027147583087514526,0.014099389928741601,0.0014684290450666104,-0.018221762302709,0.01276119405683973,-0.013522212630808994,-0.008611463334918579,-0.0011911853701533914
2025-03-10,0.0012483985983529067,-0.015776617929861736,-0.004866189651172803,-0.011542141063331623,-0.005886698382731481,-0.004168043765842011,-0.007521007393283874,-0.01647177944551448,-0.013788317139855621,0.002083644153172859
2025-03-11,0.01678654332414542,0.01873958306051904,0.004866189651172803,0.01016409766656956,0.003315530758724261,-0.0033028765025298057,0.006367604727929965,-0.005081113140189331,0.009816475846881278,-0.014979309440373623
2025-03-12,-0.003946615889756977,-0.01663162474024915,-0.006819315272054816,0.0006892590738125648,-0.002577795572184627,-0.007527155309063449,-0.01746260905291752,-0.00274671548005756,-0.008720985505444645,0.004517399641203124
2025-03-13,-0.0031230242728517155,-0.004371426919049348,-0.0001955225345948719,0.006866586833358834,0.004782058037058334,0.0006664445431607824,-0.013002547254072905,-0.005042159898470011,-0.0003650301190378791,-0.003612285685913541
2025-03-14,0.05702509503058106,0.06158833177437728,0.04455377909759939,0.029665096641700917,0.007312646846286519,0.0329832235606653,0.04136913808772125,0.03408582766898949,0.08265114871665213,0.005713442094538834
2025-03-17,0.006032101625005559,-0.006841531816717428,-0.0016846049842618172,-0.0026607554500261976,-0.0029186449029516837,-0.0012900453304900417,0.008525200823359835,-0.023167059281534286,-0.021747374234106776,0.0
2025-03-18,-0.00849826995314551,-0.0020759519248940705,0.007093552238515599,0.0022177875579547646,-0.006230549750636527,0.000430200049654772,0.012932426515103845,0.0038986404156577947,-0.010359208661094854,0.000599520401649567
2025-03-19,0.007184719114680327,-0.004524732106458096,0.005749807179019406,0.019307313217830302,0.015685165633373632,0.016846544062473878,-0.013498517670895271,0.0321243573178851,-0.005918207003992482,-0.0020998957768845194
2025-03-20,-0.019576451409843543,-0.021316874255004947,-0.029656828129704937,-0.017094433359300165,0.0003618599641441733,-0.014054745835554883,-0.013109335643884279,-0.012283583194563796,-0.010883028250019411,-0.043264915964431605
2025-03-21,-0.019039203067903188,-0.010273936410240658,-0.01419824311872997,-0.01200814962839658,-0.008720985505444645,-0.03892052231542431,-0.021456317468396602,-0.023739414538979098,-0.02357252004359056,-0.017716376057866245
2025-03-24,0.005860474522455306,-0.0021568562896439047,0.00731616663453627,0.007799482434823535,0.010889399799268062,-0.011210879749216751,-0.0005863383340072303,0.008402103264144145,0.012212795473182325,0.0025502085864550494
2025-03-25,-0.004749098683682895,-0.005599745845529469,-0.003266406977616043,0.0008875083786459292,0.00826896676379274,0.011656711232303607,0.007013471179858399,0.005100080601148527,0.013123082459879587,-0.005426988579070091
2025-03-26,0.00031730922049533206,-0.0015735644474306199,-0.004629637898741823,-0.055398779389788544,-0.0035868044192861603,0.02985951801224207,0.011005034322820073,-0.009914875955263192,-0.003529830703524528,-0.007712120486338847
2025-03-27,0.008214896118891701,0.004116002069103786,0.0065523456627625265,0.013966707481708251,-0.002158274219091094,0.04566424280509329,-0.01860518783103471,0.007599881480534698,0.0045863548377242935,0.0025773210143005265
2025-03-28,-0.002387996888075783,-0.0050162947250065315,-0.0019227077640207035,-0.0009250694461724329,0.002876665054584837,0.0045360902521367485,-0.010026624843292531,-0.008067062054320395,-0.006710249441428395,-0.003545531514335565
2025-03-31,-0.0153902491332083,-0.01421144184057166,-0.006371292910841042,0.0016183103751492567,-0.0014372981274193286,0.012064352440898318,-0.062367396234587424,-0.015145265363975646,-0.004973367267057771,-0.008756339391959855
2025-04-01,-0.003195362389263323,0.0033442305242488146,-0.0001937046010898058,-0.009749380844003674,0.003231020581446309,0.051496525767174894,0.011916102115078875,-0.01545847515882759,-0.0003561887838192668,-0.007848307126135712
2025-04-02,-0.004508806236811047,-0.004868040342914881,0.004638585820050611,-0.003271030953952092,-0.002512113289520723,-0.018510026770868215,-0.005000010416705614,0.00032115616494365895,-0.008227554907572099,-0.004277025766525888
2025-04-03,0.012739516083225766,0.0064602162734876956,-0.00735439738259247,-0.0018739757182455463,0.02027456962936114,0.0037295165419655163,-0.012610507591929832,-0.02462438019079194,0.01603454984725694,-0.013944449058632902
2025-04-07,-0.044896880882282275,-0.04034862173035059,-0.05839323597668322,-0.043610168606203814,-0.002467831324735048,-0.04693060894799039,-0.10564256332575139,-0.12172984649490814,-0.025054997084281272,-0.06992467100245925
2025-04-08,0.029558802241544058,0.030910280999989936,0.014312245941149104,0.0078068217915947535,0.025097169455495116,0.0,0.023694488292668403,0.017639253487661044,0.04048848476200373,0.0071454394767545
2025-04-09,-0.002566397177942825,0.011330488882398626,-0.006721687391359588,-0.01691009538347954,0.017741850566465267,-0.00990515733551911,0.013000525216696257,-0.03559524563231253,0.027464822764633023,0.0028439407721290166
2025-04-10,0.0051520482629658915,0.006782241521532839,0.011177842223254686,0.015694289762589797,-0.013619549984755785,0.005789925190412326,0.021520669151537053,0.03069854683357054,0.005066722543348501,0.0231589297620296
2025-04-11,0.012816165262326429,-0.011709293368724616,-0.002630781644796354,0.00992624056275826,0.0010279253946059441,-0.0024772927615561713,-0.01542102299481396,0.02724273639387409,-0.0145938446213143,-0.011512424375705876
2025-04-14,-0.010887748255758112,-0.004264398786457235,0.002630781644796354,-0.0007229787036209245,-0.0017137964777345083,0.010077206100182146,0.006734032181344052,0.0,0.0020491810449354553,0.006993035490970634
2025-04-15,0.0038649690072567466,0.0023628960267894072,0.007048664769026214,0.014836357327009164,0.004108187907293281,-0.012353461609661665,-0.011474982476874285,0.01835725551837175,0.002385416022930187,-0.0041899502638540476
2025-04-16,0.0007506809413300175,0.00720655498936118,0.0010029085185228048,0.003556613114847007,0.004431573640841346,0.012967146808424701,0.016829747614534263,-0.014391913603017059,0.010832875062922742,-0.00772747083779457
2025-04-17,0.006921990970329972,0.0017369637716768693,0.005597775512829362,-0.0030816665374078234,-0.006483557944986451,-0.00245700369305224,-0.0006677796575362827,0.00492360550189197,-0.000673627509474084,-0.005303176650021779
2025-04-18,-0.0025893367018570146,-0.005902847471115358,0.005566614772053224,0.014846508116994173,0.01258734088300395,-0.016119381879883043,-0.008048333182828493,-0.002392239655900852,-0.002361276185679717,0.005655723806854862
2025-04-21,-0.00958639846395748,-0.010759766517237423,-0.0031771273746716844,-0.011055034380732298,-0.0091697025598525,0.024082670515956917,0.0013458952233551535,0.025832179354014606,-0.018061489448181423,0.01781706520386539
2025-04-22,-0.0014194466542267747,-0.0018430353857743498,0.005751131369844842,-0.006406475820746049,0.0006821282665585571,0.035953542928102156,-0.004718579701994408,-0.002900121067406225,-0.005171533677275075,-0.013596165514808689
2025-04-23,0.0020639842208520776,-0.0009997309249625275,0.002567395505245873,-0.0004761904851888765,-0.004442173715123676,0.0023515589907563417,0.006734032181344052,0.01146465449283074,0.002416710998430549,-0.0003510619660418435
2025-04-24,0.00016106950183747415,-0.007026242085803602,0.010204170174241689,0.005225665098305576,0.008864701760248561,0.0007826257492014044,-0.012833678338067145,0.014971995038665753,0.0048159707805846,-0.005280772701349523
2025-04-25,-0.0014505603317092053,-7.748634307080948e-05,0.0021452958008323364,-0.003084591364952871,0.0020345886977874983,-0.016962931387423996,0.012162312082571347,-0.0011405158902038082,-0.00585098898579961,-0.005308807371890989
2025-04-28,0.0,0.013851702811531474,-0.0023405510977525523,0.006395852668608981,0.006752220117286267,-0.0059856523483703405,0.004021453140778064,-0.007423939071282248,-0.012854093955452228,-0.0042674317962196895
2025-04-29,-0.003878479328570883,-0.009984721968034904,-0.004109192750133328,-0.008298802814695083,-0.008786808815073766,-0.007431991625231671,-0.006038260547082341,-0.012080338821728986,0.0066213867982773955,0.0028469770119285975
2025-04-30,0.00194111998834412,-0.006582792406038429,-0.0057025029173978226,-0.03045920748470854,0.0013568523112899022,0.02979366347877699,-0.010825545504922651,-0.002286800124986499,0.033137105340806716,0.0024844733276618847
2025-05-06,0.0020663832743448296,0.006119543478667389,0.0017732247775081866,0.015345569674660275,-0.010906720251134594,-0.0019588644853332227,0.022200709980192634,0.0005613974625457985,-0.0020181641562371233,0.02173998663640564
2025-05-07,0.0030915907659236908,0.0038538663391793904,0.007452476147206788,0.01558971494353445,0.005809003179465755,0.009950330853167877,0.004646540055995629,0.02968914894509922,-0.0040485885260004295,0.0003468007664375605
2025-05-08,0.014803075120994436,0.01382809764847881,0.015125361070755794,0.01839240717089652,-0.0013637915513045051,0.0009702144934928825,0.011195375409662311,0.024671146573886027,-0.0013531801794197662,0.0027700848738154704
2025-05-09,0.008197258596225332,-0.0016705904105549507,-0.0040497596569202265,0.015762959665257537,0.008154989129306234,0.023954388647855485,-0.023187524454926223,0.015015297119995274,-0.000677277370961793,-0.009379954129815182
2025-05-12,0.008336302219356995,0.010508507210762907,0.016291687598185778,0.007332755129391799,-0.0003384667488735005,-0.040971914234583906,0.031015353075173113,0.03455922126740507,0.010781775603288413,0.010071278042589338
2025-05-13,-0.008889503888041439,0.00015039855645770928,-0.002665145304936445,0.01720277823662819,0.006747663928775349,0.010596645466852905,0.015474196582597077,0.006863551383268884,-0.003020643343921492,-0.004155130631962045
2025-05-14,0.027714010442829284,0.016924914721721862,0.04162990291995339,0.005594733179023148,0.011367558049629967,0.03207804091314248,-0.0064185072727895864,0.0146923255902065,0.006700192569819574,0.006571007561936959
2025-05-15,-0.0018243041484389266,-0.011824776163412487,-0.008077884938112234,0.0024518010721905625,0.008936018423868486,0.014823425570224646,-0.028741364380838075,-0.009258262695282404,0.003998672438979334,-0.007612493509228546
2025-05-16,-0.011016272140714989,-0.019566252152768193,-0.015979529908474177,-0.014575883126192846,-0.008271345750677561,0.0029756391679196526,0.003968259175620936,-0.003156641186047082,-0.002664004239520068,0.0003472825178159056
2025-05-19,-0.022017042884579396,-0.013672538052801997,-0.0016871313402959665,-0.00976060410428925,0.012217421242787907,-0.0074557661313434664,-0.003968259175620936,0.0024645730281616096,-0.0016686137694352787,-0.001042209578443476
2025-05-20,0.004436054263827316,-0.0013156369192515172,0.007104161491627625,0.0013676774413653447,0.006868383501437592,0.018536211907915323,0.0013245035048905507,0.011472401162237134,0.02180462996685284,-0.020720671092922416
2025-05-21,-0.0031765404974235523,0.0010062309761895705,0.003161910938971335,0.0,0.0039037134804735807,0.026996838394844236,0.0013227515156164493,0.04126600239804468,-0.0065574005461592755,0.010589580073240512
2025-05-22,-0.000613735676356697,-0.001316044316131304,-0.00018571826592550522,0.013799562946637423,0.00743978848075999,-0.006096486517277455,-0.007962882154894046,-0.013628643307607824,0.005249355886143725,-0.005986987419966727
2025-05-23,-0.004694546463596794,-0.007308382708537842,-0.011394538151806355,-0.010388530645574434,-0.01755571746012574,-0.019982499587337887,-0.006014050869755483,-0.012580186752860989,0.0013080446600155504,-0.004602592653273785
2025-05-26,-0.014152841016912276,-0.01367086030261433,0.003188598781483254,-0.005691534999788139,-0.004931787079776928,-0.021326723921436308,0.004680717338891416,-0.04242446134959721,0.00586511945239776,0.0021269061545070578
2025-05-27,-0.004265776892622419,-0.001979649852683174,0.0,-0.0013708021337786036,-0.0026402655601764913,0.0013112299340525269,-0.037381178649826374,-0.007491847000968832,-0.0048852075660490435,-0.004614027706600687
2025-05-28,-0.004479218109285199,0.006006024060211779,-0.0020620496574581537,-0.0013726838119723084,0.008883098386576638,0.015417784738754214,-0.006252191259049855,-0.0015366736017039528,0.011361914144038643,-0.0035637956464236176
2025-05-29,0.0019499518690784257,0.003146635698897171,0.004306719511282253,-0.004819286435948644,-0.0078921817076405,-0.002768806568133275,0.012465535376561476,-0.006924550371411264,-0.01857033329944935,0.009593251756355059
2025-05-30,-0.011757156986043071,-0.006935715066474835,-0.004494389587839542,-0.0009205984539701895,-0.0029757006583222,0.011760517760097233,-0.010377125289291023,-0.007372754329413311,-0.0036237891739498984,-0.005318218526606522
2025-06-03,-0.008578079653782211,-0.014017432448280687,0.010641377370264049,0.012357136645988032,-0.0016570012076293494,0.0025542798050972593,-0.0020884100872704536,0.00458945233380792,0.008871423387419863,-0.003204560335376083
2025-06-04,0.0006359806240272547,-0.0010432131909468012,-0.0016727073875038023,0.002044758181478201,-0.008660946877347975,0.0074430769322111345,0.009018444751940358,-0.00039824771533947256,0.0006540222600688317,0.007461395426060502
2025-06-05,0.0026719946055173693,0.003846466798719028,0.004269148015301649,0.0070112240166211315,-0.003015582784487769,-0.025832708807678184,0.001380262468958282,0.0017908670590793818,-0.01283123378198825,0.008108628951324803
2025-06-06,-0.005039095019554907,0.0004797697197416184,-0.010800849878516594,0.0022512391317870417,0.006355599249558974,-0.0014858843744245398,-0.0020711087831362107,-0.010472136950411937,-0.052339501980798175,0.0024548495582443763
2025-06-09,-0.01355409221368209,-0.0010397921352742756,0.005787377303357655,0.002919054503413232,-0.0003335000864659321,0.010355122115204285,0.0006908463141779286,-0.013348092857015104,0.004872964741874597,-0.003508775529679209
2025-06-10,-0.007497198352201195,-0.00457189486950238,-0.005412985685356642,0.0015682763380091558,0.0016663893207873315,0.01406544331864934,-0.012508849691708956,-0.009985350604718946,-0.008718451039881003,-0.01131153807057439
2025-06-11,0.003377318346204916,0.0024890614641170927,0.01909410127593336,0.014225623315019309,0.004982571344463782,-0.007647524525857818,0.02894757603486875,0.029821511397271294,-0.0038603311669791474,-0.0003555555593015569
2025-06-12,-0.014290818235375369,-0.017799822701208612,0.006406171812411987,-0.0017671751892951448,0.0003312903790444466,0.02008572003244158,0.0013577734604601766,-0.002758291609081809,-0.008120079921134948,-0.00463376341510191
2025-06-13,-0.022211970202209663,-0.027979641609028327,-0.0060389972167684824,-0.0011060724498945795,0.014142646510790335,-0.03518729616277039,-0.021948754904387524,-0.006465756145330737,-0.007472014838701302,-0.00825116788875846
2025-06-16,-0.003271050634609196,-0.007161242112728061,-0.002941178590816218,0.01319280348456342,-0.0052390427625219615,-0.0024152357305116112,0.015141376676362839,-0.006224002632664316,0.0021405644991108197,-0.006142747409409122
2025-06-17,0.0033060897908701037,-0.004746173838636736,-0.0016582223974714871,0.004359204810615136,0.0068706306591446165,-0.03636764417087468,-0.00410678195265346,-0.0016229817731172602,0.00035631569947636166,0.0010867597519514938
2025-06-18,-0.001402524774085201,0.005253358972078459,-0.007774937351640698,-0.0028313206325618623,0.0013033563265705261,-0.0005788712173222521,0.0006856359541820289,-0.002805849389770465,-0.005358112479619148,0.0010855799871976046
2025-06-19,0.00070150827149007,-0.008913093258126281,-0.011400927153729867,-0.0048098037631625346,0.0003255738267404773,-0.004449180373498507,-0.01798112069461366,-0.014231175030941401,-0.007549919019284701,-0.007259560012804034
2025-06-20,0.001863620024707302,0.019254099277396186,0.02853630726493428,0.007858586612521368,-0.010471299867295336,0.0034836497394463706,-0.006300335856250783,-0.007629193650783961,0.007549919019284701,-0.0069457416871530064
2025-06-23,-0.006080070403641891,-0.010763642431460774,0.006555012546336059,0.005637482406601446,0.008190053970044353,0.003856541609753794,0.0035050859579461857,-0.0027090686958217702,-0.012615052858466314,0.002198608434202498
2025-06-24,0.012039904644057131,0.012351541306748537,0.030210537730471998,0.010752791776261983,-0.0022864618813041027,0.0036499896443826785,0.01527807495432043,0.025993678192878455,0.003620568763129217,0.010558991239474125
2025-06-25,-0.0009328034201612212,0.003584382614756798,0.01901164787394194,0.01591545530589933,0.009762524655659188,0.015223890600634338,0.008919441637069259,0.03586503159178367,0.0036075075198733764,0.00721764230381039
2025-06-26,-0.01110710122389591,-0.0037514111770295955,-0.005196616579253188,0.007968169649176904,0.007420585752970332,-0.016567074147102012,-0.011679967889773213,-0.008312206853790194,0.008248208856495687,-0.00794228001667907
2025-06-27,-0.011979924296515065,-0.0046042524099192406,-0.010826018080309474,-0.0352852758435378,-0.029025354064952325,-0.0024992803550771825,0.00688707956372081,-0.0071460068276048005,-0.002861232281031967,0.0018106106702746594
2025-06-30,0.004572273583582032,-0.0023521516220963434,-0.02632667165708913,-0.005858756044538449,-0.0026507636462440587,-0.0009629273733935406,0.03041802612887512,0.004888624827053434,-0.0014336920018487298,0.003250860728217564
2025-07-01,-0.003140746270079653,-0.0022733980237248375,0.003957551486607258,0.010822616458151746,0.007602085859307994,0.010732184266884826,-0.010709607046375247,-0.002858732987934154,-0.0075607920934883666,-0.00723854047317074
2025-07-02,0.00319750156962062,0.004625549645821181,0.0019729178671035186,0.009641210192385952,-0.003959094580806788,-0.0040110835938071965,0.046030479460632545,-0.004183689736168006,0.005046874447038885,-0.0007267442180327599
2025-07-03,0.004247493289393667,0.00368509629757785,-0.0001791954130769824,-0.00620256506758432,-0.005303293834896916,0.004201686853699815,-0.001286173810744362,0.047334580608830557,-0.0021598280534300685,0.007243783938403858
2025-07-04,0.004665561598960366,0.0064164213305240025,0.013704939967799312,0.009820745028401578,0.0023236524978016426,0.014944002687165892,0.0019286409064056542,0.01215026586668877,0.0007204611262645599,-0.0036153329328239003
2025-07-07,-0.008132995989812208,-0.003995011555592676,-0.0024778773740150584,0.002758037178458572,0.003310165220454575,-0.01151934180580172,-0.006443321260932056,-0.018645283732665163,-0.014508778266120181,-0.006540720992551208
2025-07-08,0.0038276407718118577,0.007229247488412582,0.00035435861462218554,0.008858948467207028,-0.011299555253933224,0.014144507386164573,0.06263787960457368,0.009233182725655986,0.004374779124566519,0.006902843031634021
2025-07-09,0.0019541521356236657,0.006766260652312006,-0.009790910434618105,-0.010343100123077154,0.002003339568175111,0.0685683119610756,-0.006090152806505156,0.028048495765983894,0.0072490350057159425,0.002169982768322587
2025-07-10,0.00535606366566288,0.008026908525518905,0.021764992575318054,0.023278811483290696,-0.00267201227781122,0.00714350977462086,0.0054828038658802924,0.004421525257877867,-0.001084010946258207,0.003606206576729054
2025-07-11,0.0003504468232815583,0.013934120459079935,0.010101095986503772,-0.05540402742505535,0.016584128015535438,-0.012227226569560656,-0.012840286473177365,-0.0018399269220079617,0.001084010946258207,0.004310351501122245
2025-07-14,-0.0023854638407989626,0.008890371319292711,-0.002428870035156905,-0.001534919718083394,0.006884144545145077,0.00543336714815279,-0.005553855682796982,-0.011111225425070259,-0.0072490350057159425,-0.005030553188716258
2025-07-15,-0.008890201783223084,-0.003274632533656785,-0.008197482025753544,-0.007710138425967461,-0.004256022138875437,0.0001747793415267651,-0.008701111452736221,-0.0027972046210615886,-0.00400948231685172,0.006105244318481695
2025-07-16,2.126129063118043e-05,0.002237494940191098,-0.004739761352934302,-0.0024355154295192527,-0.0046037568980592525,0.0,-0.00689009929051787,-0.01259060135032719,0.005100193204840231,-0.007547205635383136
2025-07-17,0.0037632057087195747,0.004301081899391157,-0.0003519887399949795,-0.002441461649985044,-0.005950430780631066,0.00887348145087774,0.018680493397889464,0.004151732704462674,0.020856563274556983,0.007905179507113669
2025-07-18,0.014474467226859744,-0.01634651783066854,0.004566217979581566,0.001110494284027208,-0.022126279793980963,0.017684382232833862,-0.00867415599816379,0.021241715384246795,-0.0010681859659089632,0.0025022354432011618
2025-07-21,0.004166672694846163,-0.009905090318934384,0.002100473378607859,-0.004449395549541713,0.0003389256090740034,-0.013018340759257008,0.014824236883501207,0.03071802354646458,0.004265914752230149,0.004630462414226155
2025-07-22,0.01511731070697575,0.02394406783783598,-0.008604847193518061,0.002004678252378156,-0.005095985208533715,-0.010224506366873776,0.015815414805549377,0.02472226488236462,0.006364943694738834,0.009197093480917129
2025-07-23,0.007155324902146987,-0.0026323151641189924,0.022668799812712415,0.003997340432620344,-0.006149660651674882,-0.004889131443174044,-0.012754500263870483,0.0012550552477161858,-0.002823863507284141,-0.004587973461661399
2025-07-24,0.010785409571809623,0.00279162693759627,0.010974047031976575,-0.005333345975362835,-0.008258821891301782,0.0064555750669335055,0.03129015799320989,-0.006361211202644768,-0.0017689726884344559,0.013003170386945762
2025-07-25,-0.024776424349210124,-0.016139095335841347,-0.009595687061855429,-0.0011147030470928243,-0.006586953959978548,-0.019315789299291453,-0.021557721074978886,-0.008450754517722814,-0.01462483708724216,0.000698080307580895
2025-07-28,-0.01129377582671065,0.004200329277218806,0.034022067829296176,-0.00873759339591862,-0.003833425150914671,0.09531017980432477,-0.006680862990832814,0.012300278081651683,-0.003599715910112433,-0.0024454160658051727
2025-07-29,0.00023630310848510305,-0.004362233268505378,-0.010035207146022351,-0.0067735639428390115,-0.00034922298242090477,0.027973852042405767,0.009099243855114292,0.019096961731806417,-0.0076018465625438125,-0.0010498688628368669
2025-07-30,0.007228847033609931,0.008063259296941183,0.020300197942528797,0.0063234176376911755,0.0024420036555516944,-0.0032969650714269605,-0.010929070532190277,-0.051794810672986635,0.012996572827180142,-0.0024539889615668997
2025-07-31,-0.0193450380001714,-0.027436898310872593,-0.0338390745721,0.0013498314760451713,-0.030423287299356616,-0.010910061572921848,-0.03858599399519047,-0.04604752854862415,-0.01700167557762855,-0.01378357217011672
2025-08-01,-0.003290276230125677,-0.0012389016657934349,-0.008383999832850542,-0.0013498314760451713,0.0053734680611432495,-0.025603201931798658,0.010101095986504216,-0.005874678154891733,0.0036416646217887205,0.0353121814178321
2025-08-04,0.0014104374693619803,-0.0006613756854836339,0.00017180654625192915,0.01074797628192714,0.005344748158881085,0.011191423270495271,-0.008832864998508771,0.012879037426050566,-0.0010911075823347716,-0.01872454151485048
2025-08-05,0.00614037633308584,0.008481954750672038,0.015850353140686835,0.007764875397726634,-0.0014224753465432727,0.004827040748315525,0.008832864998508771,-0.0029313411196563166,0.002544068244775044,0.02625366674667795
2025-08-06,-0.0027072347350163284,0.0017205362484471465,-0.001353638108554378,-0.0028770629561316596,-0.0046370691258315055,-0.011624283297052784,0.0012554929458317154,-0.0026380267795458323,0.0007256894367819733,-0.00170619389624882
2025-08-07,-0.001075106472330667,0.003187449063744907,-0.003052401895155654,0.0006646726731909247,0.0032125674604461807,-0.012582893364336378,-0.006293286975789236,-0.007385697809406011,0.0,-0.004449776296609365
2025-08-08,-0.0009706963045728045,-0.0026964105073519207,-0.005791193156881036,-0.013827160529383598,-0.0071531063226548675,0.0029556671763470987,-0.0012634240467717106,0.0016333355956765772,-0.009841522844791228,-0.013121735233044607
2025-08-11,0.01676958456532418,0.013974878067191554,-0.001196479076161161,-0.00970333688081082,-0.006120631168789359,0.0013108309266778306,0.011938564669115692,0.0006829305573310407,0.009841522844791228,0.0027768153906517767
2025-08-12,-0.005523879085952643,-0.006069698560078329,0.004777350836689287,-0.002270148534539107,0.002524798455733279,-0.0036089278015065673,-0.010675140622343982,-0.0015562433157390032,-0.0036337249285232076,0.013769580723757002
2025-08-13,-0.011893360217570148,0.0,-0.0023858225359303376,-0.010509578111859597,-0.004693996703278636,0.02851319032368238,-0.000631512493358688,0.03856303473431044,0.0003639672469661903,0.009188426054406396
2025-08-14,0.004875248500792573,-0.0028451834012610533,0.017085757761587494,0.005497036288315549,0.0010851873012871494,0.003348484353281833,-0.017203355142675125,0.022729483089412916,-0.010241494052197098,-0.011241814866248312
2025-08-15,-0.003446742172647177,0.0021143376177858997,0.003014572706661056,-0.011024457086272754,-0.0010851873012871494,0.009190367332679195,0.0378355343427037,0.002782933150444755,-0.001471670611456144,0.012595911213977296
2025-08-18,0.004504354099672092,0.005266368258391552,-0.007722046093910251,0.004838161724144641,0.0003618599641441733,-0.005060099348342284,0.00923936353997279,0.008267295654984963,0.001471670611456144,0.015441730125314912
2025-08-19,0.0066283166101648305,0.005319161477600254,-0.019398260125283784,-0.0025313556262296366,-0.0003618599641441733,-0.022281918873289897,-0.02106645440600108,-0.018545467322994114,0.0003675794932034293,-0.0053440340942714215
2025-08-20,0.008310297133627742,0.010951786188957868,0.01703618715256816,0.0011514106050420914,0.0021691982475453564,0.01862909181470851,0.014299280011417004,0.005026940567973703,0.009145847544670183,0.010990951607702915
2025-08-21,-0.0012076254378863283,-0.0026270763029261346,0.007069546359964818,0.0004601932892995819,0.005761629190422557,0.017975886115112694,0.0,-0.0007165890668519026,0.006533598559644194,0.004626577981742486
2025-08-22,0.010782330955831476,0.0027065770383494225,0.014652276786870644,-0.004842624475788426,0.0007178751205638711,0.015352709089585304,0.01956052585449397,0.02889741504486576,0.001807338283401183,0.024748902370172576
2025-08-25,0.017859309994705086,0.032381994043864104,0.008230499136515412,0.014002294653209901,0.017076188679904458,0.019506866630795372,0.015019807742285174,0.010736777543704612,0.017186244705410747,0.0028906395589682887
2025-08-26,-0.005868237598090076,-0.0014633961097354486,-0.007899975253156555,-0.008010112630435273,-0.0014119310499531856,-0.014594360589364364,0.004759080963253393,-0.0026906773968855546,0.005663731954144158,0.0032020520474795866
2025-08-27,-0.022946040383518884,-0.024341972668929124,-0.03070453434991194,-0.012020486854124712,-0.012440181758198499,-0.03506397387145643,-0.017964554975298697,-0.039455628481205096,-0.018525645596551676,-0.013842165325713474
2025-08-28,-0.001313016324915317,-0.009123788944371825,0.002552541162994082,-0.00046522447919805643,-0.003224075871752774,-0.00031725888590994344,0.020335628996636768,-0.0032031122741882356,-0.004324331063003228,0.010640113278233887
2025-08-29,0.02317181013741454,0.03184582837055583,0.01752066381819084,-0.002096192685575371,0.007862799622295302,0.04952272897186916,0.016441944089675253,0.09867660804627842,0.03128587905981117,-0.0003207698503850942
2025-09-01,-0.0026386132152094177,-0.005108370241864613,-0.023144879751282765,-0.02144538413630226,-0.010737397361739731,0.03150803067307084,-0.005255486548960242,-0.0071454628977134504,-0.010556044537182618,-0.0006418485457833079
2025-09-02,0.010244748225785472,-0.0024084228710430367,0.0025603837491603443,0.034187361233193325,0.01500028125949271,0.007579106386648604,-0.02010712329909481,-0.003724030866384176,-0.00035379444911765034,-0.016507900361071748
2025-09-03,-0.007234582423166991,-0.015205246313276355,-0.015115368511215976,-0.012508849691708956,-0.008901607648295506,0.04416763309427729,0.02594485149478043,0.02003760635790819,-0.01246232970815031,-0.02444786447574998
2025-09-04,-0.005343350979128303,-0.00880503844362579,-0.004857747234784604,0.0034904049397685988,0.009610324899788303,-0.04736717043690408,0.012724289664373778,-0.01621489614996463,0.00891748374161061,-0.02027096437361875
2025-09-05,0.006996773771490439,0.010304466574453386,0.0069324367756449234,-0.0067591447168950936,-0.005683851891606917,0.05415155090720969,0.039441732051296974,0.06703720585523243,0.0007099751806927124,0.01086229281663087
2025-09-08,0.012217708936046456,0.017819932271810224,-0.0034602110648958018,-0.007747426942611213,0.002845964211908303,-0.002210250934330027,-0.0060958903093384365,0.0007994097092796082,0.0010640185433707927,0.023687512860837145
2025-09-09,0.0025081261089976437,-0.0022490218483648405,0.0051858370323651926,0.009383132413046003,-0.004985765313682222,-0.017015752245468363,-0.02134912545432721,-0.01664200051852127,0.012330612457478463,-0.004957868360786932
2025-09-10,0.011238931519304884,-0.005761909579597102,-0.0022438949606717884,0.003961324066283023,0.0,-0.010890426564470701,-0.023557538688707247,-0.012452207939239734,-0.004562211808475158,0.0006624710411209378
2025-09-11,0.0009784897234830225,0.003585630157001418,0.014070238984495553,0.006952519314881833,-0.000357079096813262,-0.02929291040392279,0.0046403795565024275,0.020389375123718523,0.010148818517115021,0.022590582549666394
2025-09-12,-0.0049350322234467114,-0.010402502784264911,-0.017358861593549157,-0.01770782523635317,-0.0025031302181184323,0.01048807865951229,-0.009302392662313697,0.007567019351486515,-0.01650028658757341,-0.004542512677963462
2025-09-15,-0.0005938438365271637,-0.004254655015708764,-0.006086446056402295,-0.007550767351916399,-0.00466535926049394,0.001303309141113651,0.0023337233462203955,0.08744717944983904,-0.0007082153270521196,-0.00849123325236345
2025-09-16,-0.010029668697711713,-0.006734032181343608,-0.012461767236537469,-0.011194591123310005,-0.0025211610689046537,0.000723327337142976,-0.006430890330290762,-0.003615210399666502,-0.00532766310778765,0.012386077513904858
2025-09-17,-0.004664256128887878,0.0012710519664835829,-0.0008834703286897394,0.00023949227751840496,-0.0010824464343941465,0.014072604438052139,0.01455629777420775,0.06485325288440169,0.0,-0.003894844261541408
2025-09-18,-0.016913836692364903,-0.016166818698862606,-0.02306762989564959,-0.022521838242898884,-0.014179477707679133,0.013596017392572435,-0.02813784695893151,-0.027448328657447618,-0.011461443519006576,0.005513229466694636
2025-09-19,6.812151515767084e-06,0.0011289413343220644,-0.003261463300545664,0.004154961372823784,-0.00403596218366209,-0.02046397971557745,0.004744967384225696,0.0043514986122490384,-0.002163722445311045,-0.0068148892664905425
2025-09-22,-0.010009257499218549,-0.01281548888350148,0.0009070295406425899,-0.0019531256208820125,-0.0029455102297566427,0.01990115431729489,-0.017910926566529817,0.004224557424362452,-0.005429877594369081,-0.009816832763457572
2025-09-23,-0.00408857528222395,-0.002533819656351355,-0.0023599902030833064,0.015278580218031301,0.007347571630394345,-0.019183536776631094,-0.018851272748543924,-0.005147667828749647,-0.006189715738620816,-0.003953876650127253
2025-09-24,-0.003751622372003993,0.0014720316691461122,0.004895304853413052,-0.005550877050019221,-0.0025655135933360107,0.005865119452398204,0.06591878360652936,0.03149656141054713,0.0010950904543918227,0.02220136894596525
2025-09-25,-0.0020826109575269314,-0.0069703837100592025,-0.0036238488652164946,-0.012174486869739098,0.0014668136109938779,0.030343668076013408,0.02047853134354094,0.03344083439655776,-0.01618277316305594,0.008680330986373885
2025-09-26,-0.0027835786936458717,-0.011171451364309526,0.002356995017383845,-0.000490075971582904,0.006574165386935338,-0.030771658666753687,-0.014747856634555578,-0.032204528950595446,0.010695289116747997,-0.018740451527817115
2025-09-29,0.017860454187940356,0.014457685015128341,0.014205039719731971,-0.0029455102297566427,-0.006207797916268021,-0.012636584004511953,0.004561011327562259,0.04364450590743374,-0.00257116762400722,0.018100041643617892
2025-09-30,-0.011615188160626566,-0.0036154517607887016,-0.016199058326596294,-0.006659292089977065,-0.0018331810816611949,0.03339564337883605,0.023609865639133698,0.011584252040352183,0.0033045743308819375,0.009563349902392382
2025-10-09,-0.005005616591808426,-0.0026376540185113484,-0.0012709942700563914,-0.0019816702051054236,0.015656609640215535,-0.005606181466598414,0.04773140282118993,0.019436742399484785,0.01274830596006371,0.08072580113752226
2025-10-10,-0.004730054375274406,-0.0035553388147402387,0.009043288253565152,-0.003726249498488432,0.0018047288782181425,-0.04234575968644538,-0.02575249610241448,-0.07059912103113763,0.004333701257118516,-0.007638109989653419
2025-10-13,-0.0075811116986379545,-0.007315686463902793,-0.007953765719784123,-0.0017436796048269088,0.0021613841267256184,-0.018050497483358185,-0.014782639848180512,-0.01969790703009444,-0.007233304593520007,-0.01635237864700123
2025-10-14,0.022173424831398947,0.01835368980131502,0.024736877026117376,0.028267827861144124,0.007171059772949739,-0.04130110798286335,0.06150026441564016,-0.04505881655657351,0.005068801583946847,-0.00330281038868252
2025-10-15,0.007538603923009646,0.0,0.02327517790939826,0.005799919593546754,-0.0021459235702767643,0.03260409709919365,0.022565059992089687,0.031076335457817628,-0.001445609214526744,0.0036025256614191647
2025-10-16,0.015548803029848735,0.00547364627924285,0.0036260075988732154,0.010308133946018927,0.008201151332756229,0.0066046472448046956,0.026521444378059034,-0.002168610229126955,0.005769940277529972,0.0008986072193719608
2025-10-17,-0.02034826373397891,-0.013699406241302725,-0.012836256040867688,-0.008141807427850978,-0.0017771463714009172,-0.02637715451266942,-0.027536157808605743,-0.02851674022077777,-0.016679139377883345,-0.010231807589776487
2025-10-20,0.0020117208365091344,-0.005051143104073397,0.010765861926559595,-0.0040958977873821745,-0.0021367529497351434,0.0004607233437861069,-0.03302673751788676,0.023074549918092657,0.004377971239192036,-0.021401000202587284
2025-10-21,0.002965562633507446,0.0004979666465256827,0.0031039859375905365,0.013429458425048502,-0.005003584420474549,0.013269469468115247,-0.0026267417257179737,0.0253246292434266,-0.0021865897924877586,0.0067755109836085126
2025-10-22,-0.0024375559834419747,-0.003490985176163086,0.0022357907671040067,-0.0007148814792712344,0.004647014618158529,-0.011275450861250924,-0.012705305901920205,-0.008120136502816955,-0.005854389205441457,0.026950912049335862
2025-10-23,0.00634167801128438,0.010189376977844056,0.009233991740623892,0.006889206484790744,0.006753180099008382,-0.0018404913170870785,0.014282178764801756,0.009582222228815773,0.004394001943334835,-0.0011958147912278783
2025-10-24,-0.012323749688832208,-0.008608612057800613,-0.014919251260985256,-0.006889206484790744,-0.0014179371393767681,0.005511342793119489,-0.010559760215002267,0.024456100654325574,-0.0032936900773266053,-0.004196648845073536
2025-10-27,-0.006635761148030994,0.0,-0.002248552361379552,-0.008618679158395093,0.003894499523170669,0.02279171934387314,0.01160962907783869,0.0010622450639354852,0.004754077339433227,0.018157962799470795
2025-10-28,0.003181526279943725,-0.0015807649200434426,0.00017314518266697831,0.00024041351239745268,0.005637788012514466,-0.051913975664081846,-0.008429976160459152,0.0007765382317588276,-0.0051207134571975566,-0.027513697254951897
2025-10-29,-0.009107087866571995,-0.010630828784003121,0.020393132398809577,-0.02015365043605577,-0.005991207348230443,0.006267648220719124,0.09531017980432477,0.03438442686183052,-0.0033057881344995543,0.011156455230180384
2025-10-30,-0.003610112224100348,-0.003034136335267057,-0.005102051883895342,0.0104917395243187,0.006342515976470509,-0.017967386420766118,0.03404584140971734,-0.004284163939051844,0.006600684031352166,-0.0039056681764839674
2025-10-31,0.0022893157806347375,0.004379692000394897,-0.01407990292935768,-0.007552721978929977,-0.013081324950246387,0.019995942940694178,-0.01877108141940953,-0.024192474053497115,0.0018258175603449445,-0.010591716509021243
2025-11-03,0.0034834119572266786,-8.404420730290241e-05,0.008265933063937858,0.021771542083273143,0.0074455227841081495,-0.011760229618465345,0.03032656012751289,-0.004925038641481194,0.001458257640845062,-0.008248099303465928
2025-11-04,-0.004189950263854492,-0.015414889800227094,0.010746372075483457,0.028775570335820788,0.010191618701998806,-0.023620632161708066,-0.019021682313108634,-0.02065860021591348,-0.013940064329329704,-0.025160513449950628
2025-11-05,-0.00626169089331885,-0.008399809395146285,-0.010574889609145544,-0.004894544207893592,-0.006313595156852259,0.0006457862671958026,0.023149181866965574,0.025403567600139176,0.006627417483043185,-0.009164229091124021
2025-11-06,0.01054222938843008,-8.607703900231911e-05,0.009896002957137995,-0.010805836881031983,0.0028109646056502235,0.007396721293965847,-0.003668046295143057,0.015267472130788384,-0.0011015238859330978,0.009478743954543845
2025-11-07,-0.001255028995534424,0.004980261023622923,-0.0001697937010609607,0.004007076663979703,0.0007015082714905141,-0.013548594346278975,0.029866473285661055,0.0017467253349421341,0.0025683374969269757,-0.013614267583544226
2025-11-10,0.02001013018838904,0.03410138895170789,0.006938009047200211,0.004927852281240597,0.00035056967931312855,0.004051541074122866,0.01636118742827808,-0.02785223891406563,0.03528083698525197,0.013928683558465771
2025-11-11,-0.002266123128132236,-0.00016557662095983972,-0.0016877641137194033,0.005602255548669888,0.0031496089028961727,-0.012531696263745395,-0.01591545530589933,0.0028307663265483285,0.0028258584682623322,-0.0028333089944054812
2025-11-12,0.004213210798560851,-0.00331730276012987,0.0139228953737911,-0.0006985679641400289,-0.0003494670662860244,0.016889001632701017,-0.07637297878457439,0.002020778428017067,0.004575056370013542,-0.009184545957170887
2025-11-13,0.0035632444796336316,0.00678866751558882,0.014060276289678875,0.0065010677073726875,-0.0059597021269786055,0.02323835272908248,0.024234970845458115,0.0729019180606647,0.00350508595794663,0.008238322893353356
2025-11-14,-0.00941591798408048,-0.008201860319051235,-0.0037850781633714803,0.0009252834340465199,-0.0035223706725058257,-0.01043817796212032,0.02686590483840101,-0.02801139566554056,-0.008080142327960171,-0.012063638364515405
2025-11-17,0.00983748881762292,-0.0004992511336840977,-0.013612427988118903,-0.013969959440200519,-0.006371702972692628,-0.017642799242749696,-0.008721652714997585,-0.03356712177316634,0.007730186068920286,-0.027523187871298482
2025-11-18,0.0033932845589799143,0.0017462895793665112,-0.003516119152014774,0.00537824282485877,-0.0003551767041423126,-0.0003236769732097855,-0.02521141934649629,-0.01490140749858071,0.032710783489590334,0.008825028675377489
2025-11-19,-0.0033864864855539523,-0.003912596042282779,0.01250120455840964,0.007897834316193286,0.002837887679698614,-0.010904168583611096,0.002361276185680161,0.015719947473684215,0.002030457550381559,-0.010139089311246519
2025-11-20,-0.0026547603845452628,0.002998253266308204,-0.0028199404935591588,0.0002313476008004578,-0.003193190579154681,-0.007885698823185017,-0.05328136661293659,-0.03039858201434864,-0.006103782938017499,-0.006265478039779726
2025-11-21,-0.0003476826306192393,-0.004751394759702876,-0.02166149678117968,-0.005334582985978109,0.0007104796035983796,-0.01881350753205524,-0.06473754591681313,-0.025061694108850396,-0.010256500167189042,-0.0136554994547744
2025-11-24,-0.010004880274958161,-0.009739791520803287,-0.008694965699414858,-0.008641884916443576,0.0010647738361795334,0.019308189708850954,-0.004255325570138524,0.0014853827590979307,-0.006550618149192111,0.0013404827744518677
2025-11-25,-0.005074838709758112,-8.437750500700503e-05,0.018156093884321045,0.01443900260076969,-0.005691939949324265,0.003620211292995279,0.011658849603703114,0.004872739850921626,0.00861035111220243,0.004344200649873287
2025-11-26,0.0031100999566451293,-0.0021117548076734494,0.00519917313728957,0.0,-0.003216011347880965,0.024019330636145142,-0.008997149868842591,0.0012346011928103806,0.000685635954182473,-0.003005512364277152
2025-11-27,-0.0012774259880696803,-0.0027095698203254415,-0.007387541993115754,-0.0013882464052787924,0.0053542872873362235,-0.004339098812773834,-0.012302909927246919,-0.004354728529054164,-0.004465059796719295,-0.005701843386634042
2025-11-28,0.00220857291790022,-0.0007633911902180657,-0.005915676847692453,-0.005572338542345179,-0.003923671878816926,-0.00016106950183836233,-0.0005383580210778227,0.0053734680611432495,0.011295687447810732,0.00970718919530933
2025-12-01,-0.0017250306157974293,-0.0016985142087682092,-0.00612142703885965,0.011344027195415496,0.003211421136455783,-0.0022577013299063253,0.009646377051805377,0.025842188157858992,0.0017003914996500669,0.0184823742956004
2025-12-02,-0.008300932190810961,-0.009222164241631248,0.002895343928456917,-0.00138217022695164,0.006745986882590316,-0.013327029686792002,-0.023746393730000648,-0.007574900252381944,-0.0027220159712757486,-0.001963994084659859
2025-12-03,-0.004837486267101454,-0.008355994693463487,-0.007682496172016329,-0.008565858603083676,0.00035379444911765034,-0.0024572049385405137,-0.0159651065062274,-0.010579870162790606,-0.002729445570310851,-0.005915232495870004
2025-12-04,-0.0035891075582794585,-0.009997909839701613,0.0034217313111613024,0.0048707042830953284,-0.0010617590804575805,0.004581909505112058,-0.006123036107571256,0.019146523289028217,-0.00961215777023039,0.00032954358512116144
2025-12-05,0.004225669307025726,0.004446195372193706,0.05709199167010226,0.005307500632661277,-0.006038022251250386,0.006022643743684775,0.006123036107571256,0.014862269321240795,-0.0024175456430004516,-0.009268520505069766
2025-12-08,-0.008278873082733895,-0.01480989255814702,0.02249077972935165,-0.006233426624739913,-0.00715054887993416,0.013539858686411499,0.003324102783838434,0.008725857896318523,-0.0027700848738154704,0.011900966908442001
2025-12-09,-0.012209159083484522,-0.021325813771029267,-0.015097624871593496,-0.0032475092331325506,0.0035816657200116175,0.009877410239904627,0.006615239118719529,-0.012588457332273428,-0.0027777795639023495,-0.01456497114796207
2025-12-10,0.0012768341957460905,0.0066517099186942374,0.001600000341333896,-0.03162878704877281,-0.0028643055744708157,0.004744592167937434,0.0,-0.013533201335931722,-0.006978395381462388,0.00033338890123779663
2025-12-11,0.006529817609111532,0.0025053699575927624,-0.0003197953337137349,-0.00047973135964474167,-0.001076233287737871,0.0003155071804048504,-0.017738824337381498,0.01713875779288543,-0.0059701669865037665,-0.020202707317519497
2025-12-12,0.0061144564650854605,-0.0026845653706697448,0.021829402082984117,0.0014385042039433138,0.006440093814729764,-0.0018945379837811416,0.01718922278466284,0.0071978691632974545,0.0108601522806957,0.0077926872408378145
2025-12-15,0.003758808634021449,0.007587628458114004,0.048410093292817535,0.0014364378816558165,0.0,-0.030485274267808116,-0.010500234633866512,-0.016210312507056734,0.004519388884735243,-0.020802114129431892
2025-12-16,-0.0028089906110553287,0.004879140307016527,-0.0011933175640423954,-0.0023952107259543887,-0.002499554952521077,-0.03700745876719491,-0.03045920748470854,-0.018562929113538296,0.004153692368693562,-0.01143661746276825
2025-12-17,0.007775598700839659,0.0035335725813112617,0.015550109706508941,-0.004325889947122796,-0.0017892293196966058,0.0192555133087442,0.01816167967430271,0.01315273020205776,-0.0034602110648958018,0.013158084577510998
2025-12-18,-0.0014664295075750289,-0.0265395552346126,0.006591016170705011,0.02026532578083451,0.005714301263438415,-0.004987541511039417,-0.004509590505975325,-0.030237139818757086,0.004150818827150626,-0.0017214671147427474
2025-12-19,-0.014783796184236309,0.0009051412638241274,0.0036429912785012064,-0.009009069942365944,-0.008224612784317298,0.01406725721143598,0.021241715384246795,0.00536194314138605,0.0072227313133805815,0.005840937409981706
2025-12-22,-0.0012348046107089061,-0.0018111025506488687,-0.0030592201002184183,-0.005253116187017959,-0.011193473072784066,0.0013138448268668057,0.001657916931292025,-0.005792143191040822,-0.002745368917192792,-0.0013712720695222558
2025-12-23,-0.0002840788053708465,-0.005544208702811915,0.013765340879773547,0.003346083427896218,0.006514681021193347,0.01417770020324216,-0.004982019715130459,0.016695056673396103,-0.005859055189403328,-0.0003431120294425938
2025-12-24,-0.004955933754065889,-0.004018270246922917,-0.006641664610851805,-0.0019106764828729084,-0.002890175422233021,-0.009266098973782277,0.006085772586567728,-0.006633963562779677,-0.0017298049634182355,0.006499082222300778
2025-12-25,0.009427899336190926,0.012006693265754542,0.02531780798428951,-0.0011960293256874088,0.0,0.0027725696632332486,0.007692345623155905,-0.00691951839819005,0.011019395249610486,0.010176478596114258
2025-12-26,-2.8285542553518894e-05,-0.007441725966491397,0.005071862097961066,-0.001916627323663711,0.0,-0.00555284784636445,0.04023068672732899,0.0037996406625540047,-0.0034305350967889225,0.006391947751118732
2025-12-29,-0.008614712401170621,-0.0157917347058234,-0.018151377531778756,0.004068451226296066,-0.004350985834326249,-0.009048346672502205,-0.016967533256703415,-0.013768469850403697,-0.007935180502603334,-0.007404948006577872
2025-12-30,-0.008797500610248754,-0.0064989551925478395,-0.015575740326558396,0.009744580970984629,-0.007293978362553855,-0.005468569432330206,-0.014001305732092906,-0.0002978971193714486,-0.006254363681569952,0.00841047850859633
2025-12-31,-0.009064357844361659,-0.013314777106991471,-0.0058309203107924645,-0.004266420313701058,-0.004769776058209718,-0.01018797956130335,-0.01310062404569834,-0.005268458537663001,-0.0031419121674667316,-0.0003350645030506527
